match,team,player,type,situation,time_seconds,start_coord_x,start_coord_y,start_coord_z,goal_coord_x,goal_coord_y,goal_coord_z,block_coord_x,block_coord_y,block_coord_z
13981431,Sassuolo,Daniel Boloca,miss,fast-break,5614,15.3,46.2,0,0,42.5,93.1,,,
13981431,Napoli,Frank Anguissa,miss,assisted,5478,15.1,54.8,0,0,42.0,62.5,,,
13981431,Sassuolo,Andrea Pinamonti,miss,fast-break,5250,25.8,49.3,0,0,35.6,87.5,,,
13981431,Sassuolo,Alieu Fadera,block,fast-break,4999,7.0,31.2,0,0,52.3,19.0,5.9,33.7,0.0
13981431,Sassuolo,Daniel Boloca,miss,assisted,4283,23.1,33.1,0,0,30.4,40.3,,,
13981431,Sassuolo,Tarik Muharemović,save,assisted,3879,26.8,35.4,0,0,50.4,13.9,2.4,48.9,0.0
13981431,Napoli,Matteo Politano,block,assisted,3822,25.4,60.0,0,0,53.0,19.0,22.8,58.7,0.0
13981431,Napoli,Lorenzo Lucca,block,assisted,3555,19.8,62.3,0,0,47.0,19.0,16.7,60.8,0.0
13981431,Napoli,Kevin De Bruyne,goal,free-kick,3388,18.4,4.1,0,0,46.1,21.5,,,
13981431,Napoli,Lorenzo Lucca,save,regular,3273,3.5,47.7,0,0,46.6,3.2,0.7,49.3,0.0
13981431,Napoli,Matteo Politano,block,assisted,3271,13.6,50.8,0,0,49.7,19.0,11.4,50.7,0.0
13981431,Sassuolo,Domenico Berardi,miss,regular,3139,9.6,27.7,0,0,42.4,22.2,,,
13981431,Napoli,Kevin De Bruyne,block,free-kick,2981,25.7,42.9,0,0,47.9,19.0,16.4,46.2,0.0
13981431,Napoli,Scott McTominay,post,regular,2747,21.5,44.0,0,0,47.7,38.6,,,
13981431,Sassuolo,Josh Doig,save,fast-break,2542,13.6,19.5,0,0,47.7,3.8,1.5,47.1,0.0
13981431,Napoli,Scott McTominay,save,regular,1286,26.4,45.7,0,0,48.5,2.5,2.7,49.8,0.0
13981431,Napoli,Scott McTominay,goal,assisted,970,8.4,55.5,0,0,46.4,23.4,,,
13981431,Napoli,Matteo Politano,block,assisted,858,15.9,70.6,0,0,50.6,19.0,13.4,67.3,0.0
13981431,Napoli,Amir Rrahmani,miss,corner,699,8.6,40.9,0,0,38.0,5.6,,,
13981431,Napoli,Kevin De Bruyne,miss,regular,26,14.9,50.8,0,0,50.1,77.8,,,
13981422,Genoa,Nicolae Stanciu,miss,free-kick,4882,18.7,70.9,0,0,43.9,26.4,,,
13981422,Genoa,Aarón Martín,save,regular,3853,18.9,27.4,0,0,52.6,19.0,1.6,47.5,0.0
13981422,Lecce,Tete Morente,miss,corner,3372,9.5,54.0,0,0,37.5,11.1,,,
13981422,Genoa,Nicolae Stanciu,block,assisted,3111,24.8,60.3,0,0,51.0,19.0,22.0,59.0,0.0
13981422,Lecce,Francesco Camarda,miss,assisted,2752,10.4,41.3,0,0,11.9,8.3,1.0,72.0,0.0
13981422,Genoa,Valentín Carboni,save,assisted,2470,15.5,52.7,0,0,54.2,1.3,1.0,50.0,0.0
13981422,Lecce,Antonino Gallo,miss,assisted,2078,4.4,33.7,0,0,0.7,11.1,3.8,100.0,0.0
13981422,Genoa,Nicolae Stanciu,miss,fast-break,1899,10.2,35.8,0,0,40.7,70.8,,,
13981422,Lecce,Lameck Banda,block,assisted,1636,20.7,27.1,0,0,52.1,19.0,17.9,30.0,0.0
13981422,Lecce,Danilo Veiga,block,corner,280,5.2,37.4,0,0,50.3,19.0,2.9,42.8,0.0
13981422,Lecce,Tete Morente,block,regular,231,11.9,37.8,0,0,48.0,19.0,7.0,43.7,0.0
13981422,Lecce,Tete Morente,block,regular,20,24.3,50.3,0,0,50.6,19.0,21.1,50.2,0.0
13981439,Milan,Alexis Saelemaekers,block,corner,5592,2.1,60.1,0,0,45.8,19.0,1.4,58.1,0.0
13981439,Milan,Santiago Giménez,save,corner,5591,3.8,51.9,0,0,48.1,19.0,1.9,51.9,0.0
13981439,Milan,Alexis Saelemaekers,block,assisted,5524,12.3,65.6,0,0,49.0,19.0,10.9,63.9,0.0
13981439,Milan,Ruben Loftus-Cheek,block,assisted,5514,4.2,44.4,0,0,50.7,19.0,3.5,45.2,0.0
13981439,Milan,Ardon Jashari,block,assisted,5460,24.3,37.7,0,0,48.5,19.0,20.5,39.9,0.0
13981439,Milan,Ruben Loftus-Cheek,miss,assisted,4742,12.6,59.1,0,0,42.4,9.7,,,
13981439,Milan,Christian Pulišić,miss,assisted,3780,13.8,35.6,0,0,40.5,43.1,,,
13981439,Cremonese,Federico Bonazzoli,goal,assisted,3634,10.5,56.8,0,0,46.8,14.6,,,
13981439,Milan,Youssouf Fofana,miss,assisted,3320,18.5,48.5,0,0,45.2,81.9,,,
13981439,Milan,Matteo Gabbia,block,corner,3218,4.0,42.5,0,0,52.5,19.0,3.2,43.5,0.0
13981439,Milan,Youssouf Fofana,save,assisted,3185,14.2,47.4,0,0,52.2,4.4,0.90000000000001,51.3,0.0
13981439,Milan,Christian Pulišić,save,corner,3138,17.6,45.6,0,0,48.7,2.5,1.4,49.1,0.0
13981439,Milan,Luka Modrić,save,assisted,3107,23.1,51.5,0,0,49.3,31.0,0.90000000000001,51.8,0.0
13981439,Milan,Youssouf Fofana,miss,assisted,3008,24.3,43.8,0,0,39.3,68.1,,,
13981439,Milan,Santiago Giménez,miss,regular,2897,4.2,65.2,0,0,41.7,65.3,,,
13981439,Milan,Fikayo Tomori,save,assisted,2783,10.5,64.6,0,0,51.3,5.7,1.2,53.6,0.0
13981439,Milan,Strahinja Pavlović,goal,assisted,2758,5.4,55.0,0,0,47.3,18.4,,,
13981439,Milan,Santiago Giménez,miss,corner,2609,8.6,63.4,0,0,62.4,26.4,,,
13981439,Cremonese,Federico Baschirotto,goal,corner,1638,9.5,46.2,0,0,53.1,21.5,,,
13981439,Milan,Ruben Loftus-Cheek,miss,assisted,1533,11.3,62.8,0,0,74.8,5.6,,,
13981439,Cremonese,Giuseppe Pezzella,miss,assisted,1416,9.1,27.8,0,0,58.3,11.1,,,
13981439,Cremonese,Federico Bonazzoli,save,assisted,1329,12.2,68.3,0,0,45.8,13.9,1.2,52.3,0.0
13981439,Milan,Youssouf Fofana,block,assisted,1297,18.4,53.0,0,0,48.8,19.0,9.7,52.2,0.0
13981439,Milan,Ruben Loftus-Cheek,block,assisted,983,10.6,56.7,0,0,49.8,19.0,7.3,54.7,0.0
13981439,Milan,Pervis Estupiñán,miss,corner,950,29.1,58.7,0,0,42.0,8.3,,,
13981439,Milan,Luka Modrić,block,assisted,869,25.4,51.5,0,0,51.8,19.0,20.8,50.9,0.0
13981439,Milan,Matteo Gabbia,miss,corner,298,7.5,61.0,0,0,59.7,8.3,2.9,50.2,0.0
13981439,Milan,Santiago Giménez,block,assisted,232,11.3,64.6,0,0,53.4,19.0,9.2,61.2,0.0
13981428,Roma,Paulo Dybala,block,assisted,5478,12.5,39.9,0,0,51.0,19.0,9.0,42.4,0.0
13981428,Bologna,Santiago Castro,miss,set-piece,5420,7.5,48.5,0,0,34.6,4.2,,,
13981428,Bologna,Riccardo Orsolini,miss,fast-break,4912,20.2,41.0,0,0,38.3,5.6,,,
13981428,Bologna,Riccardo Orsolini,miss,corner,4831,13.6,57.9,0,0,55.3,68.1,,,
13981428,Bologna,Federico Bernardeschi,block,assisted,4799,15.0,55.6,0,0,52.2,19.0,11.9,54.0,0.0
13981428,Roma,Paulo Dybala,save,assisted,4503,16.6,59.4,0,0,52.9,13.9,2.3,51.6,0.0
13981428,Bologna,Tommaso Pobega,miss,set-piece,4050,23.1,61.7,0,0,39.5,18.1,11.6,63.9,0.0
13981428,Roma,Matías Soulé,miss,fast-break,3942,18.2,64.6,0,0,58.0,90.3,,,
13981428,Bologna,Santiago Castro,miss,assisted,3782,9.5,43.9,0,0,53.8,81.9,,,
13981428,Roma,Manu Koné,miss,fast-break,3721,9.5,45.4,0,0,57.6,5.6,,,
13981428,Roma,Stephan El Shaarawy,miss,regular,3370,30.0,49.3,0,0,40.0,4.2,15.0,55.4,0.0
13981428,Bologna,Riccardo Orsolini,save,assisted,3319,12.0,74.7,0,0,49.9,19.6,1.2,53.4,0.0
13981428,Roma,Wesley,goal,regular,3128,8.0,64.0,0,0,53.5,3.2,,,
13981428,Bologna,Santiago Castro,post,assisted,2837,13.2,85.7,0,0,52.2,39.9,,,
13981428,Roma,Wesley,miss,fast-break,2787,20.1,67.6,0,0,70.4,6.9,,,
13981428,Bologna,Santiago Castro,miss,assisted,2592,20.3,67.3,0,0,49.2,69.4,,,
13981428,Roma,Wesley,miss,assisted,2261,23.5,57.9,0,0,57.1,5.6,,,
13981428,Bologna,Jens Odgaard,save,assisted,1672,13.0,67.3,0,0,54.3,1.3,1.6,52.9,0.0
13981428,Roma,Stephan El Shaarawy,miss,set-piece,1343,13.1,29.9,0,0,39.8,73.6,,,
13981428,Roma,Bryan Cristante,post,set-piece,1338,9.4,55.4,0,0,55.3,12.0,,,
13981428,Roma,Evan Ferguson,miss,assisted,904,14.2,55.6,0,0,57.6,9.7,,,
13981428,Roma,Matías Soulé,miss,regular,766,24.6,70.4,0,0,79.2,11.1,11.5,46.9,0.0
13981428,Roma,Evan Ferguson,save,assisted,654,18.5,53.9,0,0,47.3,16.5,3.8,51.3,0.0
13981428,Roma,Evan Ferguson,save,regular,280,3.4,32.4,0,0,48.7,3.2,0.5,44.8,0.0
13981425,Cagliari,Sebastiano Luperto,goal,set-piece,5599,8.6,46.8,0,0,53.1,7.0,,,
13981425,Cagliari,Gabriele Zappa,miss,set-piece,5413,9.5,54.1,0,0,40.8,15.3,,,
13981425,Cagliari,Zito Luvumbo,miss,assisted,5083,11.4,66.7,0,0,35.5,16.7,,,
13981425,Fiorentina,Jacopo Fazzini,block,assisted,5032,24.2,61.5,0,0,50.9,19.0,11.6,55.1,0.0
13981425,Cagliari,Zito Luvumbo,save,fast-break,4962,14.7,68.4,0,0,51.6,3.2,0.90000000000001,52.5,0.0
13981425,Cagliari,Gianluca Gaetano,save,assisted,4934,15.1,65.3,0,0,52.2,5.7,1.4,53.6,0.0
13981425,Cagliari,Gianluca Gaetano,block,free-kick,4804,18.9,65.0,0,0,51.1,16.7,10.1,57.9,0.0
13981425,Fiorentina,Moise Kean,miss,corner,4519,2.4,52.8,0,0,48.4,76.4,,,
13981425,Fiorentina,Rolando Mandragora,goal,assisted,4048,7.6,51.6,0,0,53.2,16.5,,,
13981425,Cagliari,Zito Luvumbo,save,fast-break,3948,15.0,52.5,0,0,51.2,5.1,2.2,50.9,0.0
13981425,Cagliari,Michael Folorunsho,miss,set-piece,3835,28.5,39.1,0,0,60.2,4.2,,,
13981425,Cagliari,Gennaro Borrelli,miss,set-piece,3315,4.1,43.3,0,0,58.8,6.9,,,
13981425,Fiorentina,Nicolò Fagioli,miss,regular,2872,22.9,46.7,0,0,39.8,27.8,13.4,50.5,0.0
13981425,Cagliari,Yerry Mina,miss,assisted,2655,28.1,76.4,0,0,44.7,86.1,,,
13981425,Cagliari,Sebastiano Esposito,miss,regular,2221,12.6,30.7,0,0,36.6,94.4,,,
13981425,Cagliari,Michael Folorunsho,save,corner,1274,6.3,58.2,0,0,52.4,6.9,0.099999999999994,49.3,0.0
13981425,Cagliari,Sebastiano Esposito,miss,assisted,1135,19.4,72.0,0,0,72.9,84.7,,,
13981425,Cagliari,Gennaro Borrelli,save,corner,798,8.7,42.4,0,0,49.2,22.2,0.90000000000001,48.4,0.0
13981438,Udinese,Hassane Kamara,miss,assisted,5574,9.8,26.6,0,0,50.1,70.8,,,
13981438,Udinese,Oumar Solet,block,assisted,5265,19.5,42.5,0,0,50.9,19.0,17.6,43.1,0.0
13981438,Udinese,Hassane Kamara,miss,set-piece,5172,24.7,21.6,0,0,62.0,76.4,,,
13981438,Udinese,Hassane Kamara,post,regular,4953,9.7,29.7,0,0,53.6,38.6,,,
13981438,Hellas Verona,Suat Serdar,goal,corner,4350,3.5,51.3,0,0,50.0,5.7,,,
13981438,Hellas Verona,Giovane,miss,corner,4349,8.0,37.4,0,0,39.0,5.6,2.2,50.5,0.0
13981438,Udinese,Keinan Davis,save,corner,3788,8.0,57.7,0,0,48.7,13.9,0.5,51.8,0.0
13981438,Udinese,Oier Zarraga,block,assisted,3742,23.8,73.0,0,0,48.9,19.0,21.4,70.8,0.0
13981438,Hellas Verona,Amin Sarr,block,assisted,3541,20.1,34.8,0,0,45.8,19.0,16.7,38.1,0.0
13981438,Udinese,Sandi Lovrić,miss,assisted,3388,13.2,61.7,0,0,61.7,75.0,,,
13981438,Udinese,Thomas Kristensen,goal,corner,3147,4.6,50.1,0,0,51.3,8.2,,,
13981438,Hellas Verona,Giovane,post,assisted,3060,17.9,70.9,0,0,47.8,39.2,,,
13981438,Hellas Verona,Giovane,save,regular,2948,21.5,40.5,0,0,53.2,23.4,1.6,50.2,0.0
13981438,Hellas Verona,Martin Frese,miss,free-kick,2865,29.3,42.7,0,0,50.4,56.9,,,
13981438,Udinese,Keinan Davis,miss,assisted,2664,14.1,46.6,0,0,54.8,69.4,,,
13981438,Udinese,Thomas Kristensen,block,throw-in-set-piece,2613,22.6,51.1,0,0,49.0,19.0,17.7,51.1,0.0
13981438,Hellas Verona,Giovane,save,assisted,2428,24.1,60.3,0,0,52.0,2.5,1.5,51.4,0.0
13981438,Hellas Verona,Antoine Bernede,miss,assisted,2333,25.3,63.8,0,0,58.2,59.7,,,
13981438,Udinese,Keinan Davis,save,regular,2173,12.0,39.0,0,0,52.2,14.6,1.0,48.7,0.0
13981438,Udinese,Oumar Solet,block,assisted,1727,26.9,48.3,0,0,50.6,19.0,25.1,48.4,0.0
13981438,Udinese,Jordan Zemura,miss,assisted,1295,11.3,37.4,0,0,43.2,84.7,,,
13981438,Udinese,Arthur Atta,save,assisted,919,24.7,22.1,0,0,52.6,5.1,0.90000000000001,49.8,0.0
13981438,Hellas Verona,Domagoj Bradarić,block,regular,68,24.7,39.7,0,0,48.9,19.0,12.9,45.1,0.0
13981444,Pisa,Idrissa Touré,block,assisted,5507,20.3,65.8,0,0,50.8,19.0,18.6,64.4,0.0
13981444,Pisa,Michel Aebischer,block,assisted,5311,14.2,68.7,0,0,49.3,19.0,11.0,64.6,0.0
13981444,Pisa,Ebenezer Akinsanmiro,block,regular,4928,28.5,48.1,0,0,51.5,19.0,22.1,48.2,0.0
13981444,Atalanta,Nicola Zalewski,miss,corner,4197,28.1,46.2,0,0,57.5,23.6,,,
13981444,Atalanta,Charles De Ketelaere,miss,corner,4191,9.7,60.9,0,0,61.8,4.2,7.5,52.2,0.0
13981444,Atalanta,Daniel Maldini,save,regular,4158,11.4,39.5,0,0,48.7,9.5,5.3,44.9,0.0
13981444,Atalanta,Gianluca Scamacca,miss,assisted,4007,9.8,59.3,0,0,98.8,11.1,6.3,6.1,0.0
13981444,Atalanta,Gianluca Scamacca,save,assisted,3801,9.2,41.9,0,0,51.0,25.9,1.8,47.8,0.0
13981444,Atalanta,Marten de Roon,block,corner,3790,24.8,46.5,0,0,49.3,19.0,11.6,48.7,0.0
13981444,Atalanta,Raoul Bellanova,save,assisted,3755,4.9,58.3,0,0,49.4,33.5,0.7,52.5,0.0
13981444,Pisa,Antonio Caracciolo,miss,set-piece,3613,4.3,67.5,0,0,35.8,34.7,,,
13981444,Pisa,Idrissa Touré,miss,set-piece,3611,8.8,53.0,0,0,28.4,4.2,2.9,65.0,0.0
13981444,Atalanta,Daniel Maldini,miss,assisted,3500,25.4,41.2,0,0,45.0,81.9,,,
13981444,Atalanta,Gianluca Scamacca,post,assisted,3447,6.3,53.4,0,0,51.4,39.9,,,
13981444,Atalanta,Berat Djimsiti,miss,regular,3369,8.5,40.9,0,0,49.2,97.2,,,
13981444,Atalanta,Gianluca Scamacca,save,assisted,3309,11.0,37.0,0,0,50.3,3.8,1.8,46.7,0.0
13981444,Atalanta,Gianluca Scamacca,goal,assisted,2985,12.5,36.6,0,0,45.5,5.7,,,
13981444,Atalanta,Gianluca Scamacca,miss,assisted,2897,18.4,33.6,0,0,44.9,75.0,,,
13981444,Pisa,Idrissa Touré,miss,corner,2364,5.1,44.2,0,0,74.1,19.4,,,
13981444,Pisa,Stefano Moreo,save,assisted,2323,5.2,52.6,0,0,49.5,27.2,1.0,50.9,0.0
13981444,Atalanta,Raoul Bellanova,miss,assisted,2173,5.1,62.4,0,0,42.9,37.5,,,
13981444,Atalanta,Raoul Bellanova,block,corner,1799,22.8,63.4,0,0,48.7,19.0,15.3,59.4,0.0
13981444,Atalanta,Charles De Ketelaere,block,fast-break,1771,11.3,69.7,0,0,48.5,19.0,9.9,67.5,0.0
13981444,Pisa,Isak Hien,goal,regular,1506,2.4,50.6,0,0,50.2,3.2,,,
13981444,Pisa,Stefano Moreo,miss,assisted,1504,7.9,58.7,0,0,81.8,8.3,3.8,37.5,0.0
13981444,Atalanta,Gianluca Scamacca,save,corner,1479,7.0,47.7,0,0,51.7,34.2,1.0,49.5,0.0
13981444,Atalanta,Daniel Maldini,miss,corner,998,24.7,32.7,0,0,44.7,83.3,,,
13981444,Pisa,Michel Aebischer,miss,regular,926,25.8,64.0,0,0,71.9,15.3,,,
13981444,Atalanta,Giorgio Scalvini,miss,assisted,813,14.4,57.4,0,0,37.5,13.9,,,
13981444,Pisa,Matteo Tramoni,save,assisted,683,15.4,36.8,0,0,48.4,4.4,1.5,47.5,0.0
13981444,Pisa,Samuele Angori,miss,assisted,395,29.0,43.9,0,0,61.2,87.5,,,
13981444,Atalanta,Charles De Ketelaere,miss,corner,179,15.0,53.4,0,0,40.2,12.5,,,
13981444,Atalanta,Marten de Roon,miss,corner,178,18.7,46.8,0,0,20.3,1.4,14.5,53.4,0.0
13981423,Lazio,Mario Gila Fuentes,miss,set-piece,5594,8.6,56.0,0,0,41.3,9.7,,,
13981423,Como,Maxence Caqueret,miss,corner,5473,20.4,38.7,0,0,57.3,73.6,,,
13981423,Lazio,Pedro,block,regular,4991,33.8,91.1,0,0,51.3,19.0,32.3,89.2,0.0
13981423,Como,Lucas Da Cunha,save,assisted,4911,23.1,60.8,0,0,53.7,10.1,1.5,51.1,0.0
13981423,Como,Mërgim Vojvoda,save,assisted,4782,27.9,50.3,0,0,50.3,5.7,2.5,49.6,0.0
13981423,Como,Máximo Perrone,miss,regular,4579,10.6,36.2,0,0,52.3,47.2,,,
13981423,Como,Mërgim Vojvoda,post,assisted,4576,10.4,60.8,0,0,52.7,40.5,,,
13981423,Como,Nico Paz,goal,free-kick,4330,24.7,35.8,0,0,53.8,31.6,,,
13981423,Como,Álvaro Morata,miss,assisted,4210,27.4,43.6,0,0,39.7,33.3,,,
13981423,Como,Jacobo Ramón,miss,assisted,3697,10.4,67.1,0,0,45.4,58.3,,,
13981423,Como,Mërgim Vojvoda,miss,assisted,3491,13.5,29.0,0,0,50.4,55.6,,,
13981423,Como,Lucas Da Cunha,miss,regular,3110,20.0,35.6,0,0,57.3,29.2,,,
13981423,Como,Anastasios Douvikas,goal,assisted,2789,13.8,64.2,0,0,52.1,29.7,,,
13981423,Lazio,Matteo Cancellieri,miss,assisted,2739,24.1,61.7,0,0,58.2,8.3,,,
13981423,Como,Nico Paz,save,assisted,2204,15.1,66.4,0,0,48.7,1.3,1.8,53.1,0.0
13981423,Lazio,Mattéo Guendouzi,save,assisted,2069,10.8,56.5,0,0,49.0,3.2,1.5,52.5,0.0
13981423,Como,Marc-Oliver Kempf,miss,set-piece,1850,3.2,46.0,0,0,56.8,58.3,,,
13981423,Como,Nico Paz,miss,assisted,1608,13.3,31.0,0,0,58.2,34.7,,,
13981423,Como,Mërgim Vojvoda,save,assisted,1369,15.8,37.2,0,0,46.2,22.8,2.8,48.0,0.0
13981423,Como,Jesús Rodriguez,miss,assisted,1206,7.7,39.4,0,0,57.1,11.1,,,
13981423,Como,Jacobo Ramón,miss,assisted,883,10.0,71.1,0,0,58.5,77.8,,,
13981423,Lazio,Nuno Tavares,miss,assisted,715,14.5,22.8,0,0,47.2,72.2,,,
13981423,Como,Nico Paz,miss,corner,275,19.0,40.0,0,0,59.8,79.2,,,
13981423,Como,Anastasios Douvikas,block,fast-break,238,8.8,35.8,0,0,51.4,19.0,7.5,37.7,0.0
13981424,Parma,Nahuel Estévez,block,corner,5609,22.7,52.8,0,0,52.1,19.0,18.9,52.0,0.0
13981424,Parma,Milan Đurić,miss,corner,5606,5.8,58.1,0,0,70.8,6.9,3.1,47.7,0.0
13981424,Parma,Adrián Bernabé,save,corner,5236,28.2,34.6,0,0,47.7,22.2,2.4,48.6,0.0
13981424,Parma,Mandela Keita,miss,assisted,5106,27.5,44.6,0,0,54.3,62.5,,,
13981424,Juventus,Dušan Vlahović,goal,fast-break,5014,7.1,48.4,0,0,54.2,9.5,,,
13981424,Juventus,Nicolás González,miss,corner,4827,4.0,43.3,0,0,60.3,15.3,,,
13981424,Juventus,Kenan Yıldız,save,assisted,4720,20.6,64.2,0,0,46.7,10.8,1.9,52.7,0.0
13981424,Parma,Lautaro Valenti,miss,regular,4602,30.5,40.8,0,0,51.3,73.6,,,
13981424,Parma,Mateo Pellegrino,miss,assisted,4350,3.8,61.5,0,0,96.5,2.8,6.6,43.0,0.0
13981424,Juventus,Kenan Yıldız,save,assisted,4272,17.8,51.7,0,0,51.0,2.5,2.0,50.2,0.0
13981424,Juventus,Khéphren Thuram,save,assisted,3883,24.3,32.7,0,0,50.4,18.4,2.4,49.3,0.0
13981424,Juventus,Jonathan David,goal,corner,3533,4.4,47.2,0,0,48.1,12.0,,,
13981424,Juventus,Jonathan David,block,assisted,3498,10.8,42.5,0,0,47.4,19.0,4.1,48.7,0.0
13981424,Juventus,Khéphren Thuram,miss,corner,3311,7.1,64.5,0,0,41.3,79.2,,,
13981424,Juventus,Francisco Conceição,block,assisted,3231,23.1,72.3,0,0,49.1,19.0,17.0,66.6,0.0
13981424,Juventus,Kenan Yıldız,miss,assisted,3017,14.7,24.4,0,0,42.2,4.2,,,
13981424,Juventus,Francisco Conceição,block,assisted,2978,23.9,66.3,0,0,50.1,19.0,12.3,58.3,0.0
13981424,Juventus,Federico Gatti,miss,assisted,2864,23.8,47.4,0,0,46.6,52.8,,,
13981424,Juventus,Khéphren Thuram,block,assisted,2859,13.5,42.1,0,0,49.7,19.0,11.5,43.3,0.0
13981424,Parma,Mateo Pellegrino,save,fast-break,2777,7.3,46.3,0,0,52.0,19.0,4.6,46.9,0.0
13981424,Juventus,Andrea Cambiaso,miss,assisted,2802,7.3,45.8,0,0,97.1,4.2,1.1,0.0,0.0
13981424,Juventus,Jonathan David,miss,assisted,2801,8.0,57.9,0,0,87.9,6.9,7.3,42.8,0.0
13981424,Juventus,Bremer,miss,set-piece,2486,5.4,54.2,0,0,41.3,9.7,,,
13981424,Juventus,Lloyd Kelly,block,assisted,2416,21.5,44.6,0,0,52.5,19.0,13.6,45.5,0.0
13981424,Juventus,Khéphren Thuram,save,assisted,2090,21.7,40.6,0,0,50.5,1.3,2.2,49.6,0.0
13981424,Juventus,Francisco Conceição,save,regular,1757,19.6,69.6,0,0,50.2,2.5,1.8,53.1,0.0
13981424,Juventus,Khéphren Thuram,miss,set-piece,1419,12.8,44.8,0,0,42.9,79.2,,,
13981424,Juventus,Jonathan David,miss,regular,928,3.2,59.7,0,0,42.7,16.7,,,
13981424,Juventus,Francisco Conceição,save,assisted,768,9.1,58.2,0,0,51.0,25.9,1.6,51.6,0.0
13981424,Juventus,Lloyd Kelly,miss,regular,732,18.8,35.0,0,0,32.6,8.3,11.5,43.0,0.0
13981424,Juventus,Bremer,miss,assisted,624,31.2,48.9,0,0,42.7,79.2,,,
13981424,Parma,Mathias Løvik,block,throw-in-set-piece,220,3.9,65.2,0,0,48.5,19.0,1.6,57.2,0.0
13981424,Juventus,Khéphren Thuram,miss,assisted,164,12.2,54.6,0,0,65.2,12.5,4.0,43.9,0.0
13981421,Torino,Che Adams,miss,assisted,5171,26.8,35.6,0,0,55.0,63.9,,,
13981421,Torino,Cristiano Biraghi,block,assisted,5021,14.7,29.5,0,0,51.1,19.0,11.9,33.2,0.0
13981421,Torino,Faustino Anjorin,block,assisted,4869,14.3,58.2,0,0,50.7,19.0,12.1,56.9,0.0
13981421,Torino,Che Adams,block,regular,4856,20.9,30.3,0,0,50.4,19.0,14.2,36.5,0.0
13981421,Inter,Ange-Yoan Bonny,goal,assisted,4286,13.2,48.2,0,0,50.9,19.6,,,
13981421,Inter,Henrikh Mkhitaryan,miss,assisted,4249,6.6,34.8,0,0,57.8,27.8,,,
13981421,Inter,Nicolò Barella,miss,free-kick,3925,21.1,42.7,0,0,51.6,69.4,,,
13981421,Inter,Marcus Thuram,goal,assisted,3700,5.0,56.5,0,0,54.0,0.6,,,
13981421,Torino,Zakaria Aboukhlal,save,regular,3670,10.8,30.6,0,0,51.1,14.6,2.3,45.3,0.0
13981421,Inter,Petar Sučić,block,corner,3498,19.7,52.6,0,0,48.1,19.0,17.7,52.5,0.0
13981421,Inter,Benjamin Pavard,save,corner,3450,8.1,70.6,0,0,45.8,20.3,1.0,53.4,0.0
13981421,Inter,Denzel Dumfries,block,assisted,3376,21.0,62.9,0,0,49.2,19.0,19.3,61.9,0.0
13981421,Inter,Lautaro Martínez,goal,regular,3060,6.3,67.0,0,0,52.9,3.2,,,
13981421,Torino,Giovanni Simeone,miss,assisted,2956,5.7,44.4,0,0,58.3,30.6,,,
13981421,Torino,Cyril Ngonge,block,assisted,2950,9.9,64.3,0,0,53.0,19.0,8.7,62.3,0.0
13981421,Inter,Marcus Thuram,miss,assisted,2890,10.6,32.3,0,0,41.0,26.4,,,
13981421,Torino,Cyril Ngonge,save,assisted,2716,26.5,65.4,0,0,49.2,1.9,2.0,50.5,0.0
13981421,Inter,Petar Sučić,save,corner,2665,18.1,63.4,0,0,47.3,20.3,1.9,50.9,0.0
13981421,Inter,Lautaro Martínez,miss,corner,2662,8.8,44.2,0,0,31.8,9.7,6.6,59.6,0.0
13981421,Inter,Francesco Acerbi,save,corner,2634,13.1,53.6,0,0,51.6,26.6,1.1,51.1,0.0
13981421,Inter,Alessandro Bastoni,miss,corner,2597,9.0,47.1,0,0,57.5,6.9,4.2,48.0,0.0
13981421,Inter,Petar Sučić,save,assisted,2523,25.7,58.6,0,0,49.5,3.2,1.4,50.5,0.0
13981421,Inter,Lautaro Martínez,block,assisted,2300,13.2,51.3,0,0,45.8,19.0,12.5,51.4,0.0
13981421,Torino,Nikola Vlašić,save,assisted,2247,9.2,43.0,0,0,45.4,34.2,1.2,49.5,0.0
13981421,Inter,Marcus Thuram,goal,assisted,2142,7.6,65.6,0,0,52.8,1.9,,,
13981421,Torino,Nikola Vlašić,block,assisted,2022,20.0,37.4,0,0,51.1,19.0,16.3,39.5,0.0
13981421,Torino,Cesare Casadei,save,corner,1855,5.5,49.5,0,0,50.9,32.3,4.0,49.5,0.0
13981421,Inter,Alessandro Bastoni,goal,corner,1058,5.4,35.8,0,0,46.1,8.2,,,
13981421,Inter,Petar Sučić,miss,assisted,934,20.0,67.5,0,0,49.7,79.2,,,
13981421,Inter,Lautaro Martínez,miss,throw-in-set-piece,796,15.3,56.2,0,0,36.8,22.2,,,
13981421,Torino,Giovanni Simeone,miss,assisted,715,11.0,48.7,0,0,59.3,2.8,1.6,42.2,0.0
13981421,Inter,Marcus Thuram,miss,assisted,42,5.7,52.6,0,0,43.7,59.7,,,
13981446,Lazio,Mattéo Guendouzi,block,assisted,5403,29.0,65.1,0,0,54.6,19.0,13.7,54.7,0.0
13981446,Lazio,Mattéo Guendouzi,miss,assisted,5153,29.4,48.7,0,0,51.4,55.6,,,
13981446,Lazio,Boulaye Dia,goal,assisted,4877,3.9,48.2,0,0,52.3,3.2,,,
13981446,Lazio,Luca Pellegrini,save,free-kick,4801,19.8,80.5,0,0,49.3,9.5,1.9,53.2,0.0
13981446,Lazio,Pedro,block,assisted,4746,23.8,52.3,0,0,53.1,19.0,20.8,51.6,0.0
13981446,Lazio,Valentín Castellanos,block,corner,4484,5.7,43.8,0,0,51.7,19.0,4.0,44.8,0.0
13981446,Lazio,Valentín Castellanos,block,assisted,4441,14.4,69.4,0,0,49.7,19.0,12.0,66.2,0.0
13981446,Lazio,Luca Pellegrini,miss,assisted,4064,8.8,32.9,0,0,43.9,62.5,,,
13981446,Hellas Verona,Antoine Bernede,miss,assisted,3977,10.4,57.6,0,0,43.2,19.4,,,
13981446,Hellas Verona,Unai Núñez,block,regular,3973,11.9,59.4,0,0,51.4,19.0,6.7,54.7,0.0
13981446,Hellas Verona,Suat Serdar,block,regular,3969,15.4,45.5,0,0,53.4,19.0,10.5,45.8,0.0
13981446,Hellas Verona,Armel Bella-Kotchap,miss,set-piece,3791,13.0,51.8,0,0,66.9,1.4,12.1,47.8,0.0
13981446,Lazio,Valentín Castellanos,miss,assisted,3536,27.3,60.5,0,0,60.0,4.2,,,
13981446,Hellas Verona,Giovane,save,assisted,3433,20.5,67.1,0,0,51.1,2.5,2.4,52.3,0.0
13981446,Lazio,Mattia Zaccagni,save,fast-break,3414,3.9,35.2,0,0,48.7,5.1,1.2,44.2,0.0
13981446,Lazio,Matteo Cancellieri,miss,assisted,3330,10.6,45.0,0,0,53.8,90.3,,,
13981446,Hellas Verona,Suat Serdar,miss,corner,3125,9.9,34.4,0,0,51.9,54.2,,,
13981446,Lazio,Mattia Zaccagni,miss,corner,2824,4.3,40.3,0,0,58.0,55.6,,,
13981446,Lazio,Matteo Cancellieri,block,corner,2765,5.6,50.3,0,0,49.4,19.0,4.6,50.4,0.0
13981446,Lazio,Nuno Tavares,block,assisted,2663,24.6,36.4,0,0,49.0,19.0,17.2,40.8,0.0
13981446,Lazio,Valentín Castellanos,goal,set-piece,2434,6.1,47.4,0,0,48.4,5.7,,,
13981446,Lazio,Mario Gila Fuentes,miss,set-piece,2191,2.7,40.7,0,0,62.9,19.4,,,
13981446,Hellas Verona,Giovane,save,assisted,1760,13.2,44.8,0,0,52.6,13.3,2.4,49.3,0.0
13981446,Hellas Verona,Suat Serdar,miss,assisted,1744,23.1,36.7,0,0,28.6,13.9,19.7,41.3,0.0
13981446,Hellas Verona,Antoine Bernede,block,assisted,1726,18.5,58.7,0,0,50.8,19.0,14.2,56.5,0.0
13981446,Hellas Verona,Antoine Bernede,post,regular,1719,24.1,47.6,0,0,45.1,5.7,,,
13981446,Hellas Verona,Fallou Cham,save,regular,1709,9.5,76.3,0,0,53.5,7.0,1.9,55.1,0.0
13981446,Hellas Verona,Abdou Harroui,save,assisted,1450,14.4,55.8,0,0,50.9,5.7,2.2,51.6,0.0
13981446,Lazio,Valentín Castellanos,miss,regular,1403,13.3,53.0,0,0,51.3,83.3,,,
13981446,Lazio,Valentín Castellanos,block,assisted,1253,22.0,69.7,0,0,47.6,19.0,13.7,63.2,0.0
13981446,Lazio,Nicolò Rovella,miss,assisted,883,26.3,42.9,0,0,48.1,77.8,,,
13981446,Lazio,Mattia Zaccagni,goal,assisted,590,7.0,42.3,0,0,49.0,5.1,,,
13981446,Lazio,Matteo Cancellieri,block,regular,542,11.9,54.6,0,0,49.5,19.0,9.6,53.8,0.0
13981446,Lazio,Mattéo Guendouzi,goal,assisted,143,16.2,52.0,0,0,54.1,1.3,,,
13981433,Como,Jacobo Ramón,save,set-piece,5698,13.3,43.9,0,0,50.1,7.6,0.3,48.6,0.0
13981433,Como,Jacobo Ramón,block,assisted,5519,14.1,55.5,0,0,52.3,15.3,12.1,54.7,0.0
13981433,Como,Álex Valle,block,throw-in-set-piece,5407,18.6,52.9,0,0,50.9,13.9,11.0,50.9,0.0
13981433,Como,Sergi Roberto,miss,corner,5384,14.5,46.8,0,0,85.4,8.3,14.1,45.9,0.0
13981433,Como,Nico Paz,block,assisted,5358,20.0,56.6,0,0,49.9,19.0,17.5,55.8,0.0
13981433,Bologna,Thijs Dallinga,miss,throw-in-set-piece,5020,18.1,21.1,0,0,61.2,15.3,2.0,37.4,0.0
13981433,Bologna,Torbjørn Heggem,block,corner,4863,6.3,38.0,0,0,53.6,8.3,4.9,39.3,0.0
13981433,Bologna,Thijs Dallinga,miss,assisted,4628,7.4,44.6,0,0,41.0,22.2,,,
13981433,Bologna,Riccardo Orsolini,block,assisted,3958,10.7,61.7,0,0,54.3,4.2,9.0,60.1,0.0
13981433,Bologna,Riccardo Orsolini,goal,assisted,3496,17.5,50.1,0,0,46.2,4.4,,,
13981433,Como,Jesús Rodriguez,miss,assisted,3462,13.9,28.2,0,0,30.1,5.6,,,
13981433,Bologna,Giovanni Fabbian,block,regular,3427,24.0,51.5,0,0,49.2,8.3,20.8,51.3,0.0
13981433,Bologna,Santiago Castro,miss,assisted,3359,21.6,19.7,0,0,39.0,8.3,,,
13981433,Como,Marc-Oliver Kempf,save,assisted,3326,30.9,45.4,0,0,49.9,2.5,1.6,48.7,0.0
13981433,Bologna,Nicolò Cambiaghi,block,fast-break,2962,9.7,31.5,0,0,51.6,19.0,8.0,34.5,0.0
13981433,Como,Nico Paz,block,fast-break,2944,14.1,44.4,0,0,52.9,5.6,11.9,44.9,0.0
13981433,Bologna,Giovanni Fabbian,miss,corner,2791,10.4,57.5,0,0,29.6,11.1,3.8,62.3,0.0
13981433,Bologna,Nicolò Cambiaghi,block,assisted,2756,14.7,27.4,0,0,53.5,19.0,11.8,31.2,0.0
13981433,Como,Mërgim Vojvoda,miss,assisted,2733,22.0,69.3,0,0,41.8,27.8,,,
13981433,Como,Jesús Rodriguez,miss,assisted,2350,8.5,30.0,0,0,69.1,55.6,,,
13981433,Como,Nico Paz,block,corner,2294,15.1,45.9,0,0,49.1,19.0,12.5,46.7,0.0
13981433,Bologna,Nicolò Cambiaghi,block,corner,1844,14.1,28.6,0,0,51.6,19.0,6.7,39.0,0.0
13981433,Bologna,Riccardo Orsolini,save,fast-break,1822,15.1,69.6,0,0,51.1,31.0,2.7,52.9,0.0
13981433,Bologna,Torbjørn Heggem,miss,set-piece,1717,7.1,47.9,0,0,39.8,15.3,,,
13981433,Como,Jesús Rodriguez,block,assisted,1343,14.3,45.1,0,0,54.1,19.0,13.8,45.1,0.0
13981433,Como,Nico Paz,miss,regular,1306,27.1,53.1,0,0,53.6,77.8,,,
13981433,Bologna,Nicolò Cambiaghi,block,set-piece,782,23.4,55.6,0,0,53.6,6.9,18.0,53.6,0.0
13981433,Bologna,Giovanni Fabbian,miss,corner,274,8.1,53.2,0,0,53.8,59.7,,,
13981432,Inter,Yann Bisseck,miss,corner,5704,7.4,52.6,0,0,46.2,73.6,,,
13981432,Inter,Piotr Zieliński,block,regular,5678,18.7,47.6,0,0,51.6,19.0,8.4,48.0,0.0
13981432,Inter,Piotr Zieliński,miss,assisted,5676,20.4,44.0,0,0,39.8,6.9,8.3,56.3,0.0
13981432,Inter,Marcus Thuram,save,corner,5308,8.6,51.5,0,0,49.5,31.0,1.4,49.3,0.0
13981432,Inter,Carlos Augusto,miss,corner,5304,6.4,58.5,0,0,58.2,25.0,3.1,46.2,0.0
13981432,Inter,Federico Dimarco,miss,regular,4649,9.9,40.7,0,0,40.7,15.3,,,
13981432,Udinese,Jürgen Ekkelenkamp,miss,assisted,4319,27.9,69.3,0,0,60.5,4.2,,,
13981432,Inter,Yann Bisseck,save,throw-in-set-piece,4108,8.3,57.3,0,0,49.0,1.9,1.1,52.5,0.0
13981432,Inter,Federico Dimarco,block,throw-in-set-piece,4105,11.3,36.5,0,0,49.4,19.0,4.0,45.7,0.0
13981432,Udinese,Oumar Solet,block,set-piece,3984,24.7,39.5,0,0,50.4,19.0,17.6,42.4,0.0
13981432,Udinese,Keinan Davis,miss,fast-break,3622,15.1,47.7,0,0,40.8,23.6,,,
13981432,Inter,Hakan Çalhanoğlu,miss,assisted,3282,20.3,69.9,0,0,42.5,23.6,,,
13981432,Udinese,Keinan Davis,save,regular,3069,3.7,71.6,0,0,50.7,1.9,0.59999999999999,53.8,0.0
13981432,Inter,Marcus Thuram,miss,assisted,2885,4.9,55.3,0,0,47.9,61.1,,,
13981432,Udinese,Arthur Atta,goal,fast-break,2380,19.0,37.5,0,0,46.0,12.7,,,
13981432,Inter,Federico Dimarco,miss,throw-in-set-piece,2129,13.8,29.3,0,0,47.4,52.8,,,
13981432,Udinese,Jordan Zemura,miss,free-kick,1937,30.2,55.2,0,0,59.7,91.7,,,
13981432,Udinese,Keinan Davis,goal,penalty,1701,11.5,50.0,0,0,47.7,3.2,,,
13981432,Udinese,Arthur Atta,save,assisted,1330,3.0,34.7,0,0,47.5,30.4,0.0,46.0,0.0
13981432,Inter,Denzel Dumfries,goal,assisted,1009,1.8,52.4,0,0,46.4,5.1,,,
13981432,Inter,Marcus Thuram,miss,assisted,1007,8.3,45.0,0,0,42.4,6.9,3.1,54.2,0.0
13981432,Inter,Alessandro Bastoni,save,corner,767,9.7,44.0,0,0,47.2,8.3,2.8,51.6,0.0
13981432,Inter,Lautaro Martínez,miss,corner,766,6.4,43.9,0,0,19.3,2.8,5.1,52.5,0.0
13981432,Udinese,Vakoun Bayo,miss,assisted,503,25.2,41.4,0,0,59.8,6.9,,,
13981432,Inter,Federico Dimarco,miss,throw-in-set-piece,271,16.9,35.0,0,0,48.1,93.1,,,
13981432,Udinese,Jakub Piotrowski,save,assisted,203,23.5,73.6,0,0,46.5,7.0,1.6,52.2,0.0
13981429,Fiorentina,Nicolò Fagioli,miss,throw-in-set-piece,5495,25.7,57.9,0,0,24.4,97.2,,,
13981429,Fiorentina,Cher Ndour,block,assisted,4442,19.8,53.1,0,0,47.6,2.8,11.6,53.1,0.0
13981429,Torino,Guillermo Maripán,miss,set-piece,4380,8.8,52.1,0,0,43.4,80.6,,,
13981429,Fiorentina,Moise Kean,miss,set-piece,4283,1.7,48.7,0,0,52.3,73.6,,,
13981429,Fiorentina,Robin Gosens,save,set-piece,4281,6.7,66.8,0,0,52.0,19.0,0.5,49.3,0.0
13981429,Fiorentina,Luca Ranieri,miss,corner,3569,7.3,66.0,0,0,41.3,15.3,,,
13981429,Fiorentina,Albert Guðmundsson,block,assisted,3529,13.7,29.5,0,0,53.9,19.0,12.3,31.2,0.0
13981429,Fiorentina,Dodô,save,assisted,3173,2.7,64.4,0,0,52.4,9.5,0.5,54.2,0.0
13981429,Fiorentina,Rolando Mandragora,block,assisted,3149,24.5,49.4,0,0,51.3,19.0,13.4,49.1,0.0
13981429,Torino,Giovanni Simeone,block,regular,3078,10.2,55.6,0,0,50.2,19.0,6.7,53.6,0.0
13981429,Fiorentina,Rolando Mandragora,save,set-piece,2637,25.1,46.6,0,0,51.4,7.0,2.2,50.4,0.0
13981429,Fiorentina,Moise Kean,block,set-piece,2636,9.2,42.7,0,0,51.9,19.0,7.2,43.9,0.0
13981429,Torino,Giovanni Simeone,save,regular,2433,7.7,39.7,0,0,49.1,30.4,1.1,47.1,0.0
13981429,Torino,Cesare Casadei,save,assisted,2322,25.4,50.7,0,0,49.8,10.1,2.3,51.3,0.0
13981429,Torino,Cyril Ngonge,save,assisted,2283,8.6,67.7,0,0,52.0,4.4,1.0,52.7,0.0
13981429,Fiorentina,Pietro Comuzzo,miss,set-piece,2245,32.5,50.3,0,0,58.8,11.1,,,
13981429,Fiorentina,Roberto Piccoli,save,fast-break,2009,16.7,54.4,0,0,47.9,9.5,4.2,51.4,0.0
13981429,Fiorentina,Moise Kean,miss,regular,1958,20.7,38.3,0,0,60.8,98.6,,,
13981429,Torino,Guillermo Maripán,miss,set-piece,1710,12.0,49.7,0,0,46.7,83.3,,,
13981429,Fiorentina,Moise Kean,miss,assisted,1394,28.4,62.8,0,0,40.2,15.3,,,
13981429,Fiorentina,Moise Kean,miss,assisted,1324,10.2,44.3,0,0,48.2,98.6,,,
13981429,Fiorentina,Dodô,miss,fast-break,976,34.0,66.8,0,0,57.5,63.9,,,
13981429,Torino,Cesare Casadei,save,assisted,437,9.1,58.1,0,0,50.7,20.3,5.0,55.6,0.0
13981426,Atalanta,Mario Pašalić,save,fast-break,5167,10.8,51.5,0,0,52.3,3.2,1.5,49.8,0.0
13981426,Parma,Patrick Cutrone,goal,set-piece,5043,2.6,43.8,0,0,53.9,19.6,,,
13981426,Parma,Enrico Delprato,save,set-piece,5041,12.8,53.0,0,0,52.9,6.3,1.5,51.1,0.0
13981426,Atalanta,Mario Pašalić,goal,set-piece,4686,18.9,50.1,0,0,53.4,2.5,,,
13981426,Atalanta,Nikola Krstović,save,fast-break,4414,14.8,45.4,0,0,50.8,1.9,1.4,48.9,0.0
13981426,Atalanta,Raoul Bellanova,block,assisted,4179,13.8,66.2,0,0,50.9,19.0,11.4,63.2,0.0
13981426,Atalanta,Charles De Ketelaere,block,assisted,4146,16.1,58.1,0,0,50.0,19.0,14.4,57.2,0.0
13981426,Atalanta,Nikola Krstović,miss,assisted,3983,9.0,56.1,0,0,41.7,12.5,,,
13981426,Parma,Mateo Pellegrino,miss,assisted,3937,12.5,52.1,0,0,41.3,29.2,,,
13981426,Parma,Adrián Bernabé,block,throw-in-set-piece,2812,21.0,56.2,0,0,53.2,19.0,16.8,54.3,0.0
13981426,Parma,Adrián Bernabé,save,regular,2607,24.1,56.6,0,0,53.2,10.1,1.6,51.1,0.0
13981426,Atalanta,Mario Pašalić,miss,regular,2254,14.5,40.5,0,0,58.8,18.1,,,
13981426,Parma,Lautaro Valenti,miss,throw-in-set-piece,2191,20.7,36.4,0,0,59.7,9.7,,,
13981426,Atalanta,Daniel Maldini,block,corner,1807,12.3,46.2,0,0,48.5,19.0,10.6,46.9,0.0
13981426,Atalanta,Gianluca Scamacca,post,assisted,1108,28.1,57.5,0,0,55.2,10.1,,,
13981426,Atalanta,Marten de Roon,miss,regular,1012,19.4,37.4,0,0,67.7,16.7,,,
13981426,Atalanta,Gianluca Scamacca,block,assisted,749,8.0,64.3,0,0,50.3,19.0,6.7,61.9,0.0
13981426,Parma,Emanuele Valeri,miss,set-piece,569,29.3,51.4,0,0,38.8,6.9,,,
13981441,Pisa,Calvin Stengs,miss,assisted,5490,20.5,63.7,0,0,62.9,86.1,,,
13981441,Roma,Artem Dovbyk,save,assisted,5364,9.2,48.1,0,0,52.3,5.1,2.9,48.4,0.0
13981441,Pisa,Juan Cuadrado,save,assisted,5325,24.0,28.0,0,0,53.2,17.1,1.1,48.9,0.0
13981441,Pisa,Calvin Stengs,save,assisted,5270,21.5,60.5,0,0,49.2,15.8,3.1,52.3,0.0
13981441,Roma,Evan Ndicka,miss,corner,4876,6.8,45.1,0,0,35.8,13.9,,,
13981441,Roma,Paulo Dybala,block,assisted,4805,18.7,50.2,0,0,51.2,19.0,16.0,50.0,0.0
13981441,Roma,Angeliño,save,assisted,4744,11.3,30.7,0,0,52.8,21.5,0.3,47.5,0.0
13981441,Pisa,Michel Aebischer,miss,assisted,4560,18.2,58.5,0,0,45.5,79.2,,,
13981441,Roma,Matías Soulé,save,corner,4265,24.0,64.2,0,0,47.4,7.0,0.90000000000001,51.1,0.0
13981441,Pisa,Michel Aebischer,miss,regular,3956,28.1,58.4,0,0,45.4,52.8,,,
13981441,Roma,Matías Soulé,goal,assisted,3267,14.7,51.5,0,0,52.3,2.5,,,
13981441,Roma,Mario Hermoso,block,assisted,3243,16.6,45.2,0,0,50.6,19.0,10.5,46.7,0.0
13981441,Roma,Matías Soulé,miss,assisted,2889,21.4,68.9,0,0,56.8,54.2,,,
13981441,Roma,Matías Soulé,save,free-kick,2516,26.2,76.5,0,0,46.8,29.7,0.7,49.5,0.0
13981441,Pisa,Henrik Wendel Meister,miss,assisted,564,13.8,39.7,0,0,39.5,8.3,,,
13981441,Pisa,Henrik Wendel Meister,save,assisted,469,6.6,51.3,0,0,51.1,6.3,0.3,50.7,0.0
13981441,Roma,Matías Soulé,block,assisted,154,16.0,67.7,0,0,53.7,19.0,14.0,65.0,0.0
13981447,Milan,Cheveyo Mul-Balentien,miss,fast-break,5326,9.2,31.3,0,0,56.6,72.2,,,
13981447,Lecce,Kialonda Gaspar,block,corner,5273,5.1,61.7,0,0,47.9,19.0,4.4,60.4,0.0
13981447,Milan,Christian Pulišić,goal,regular,5122,12.9,36.4,0,0,52.1,3.8,,,
13981447,Lecce,Konan N'Dri,miss,assisted,5096,24.4,56.6,0,0,58.2,11.1,12.0,50.0,0.0
13981447,Milan,Youssouf Fofana,miss,corner,4778,6.9,63.4,0,0,40.3,44.4,,,
13981447,Milan,Samuele Ricci,save,assisted,4734,10.4,69.7,0,0,46.4,20.9,1.5,53.2,0.0
13981447,Lecce,Nikola Štulić,save,assisted,4613,7.4,65.6,0,0,50.4,3.2,1.1,54.3,0.0
13981447,Milan,Youssouf Fofana,save,assisted,4176,21.0,52.6,0,0,48.2,27.8,1.8,49.5,0.0
13981447,Milan,Ruben Loftus-Cheek,goal,set-piece,3910,7.6,47.7,0,0,46.4,24.7,,,
13981447,Milan,Santiago Giménez,save,corner,3509,5.3,44.8,0,0,53.0,17.1,1.1,48.4,0.0
13981447,Milan,Ruben Loftus-Cheek,block,corner,3508,10.7,41.7,0,0,51.0,19.0,4.9,45.7,0.0
13981447,Milan,Pervis Estupiñán,miss,assisted,3298,23.1,29.3,0,0,42.2,76.4,,,
13981447,Lecce,Mohamed Kaba,save,set-piece,2916,9.8,39.3,0,0,52.9,13.3,1.0,49.3,0.0
13981447,Milan,Santiago Giménez,miss,assisted,2882,12.3,38.0,0,0,40.2,6.9,,,
13981447,Milan,Santiago Giménez,block,assisted,2856,10.4,51.3,0,0,52.2,19.0,7.1,50.2,0.0
13981447,Milan,Alexis Saelemaekers,block,assisted,2838,19.8,37.0,0,0,49.3,19.0,17.8,38.4,0.0
13981447,Lecce,Mohamed Kaba,miss,assisted,2518,13.8,62.8,0,0,55.8,75.0,,,
13981447,Milan,Ruben Loftus-Cheek,save,assisted,2117,5.7,53.4,0,0,51.4,22.2,2.2,51.9,0.0
13981447,Milan,Ruben Loftus-Cheek,miss,set-piece,1870,13.3,61.7,0,0,42.5,19.4,,,
13981447,Lecce,Tete Morente,block,regular,1257,12.3,41.5,0,0,52.0,19.0,11.3,42.0,0.0
13981447,Lecce,Ylber Ramadani,block,corner,765,21.0,64.4,0,0,51.8,19.0,8.6,54.9,0.0
13981436,Napoli,Frank Anguissa,goal,corner,5683,10.5,53.4,0,0,49.0,2.5,,,
13981436,Napoli,Scott McTominay,miss,assisted,5638,4.0,46.8,0,0,24.9,19.4,1.2,70.4,0.0
13981436,Napoli,Scott McTominay,save,assisted,5573,10.7,44.0,0,0,50.0,3.8,1.4,48.2,0.0
13981436,Napoli,Frank Anguissa,miss,set-piece,5344,11.7,53.9,0,0,40.3,66.7,,,
13981436,Cagliari,Zito Luvumbo,save,assisted,5278,21.1,78.4,0,0,49.8,22.2,1.2,51.6,0.0
13981436,Cagliari,Gianluca Gaetano,block,free-kick,5249,10.1,15.9,0,0,52.4,19.0,1.8,42.1,0.0
13981436,Cagliari,Gianluca Gaetano,miss,assisted,4926,27.2,55.4,0,0,49.9,77.8,,,
13981436,Napoli,Noa Lang,block,regular,4822,8.8,40.7,0,0,50.8,19.0,7.2,42.2,0.0
13981436,Napoli,Alessandro Buongiorno,miss,corner,4783,3.6,47.4,0,0,35.5,62.5,,,
13981436,Cagliari,Michael Folorunsho,miss,assisted,4421,2.6,40.6,0,0,58.2,56.9,,,
13981436,Napoli,Matteo Politano,miss,regular,4133,11.1,77.4,0,0,51.6,47.2,,,
13981436,Cagliari,Zito Luvumbo,miss,assisted,3636,26.1,67.1,0,0,54.8,61.1,,,
13981436,Napoli,Matteo Politano,miss,corner,3597,9.7,69.7,0,0,43.5,26.4,,,
13981436,Napoli,Matteo Politano,miss,corner,3595,15.5,73.2,0,0,58.8,1.4,7.5,56.5,0.0
13981436,Napoli,Leonardo Spinazzola,save,assisted,3565,9.9,26.5,0,0,54.5,10.1,0.59999999999999,45.7,0.0
13981436,Napoli,Amir Rrahmani,block,corner,3372,8.7,60.5,0,0,52.5,19.0,7.5,58.7,0.0
13981436,Napoli,Juan Jesus,block,corner,3369,3.4,62.0,0,0,47.1,19.0,2.2,58.7,0.0
13981436,Napoli,Frank Anguissa,save,assisted,3030,25.5,52.1,0,0,49.9,5.7,1.8,50.0,0.0
13981436,Napoli,Scott McTominay,miss,regular,2840,24.7,45.5,0,0,37.1,4.2,,,
13981436,Napoli,Scott McTominay,save,assisted,2641,4.9,69.9,0,0,46.8,19.6,0.7,54.3,0.0
13981436,Napoli,Lorenzo Lucca,save,assisted,2565,19.7,44.6,0,0,46.8,2.5,2.0,49.6,0.0
13981436,Cagliari,Michael Folorunsho,miss,assisted,2482,28.3,72.3,0,0,38.0,25.0,,,
13981436,Cagliari,Matteo Prati,miss,assisted,2424,8.1,53.9,0,0,49.2,62.5,,,
13981436,Napoli,Lorenzo Lucca,block,assisted,2394,9.3,68.6,0,0,52.0,19.0,8.0,65.7,0.0
13981436,Napoli,Kevin De Bruyne,miss,assisted,2292,20.3,35.2,0,0,50.1,83.3,,,
13981436,Cagliari,Sebastiano Esposito,miss,fast-break,2248,55.2,55.8,0,0,37.8,11.1,,,
13981436,Cagliari,Adam Obert,miss,fast-break,2188,10.2,29.5,0,0,32.6,8.3,8.1,38.6,0.0
13981436,Napoli,Scott McTominay,block,regular,1779,8.2,33.5,0,0,48.5,19.0,7.3,35.4,0.0
13981436,Napoli,Frank Anguissa,block,assisted,1712,19.0,68.9,0,0,50.0,19.0,8.5,58.5,0.0
13981436,Cagliari,Matteo Prati,miss,regular,12,27.3,46.9,0,0,68.1,16.7,,,
13981448,Genoa,Patrizio Masini,post,corner,5787,8.3,58.3,0,0,45.3,41.1,,,
13981448,Genoa,Caleb Ekuban,miss,assisted,5732,15.1,39.4,0,0,41.0,6.9,1.8,56.3,0.0
13981448,Genoa,Johan Vásquez,miss,regular,5437,21.0,47.7,0,0,29.7,12.5,,,
13981448,Genoa,Ruslan Malinovskyi,miss,assisted,5285,23.5,29.3,0,0,36.3,16.7,,,
13981448,Juventus,Nicolás González,block,assisted,5224,27.6,33.9,0,0,50.6,19.0,21.1,37.5,0.0
13981448,Juventus,Filip Kostić,miss,assisted,5036,20.4,40.9,0,0,53.8,81.9,,,
13981448,Juventus,Dušan Vlahović,block,regular,5034,12.3,51.9,0,0,50.4,19.0,7.0,50.9,0.0
13981448,Juventus,Dušan Vlahović,goal,corner,4330,8.0,47.4,0,0,45.8,15.2,,,
13981448,Genoa,Lorenzo Colombo,block,assisted,3601,19.3,50.9,0,0,51.4,19.0,7.2,49.5,0.0
13981448,Genoa,Nicolae Stanciu,block,assisted,3596,8.1,42.1,0,0,52.0,19.0,6.4,43.3,0.0
13981448,Juventus,Lloyd Kelly,miss,assisted,3457,13.0,28.6,0,0,40.0,2.8,,,
13981448,Juventus,Khéphren Thuram,miss,fast-break,3249,22.5,59.9,0,0,62.0,2.8,,,
13981448,Genoa,Lorenzo Colombo,miss,corner,2934,4.5,60.1,0,0,40.8,16.7,,,
13981448,Genoa,Mikael Ellertsson,block,assisted,2877,7.8,61.5,0,0,46.7,19.0,6.3,59.9,0.0
13981448,Genoa,Lorenzo Colombo,miss,assisted,2648,27.9,65.8,0,0,33.4,15.3,22.0,60.3,0.0
13981448,Juventus,Jonathan David,miss,regular,2528,3.0,46.8,0,0,49.6,88.9,,,
13981448,Juventus,Kenan Yıldız,save,regular,2527,7.5,28.2,0,0,49.1,4.4,1.1,45.1,0.0
13981448,Juventus,Pierre Kalulu,block,regular,2521,8.4,57.4,0,0,48.8,19.0,6.7,56.1,0.0
13981448,Juventus,Federico Gatti,save,assisted,2403,9.0,44.1,0,0,53.2,17.1,1.4,48.9,0.0
13981448,Juventus,Francisco Conceição,block,corner,2376,7.6,57.9,0,0,50.5,19.0,6.2,56.3,0.0
13981448,Juventus,Khéphren Thuram,block,assisted,2341,23.9,50.8,0,0,52.7,19.0,22.1,50.5,0.0
13981448,Genoa,Mikael Ellertsson,save,fast-break,1525,10.7,64.3,0,0,51.0,14.6,1.2,52.5,0.0
13981448,Juventus,João Mário,block,regular,289,20.4,40.7,0,0,48.4,19.0,12.8,44.8,0.0
13981443,Cremonese,Manuel De Luca,goal,penalty,5528,11.5,50.0,0,0,47.9,17.7,,,
13981443,Cremonese,Martín Payero,miss,regular,5357,26.3,56.4,0,0,52.6,70.8,,,
13981443,Cremonese,Manuel De Luca,save,fast-break,5331,15.6,66.0,0,0,50.4,7.0,9.9,59.6,0.0
13981443,Sassuolo,Edoardo Iannoni,miss,regular,5137,10.2,63.2,0,0,59.2,8.3,,,
13981443,Sassuolo,Domenico Berardi,goal,penalty,4366,11.5,50.0,0,0,46.8,2.5,,,
13981443,Sassuolo,Armand Laurienté,miss,assisted,3944,17.9,63.0,0,0,49.1,63.9,,,
13981443,Sassuolo,Andrea Pinamonti,goal,assisted,3780,14.3,54.7,0,0,53.2,1.9,,,
13981443,Cremonese,Alessio Zerbin,block,assisted,3055,12.9,65.4,0,0,54.6,6.9,11.8,63.5,0.0
13981443,Cremonese,Franco Vázquez,save,assisted,2936,27.0,41.4,0,0,53.2,1.3,1.8,48.7,0.0
13981443,Cremonese,Antonio Sanabria,save,assisted,2892,4.3,49.8,0,0,49.3,20.3,1.1,51.6,0.0
13981443,Sassuolo,Andrea Pinamonti,save,corner,2553,6.8,32.8,0,0,48.2,30.4,1.1,46.7,0.0
13981443,Sassuolo,Domenico Berardi,save,free-kick,2524,27.2,58.1,0,0,47.0,22.2,1.0,50.7,0.0
13981443,Cremonese,Franco Vázquez,goal,assisted,2297,1.2,50.2,0,0,50.3,8.9,,,
13981443,Cremonese,Antonio Sanabria,miss,assisted,2296,1.7,42.7,0,0,33.9,5.6,0.2,48.9,0.0
13981443,Cremonese,Filippo Terracciano,goal,corner,2194,7.4,54.7,0,0,53.3,3.8,,,
13981443,Sassuolo,Andrea Pinamonti,save,throw-in-set-piece,1807,10.4,28.9,0,0,50.8,19.6,1.4,46.7,0.0
13981443,Cremonese,Alessio Zerbin,block,regular,1099,9.9,68.4,0,0,53.3,22.2,8.0,65.2,0.0
13981443,Cremonese,Jari Vandeputte,block,free-kick,641,19.2,26.6,0,0,47.1,19.0,13.1,35.0,0.0
13981443,Sassuolo,Andrea Pinamonti,block,assisted,555,20.1,29.4,0,0,51.8,19.0,15.3,33.9,0.0
13981443,Sassuolo,Andrea Pinamonti,save,assisted,511,12.3,45.6,0,0,50.9,15.2,0.90000000000001,49.5,0.0
13981435,Inter,Marcus Thuram,miss,corner,5743,11.1,56.6,0,0,41.2,16.7,,,
13981435,Juventus,Vasilije Adžić,goal,assisted,5447,30.5,45.3,0,0,53.9,22.8,,,
13981435,Juventus,Juan Cabal,miss,regular,5362,25.1,27.1,0,0,64.4,55.6,,,
13981435,Juventus,Loïs Openda,block,assisted,5177,24.8,57.9,0,0,46.6,19.0,23.1,57.6,0.0
13981435,Juventus,Khéphren Thuram,goal,set-piece,4919,8.8,47.6,0,0,46.1,17.7,,,
13981435,Inter,Marcus Thuram,goal,corner,4517,7.5,48.6,0,0,52.2,7.0,,,
13981435,Inter,Alessandro Bastoni,miss,set-piece,4241,9.3,46.9,0,0,40.2,19.4,,,
13981435,Inter,Hakan Çalhanoğlu,block,free-kick,4239,23.3,21.0,0,0,47.8,19.0,8.4,41.0,0.0
13981435,Inter,Hakan Çalhanoğlu,goal,assisted,3886,17.5,63.6,0,0,52.3,5.1,,,
13981435,Inter,Nicolò Barella,block,assisted,3508,14.2,52.1,0,0,49.5,19.0,10.7,51.1,0.0
13981435,Inter,Hakan Çalhanoğlu,miss,regular,3231,18.8,73.8,0,0,42.5,72.2,,,
13981435,Inter,Denzel Dumfries,block,assisted,3135,8.9,68.7,0,0,51.4,19.0,5.9,64.1,0.0
13981435,Juventus,Dušan Vlahović,miss,corner,3064,8.5,46.2,0,0,35.6,12.5,,,
13981435,Juventus,Teun Koopmeiners,miss,assisted,2520,19.1,47.7,0,0,60.8,20.8,,,
13981435,Inter,Henrikh Mkhitaryan,miss,assisted,2445,23.0,38.6,0,0,57.6,1.4,,,
13981435,Juventus,Kenan Yıldız,goal,assisted,2247,27.1,45.0,0,0,54.2,3.2,,,
13981435,Inter,Hakan Çalhanoğlu,miss,assisted,2193,31.2,46.9,0,0,46.2,73.6,,,
13981435,Juventus,Manuel Locatelli,block,corner,2167,22.2,44.4,0,0,50.5,19.0,13.6,46.4,0.0
13981435,Inter,Hakan Çalhanoğlu,save,regular,2040,22.0,51.7,0,0,53.9,4.4,0.7,50.4,0.0
13981435,Inter,Hakan Çalhanoğlu,goal,assisted,1766,21.9,44.4,0,0,48.2,3.8,,,
13981435,Juventus,Manuel Locatelli,block,regular,1689,23.4,40.7,0,0,50.0,19.0,17.7,43.0,0.0
13981435,Inter,Alessandro Bastoni,miss,corner,1319,5.0,40.7,0,0,58.3,55.6,,,
13981435,Inter,Marcus Thuram,block,assisted,1286,19.2,63.6,0,0,50.1,19.0,17.3,62.3,0.0
13981435,Inter,Nicolò Barella,block,set-piece,981,16.1,40.6,0,0,47.4,19.0,9.3,45.7,0.0
13981435,Inter,Manuel Akanji,block,set-piece,977,25.1,40.3,0,0,50.1,19.0,12.5,45.5,0.0
13981435,Juventus,Lloyd Kelly,goal,corner,798,12.8,43.7,0,0,46.1,1.9,,,
13981435,Juventus,Dušan Vlahović,block,assisted,747,8.2,30.3,0,0,50.4,19.0,4.1,39.2,0.0
13981435,Juventus,Pierre Kalulu,block,assisted,745,8.0,41.7,0,0,51.4,19.0,7.0,42.6,0.0
13981435,Inter,Marcus Thuram,miss,throw-in-set-piece,485,9.2,55.3,0,0,61.5,19.4,4.4,45.1,0.0
13981435,Inter,Nicolò Barella,miss,throw-in-set-piece,189,20.7,57.0,0,0,57.0,6.9,,,
13981442,Fiorentina,Roberto Piccoli,block,assisted,5693,8.6,44.2,0,0,51.3,13.9,6.8,44.8,0.0
13981442,Fiorentina,Moise Kean,miss,assisted,5491,15.0,69.7,0,0,61.2,83.3,,,
13981442,Napoli,Eljif Elmas,save,throw-in-set-piece,5348,6.3,65.2,0,0,48.4,6.3,0.59999999999999,52.9,0.0
13981442,Fiorentina,Robin Gosens,miss,corner,5053,4.5,52.1,0,0,64.5,20.8,,,
13981442,Fiorentina,Luca Ranieri,block,assisted,5008,5.1,47.4,0,0,50.4,19.0,4.1,47.8,0.0
13981442,Fiorentina,Roberto Piccoli,save,fast-break,4980,14.2,43.0,0,0,48.7,2.5,9.9,44.8,0.0
13981442,Fiorentina,Pietro Comuzzo,block,assisted,4901,8.6,52.1,0,0,52.2,19.0,6.6,51.1,0.0
13981442,Fiorentina,Luca Ranieri,goal,corner,4718,8.7,67.6,0,0,47.7,3.2,,,
13981442,Fiorentina,Robin Gosens,block,throw-in-set-piece,4685,16.1,47.2,0,0,51.4,19.0,12.9,47.5,0.0
13981442,Fiorentina,Rolando Mandragora,save,free-kick,4622,22.8,78.0,0,0,50.0,31.6,1.6,52.3,0.0
13981442,Fiorentina,Roberto Piccoli,miss,regular,4461,26.7,46.9,0,0,41.5,22.2,,,
13981442,Napoli,David Neres,block,assisted,4314,27.7,44.4,0,0,49.8,19.0,19.0,46.2,0.0
13981442,Fiorentina,Roberto Piccoli,block,assisted,3977,12.6,47.7,0,0,51.2,19.0,11.1,47.8,0.0
13981442,Fiorentina,Rolando Mandragora,miss,assisted,3787,22.7,49.2,0,0,56.1,73.6,,,
13981442,Napoli,Frank Anguissa,miss,assisted,3648,3.9,61.4,0,0,42.0,33.3,,,
13981442,Fiorentina,Moise Kean,miss,fast-break,3532,23.5,46.7,0,0,48.1,65.3,,,
13981442,Napoli,Matteo Politano,post,regular,3477,2.9,64.8,0,0,44.2,3.2,,,
13981442,Napoli,Scott McTominay,save,assisted,3475,21.4,58.0,0,0,48.6,3.8,2.7,51.1,0.0
13981442,Napoli,Sam Beukema,goal,corner,3020,2.3,48.0,0,0,52.3,5.7,,,
13981442,Napoli,Matteo Politano,save,regular,2983,5.4,64.6,0,0,47.4,7.0,0.7,53.6,0.0
13981442,Fiorentina,Moise Kean,miss,assisted,2727,4.0,42.1,0,0,56.1,80.6,,,
13981442,Fiorentina,Moise Kean,miss,assisted,2413,21.5,45.4,0,0,41.2,11.1,,,
13981442,Fiorentina,Dodô,miss,corner,1886,15.9,70.5,0,0,78.8,11.1,13.3,52.3,0.0
13981442,Napoli,Kevin De Bruyne,save,assisted,1434,13.9,45.4,0,0,45.8,22.2,2.0,49.1,0.0
13981442,Fiorentina,Rolando Mandragora,block,regular,1082,9.7,56.6,0,0,51.0,19.0,7.7,55.1,0.0
13981442,Fiorentina,Edin Džeko,block,regular,1080,9.3,47.6,0,0,53.1,19.0,7.6,47.5,0.0
13981442,Fiorentina,Rolando Mandragora,block,assisted,1077,8.8,49.3,0,0,51.6,19.0,6.8,49.1,0.0
13981442,Napoli,Matteo Politano,block,assisted,1039,14.5,72.2,0,0,53.6,19.0,13.2,69.9,0.0
13981442,Napoli,Matteo Politano,block,assisted,1030,20.1,62.2,0,0,51.0,19.0,17.5,60.5,0.0
13981442,Napoli,Rasmus Højlund,goal,assisted,829,9.1,37.2,0,0,46.1,2.5,,,
13981442,Napoli,Kevin De Bruyne,goal,penalty,332,11.5,50.0,0,0,54.2,7.6,,,
13981442,Napoli,Rasmus Højlund,save,corner,134,3.5,50.7,0,0,49.7,5.6,0.5,51.6,0.0
13981442,Napoli,Giovanni Di Lorenzo,save,corner,132,6.6,39.9,0,0,50.1,3.2,1.5,45.8,0.0
13981445,Pisa,Giovanni Bonfanti,block,throw-in-set-piece,5694,15.8,51.1,0,0,50.9,19.0,14.2,50.9,0.0
13981445,Pisa,Matteo Tramoni,miss,assisted,4522,25.3,34.0,0,0,58.0,12.5,,,
13981445,Pisa,Antonio Caracciolo,miss,corner,4282,8.9,46.2,0,0,46.1,58.3,,,
13981445,Pisa,Mehdi Léris,block,assisted,4129,11.4,29.5,0,0,49.1,19.0,6.8,38.1,0.0
13981445,Pisa,Matteo Tramoni,save,assisted,4003,21.5,35.2,0,0,48.4,22.2,2.2,49.1,0.0
13981445,Udinese,Nicolò Bertola,save,assisted,3849,24.8,53.6,0,0,48.1,23.4,2.3,50.7,0.0
13981445,Udinese,Kingsley Ehizibue,miss,assisted,3701,11.9,64.0,0,0,100.0,26.4,1.5,0.7,0.0
13981445,Udinese,Oumar Solet,miss,corner,3476,5.0,50.1,0,0,49.6,69.4,,,
13981445,Pisa,M'Bala Nzola,block,assisted,3266,15.4,66.4,0,0,52.1,19.0,13.3,63.9,0.0
13981445,Pisa,Mehdi Léris,miss,assisted,3047,9.8,48.8,0,0,47.6,77.8,,,
13981445,Udinese,Jesper Karlström,block,assisted,2659,19.4,47.0,0,0,54.0,19.0,15.4,46.9,0.0
13981445,Udinese,Arthur Atta,save,assisted,2630,20.7,38.9,0,0,52.9,7.6,1.4,48.7,0.0
13981445,Pisa,Mateus Lusuardi,miss,corner,2466,10.8,39.7,0,0,62.9,55.6,,,
13981445,Udinese,Jakub Piotrowski,block,assisted,2275,23.4,67.5,0,0,51.7,19.0,19.7,64.4,0.0
13981445,Udinese,Arthur Atta,block,assisted,2265,14.2,31.9,0,0,48.4,19.0,5.5,44.6,0.0
13981445,Udinese,Iker Bravo,block,throw-in-set-piece,2249,21.8,36.8,0,0,50.2,19.0,18.1,39.0,0.0
13981445,Pisa,Ebenezer Akinsanmiro,save,regular,2163,28.7,55.8,0,0,49.0,23.4,4.0,50.9,0.0
13981445,Pisa,Stefano Moreo,miss,regular,1884,14.4,56.8,0,0,45.2,65.3,,,
13981445,Udinese,Jesper Karlström,block,set-piece,1152,18.2,34.2,0,0,49.3,19.0,16.3,35.9,0.0
13981445,Udinese,Keinan Davis,miss,regular,948,9.5,40.5,0,0,57.1,19.4,,,
13981445,Udinese,Iker Bravo,goal,regular,813,10.5,47.0,0,0,46.1,11.4,,,
13981445,Udinese,Arthur Atta,block,assisted,811,14.1,46.6,0,0,52.6,19.0,12.4,46.2,0.0
13981445,Pisa,Mateus Lusuardi,block,corner,736,11.5,30.1,0,0,52.8,19.0,9.2,33.6,0.0
13981445,Udinese,Keinan Davis,miss,assisted,429,6.4,30.4,0,0,56.6,19.4,,,
13981445,Pisa,Henrik Wendel Meister,miss,regular,113,7.7,26.6,0,0,56.5,2.8,,,
13981434,Torino,Cristiano Biraghi,block,assisted,5856,20.3,36.2,0,0,49.7,19.0,16.3,39.0,0.0
13981434,Roma,Stephan El Shaarawy,save,throw-in-set-piece,5793,18.9,29.4,0,0,52.9,19.0,0.3,49.6,0.0
13981434,Roma,Matías Soulé,miss,assisted,5729,13.6,50.9,0,0,49.1,75.0,,,
13981434,Roma,Matías Soulé,miss,assisted,5562,7.4,67.9,0,0,57.0,26.4,,,
13981434,Roma,Niccolò Pisilli,save,corner,5434,6.1,56.8,0,0,47.5,17.1,0.59999999999999,50.9,0.0
13981434,Roma,Evan Ferguson,miss,corner,5433,5.5,43.8,0,0,25.0,4.2,5.0,53.8,0.0
13981434,Roma,Gianluca Mancini,save,assisted,5292,19.7,45.2,0,0,49.8,3.8,1.8,48.9,0.0
13981434,Roma,Gianluca Mancini,miss,assisted,4952,15.6,41.8,0,0,69.6,2.8,8.6,33.9,0.0
13981434,Roma,Stephan El Shaarawy,block,assisted,4939,19.1,30.1,0,0,51.1,19.0,15.8,33.0,0.0
13981434,Torino,Nikola Vlašić,save,throw-in-set-piece,4827,21.8,54.0,0,0,46.7,11.4,2.5,50.0,0.0
13981434,Torino,Zakaria Aboukhlal,save,throw-in-set-piece,3930,9.9,44.4,0,0,53.3,8.2,1.4,49.3,0.0
13981434,Roma,Matías Soulé,miss,assisted,3769,20.3,43.3,0,0,42.4,23.6,,,
13981434,Roma,Gianluca Mancini,block,assisted,3735,8.4,66.7,0,0,48.9,19.0,7.1,64.3,0.0
13981434,Torino,Giovanni Simeone,goal,fast-break,3515,18.2,32.8,0,0,45.8,20.3,,,
13981434,Roma,Bryan Cristante,miss,set-piece,3491,9.7,53.4,0,0,38.5,41.7,3.1,66.1,0.0
13981434,Roma,Evan Ferguson,miss,fast-break,3374,11.9,55.9,0,0,38.2,2.8,,,
13981434,Roma,Tommaso Baldanzi,miss,fast-break,3212,20.4,47.4,0,0,30.6,4.2,,,
13981434,Torino,Giovanni Simeone,miss,assisted,3019,12.0,49.3,0,0,37.1,52.8,,,
13981434,Roma,Mario Hermoso,save,set-piece,2822,12.6,41.5,0,0,47.9,23.4,1.0,48.4,0.0
13981434,Roma,Angeliño,block,assisted,2729,4.6,39.5,0,0,51.0,19.0,3.7,41.3,0.0
13981434,Roma,Paulo Dybala,block,fast-break,2528,19.1,50.9,0,0,54.2,19.0,17.1,50.4,0.0
13981434,Roma,Matías Soulé,miss,set-piece,2149,23.8,59.8,0,0,57.8,81.9,,,
13981434,Roma,Matías Soulé,block,free-kick,2147,24.6,73.5,0,0,49.9,19.0,14.9,64.3,0.0
13981434,Roma,Gianluca Mancini,save,corner,2032,8.6,53.3,0,0,51.7,15.2,1.0,51.1,0.0
13981434,Roma,Paulo Dybala,block,assisted,2000,20.7,62.9,0,0,51.5,19.0,15.9,59.6,0.0
13981434,Torino,Cesare Casadei,miss,assisted,1637,9.8,53.6,0,0,9.7,15.3,5.5,79.2,0.0
13981434,Roma,Bryan Cristante,miss,corner,958,2.9,59.3,0,0,50.9,69.4,,,
13981434,Torino,Giovanni Simeone,miss,fast-break,813,37.6,90.1,0,0,38.3,2.8,,,
13981434,Torino,Guillermo Maripán,save,corner,682,4.4,49.8,0,0,50.6,27.2,2.0,49.8,0.0
13981434,Roma,Paulo Dybala,block,free-kick,464,23.5,66.8,0,0,49.2,19.0,14.5,60.7,0.0
13981451,Hellas Verona,Amin Sarr,save,fast-break,5558,11.7,44.2,0,0,48.7,9.5,3.8,47.5,0.0
13981451,Cremonese,Jeremy Sarmiento,save,regular,5455,29.3,54.8,0,0,54.1,22.2,1.5,50.5,0.0
13981451,Cremonese,Filippo Terracciano,block,corner,3959,7.4,46.7,0,0,49.7,19.0,6.2,47.3,0.0
13981451,Cremonese,Michele Collocolo,save,assisted,3906,28.8,60.1,0,0,54.4,0.6,1.6,50.0,0.0
13981451,Hellas Verona,Giovane,block,regular,3881,9.7,69.3,0,0,49.8,19.0,6.0,62.1,0.0
13981451,Hellas Verona,Gift Orban,save,assisted,3720,14.7,40.3,0,0,49.4,3.8,1.6,48.6,0.0
13981451,Hellas Verona,Jean-Daniel Akpa Akpro,miss,regular,3691,29.9,58.9,0,0,37.5,81.9,,,
13981451,Hellas Verona,Giovane,save,assisted,3626,8.2,34.0,0,0,50.0,3.8,0.5,46.2,0.0
13981451,Cremonese,Federico Bonazzoli,miss,regular,3428,26.9,50.5,0,0,51.9,98.6,,,
13981451,Hellas Verona,Suat Serdar,block,regular,3318,18.9,49.3,0,0,49.9,19.0,15.1,49.5,0.0
13981451,Hellas Verona,Giovane,miss,assisted,3252,14.8,32.7,0,0,58.5,5.6,,,
13981451,Hellas Verona,Giovane,save,fast-break,2924,17.8,74.9,0,0,48.6,18.4,0.5,52.7,0.0
13981451,Hellas Verona,Suat Serdar,block,regular,2698,15.1,62.2,0,0,49.2,19.0,11.6,59.6,0.0
13981451,Hellas Verona,Domagoj Bradarić,save,fast-break,2503,12.6,31.7,0,0,50.6,10.8,9.6,35.7,0.0
13981451,Hellas Verona,Jean-Daniel Akpa Akpro,block,assisted,2298,19.0,59.3,0,0,46.8,19.0,17.6,58.8,0.0
13981451,Hellas Verona,Gift Orban,save,fast-break,2034,6.8,65.4,0,0,46.1,3.2,0.59999999999999,53.6,0.0
13981451,Hellas Verona,Giovane,miss,corner,1820,10.4,39.1,0,0,49.1,70.8,,,
13981451,Hellas Verona,Giovane,save,assisted,1780,30.5,59.9,0,0,53.8,11.4,0.3,51.1,0.0
13981451,Hellas Verona,Unai Núñez,block,corner,1564,11.6,46.6,0,0,52.3,19.0,7.1,48.9,0.0
13981451,Hellas Verona,Gift Orban,miss,regular,1302,21.9,39.5,0,0,32.4,88.9,,,
13981451,Hellas Verona,Giovane,miss,assisted,1241,13.2,74.7,0,0,56.6,4.2,,,
13981451,Hellas Verona,Giovane,save,assisted,922,7.0,65.2,0,0,48.8,5.7,5.8,63.0,0.0
13981451,Cremonese,Warren Bondo,block,assisted,724,27.1,45.8,0,0,50.4,19.0,22.9,46.4,0.0
13981451,Cremonese,Antonio Sanabria,miss,assisted,550,8.4,46.9,0,0,25.4,11.1,,,
13981451,Hellas Verona,Gift Orban,miss,assisted,351,25.6,40.6,0,0,41.8,19.4,,,
13981451,Hellas Verona,Gift Orban,save,assisted,199,29.0,45.4,0,0,51.6,0.6,1.1,48.9,0.0
13981430,Genoa,Johan Vásquez,save,corner,5634,8.3,50.3,0,0,51.0,17.1,1.0,49.3,0.0
13981430,Genoa,Caleb Ekuban,goal,regular,5472,8.3,46.4,0,0,53.9,24.7,,,
13981430,Genoa,Brooke Norton-Cuffy,save,assisted,5471,3.2,60.0,0,0,53.1,19.0,1.0,50.9,0.0
13981430,Como,Jayden Addai,block,assisted,5247,8.3,44.9,0,0,51.6,19.0,7.3,45.3,0.0
13981430,Genoa,Leo Østigård,block,corner,4927,3.1,51.2,0,0,50.3,19.0,1.8,50.5,0.0
13981430,Genoa,Leo Østigård,block,corner,4899,4.2,52.7,0,0,49.7,19.0,2.9,52.0,0.0
13981430,Genoa,Lorenzo Colombo,block,throw-in-set-piece,4666,10.6,36.7,0,0,49.4,19.0,7.2,41.2,0.0
13981430,Como,Anastasios Douvikas,block,regular,4022,4.6,52.6,0,0,50.6,19.0,2.8,51.4,0.0
13981430,Como,Mërgim Vojvoda,save,assisted,4019,14.3,63.4,0,0,46.4,12.7,0.7,52.9,0.0
13981430,Como,Maxence Caqueret,miss,assisted,3758,23.1,41.1,0,0,37.8,65.3,,,
13981430,Genoa,Johan Vásquez,block,regular,3088,20.2,59.9,0,0,50.7,19.0,17.9,58.7,0.0
13981430,Genoa,Ruslan Malinovskyi,block,assisted,3078,23.5,51.5,0,0,49.5,19.0,17.9,51.3,0.0
13981430,Como,Nico Paz,block,assisted,2824,19.4,65.8,0,0,51.9,19.0,14.4,61.2,0.0
13981430,Como,Jesús Rodriguez,save,assisted,2443,19.4,35.2,0,0,49.7,1.3,1.4,48.7,0.0
13981430,Como,Nico Paz,block,assisted,2244,24.8,36.4,0,0,51.2,19.0,20.7,38.4,0.0
13981430,Como,Álvaro Morata,miss,assisted,2156,14.8,60.1,0,0,40.3,4.2,,,
13981430,Genoa,Patrizio Masini,save,regular,1979,4.5,50.5,0,0,50.0,19.0,3.3,50.4,0.0
13981430,Genoa,Mikael Ellertsson,save,regular,1977,7.6,50.1,0,0,50.1,17.1,4.5,49.8,0.0
13981430,Genoa,Lorenzo Colombo,save,assisted,1976,9.9,41.1,0,0,50.7,13.3,1.5,48.0,0.0
13981430,Como,Álvaro Morata,miss,regular,1778,3.2,44.2,0,0,57.8,8.3,,,
13981430,Como,Nicolas-Gerrit Kühn,save,assisted,1776,6.8,57.6,0,0,51.9,1.9,2.2,53.4,0.0
13981430,Como,Nicolas-Gerrit Kühn,block,assisted,1435,10.4,58.3,0,0,50.9,19.0,8.8,56.9,0.0
13981430,Como,Jacobo Ramón,block,assisted,1248,23.6,58.3,0,0,52.2,19.0,19.5,56.5,0.0
13981430,Como,Nico Paz,goal,assisted,774,24.8,38.9,0,0,45.9,17.7,,,
13981430,Genoa,Patrizio Masini,block,regular,596,21.2,42.1,0,0,50.2,19.0,17.3,43.5,0.0
13981437,Bologna,Nadir Zortea,miss,regular,5030,21.8,70.7,0,0,59.0,81.9,,,
13981437,Milan,Santiago Giménez,post,assisted,4958,3.6,34.8,0,0,55.6,28.5,,,
13981437,Milan,Alexis Saelemaekers,block,fast-break,4876,20.8,65.1,0,0,50.3,19.0,17.7,62.8,0.0
13981437,Bologna,Remo Freuler,block,regular,4636,16.7,68.7,0,0,48.9,19.0,13.0,64.8,0.0
13981437,Milan,Koni De Winter,miss,set-piece,4563,11.7,43.1,0,0,38.8,33.3,,,
13981437,Milan,Samuele Ricci,block,assisted,4512,15.0,64.0,0,0,50.1,19.0,13.2,62.3,0.0
13981437,Milan,Santiago Giménez,save,assisted,4193,7.3,33.1,0,0,52.7,0.6,6.4,35.4,0.0
13981437,Milan,Samuele Ricci,post,assisted,4068,24.6,36.0,0,0,44.7,17.7,,,
13981437,Milan,Luka Modrić,goal,assisted,3609,13.9,49.4,0,0,52.5,8.2,,,
13981437,Milan,Santiago Giménez,miss,assisted,3489,12.5,27.5,0,0,31.4,5.6,,,
13981437,Milan,Santiago Giménez,post,corner,2696,1.7,60.3,0,0,44.4,17.7,,,
13981437,Milan,Ruben Loftus-Cheek,miss,corner,2695,4.2,43.6,0,0,34.3,18.1,0.90000000000001,58.3,0.0
13981437,Bologna,Giovanni Fabbian,miss,assisted,1450,12.9,47.0,0,0,39.7,54.2,,,
13981437,Milan,Pervis Estupiñán,post,assisted,1397,14.8,40.5,0,0,44.5,12.0,,,
13981437,Bologna,Charalampos Lykogiannis,block,regular,1227,8.8,34.0,0,0,52.1,19.0,7.5,36.0,0.0
13981437,Bologna,Riccardo Orsolini,block,assisted,822,25.7,45.8,0,0,48.5,19.0,15.7,48.0,0.0
13981437,Milan,Santiago Giménez,save,regular,646,13.8,60.3,0,0,51.4,1.3,4.4,54.3,0.0
13981437,Milan,Luka Modrić,block,assisted,429,20.1,30.6,0,0,47.1,19.4,14.4,36.5,0.0
13981437,Milan,Adrien Rabiot,block,assisted,367,19.6,28.5,0,0,52.7,19.0,15.3,32.7,0.0
13981449,Lazio,Danilo Cataldi,block,corner,5728,9.5,66.4,0,0,48.9,19.0,5.5,60.5,0.0
13981449,Lazio,Mario Gila Fuentes,miss,corner,5725,10.2,55.6,0,0,70.3,2.8,7.9,48.0,0.0
13981449,Sassuolo,Walid Cheddira,miss,assisted,5489,12.5,26.0,0,0,1.8,11.1,2.8,100.0,0.0
13981449,Lazio,Mario Gila Fuentes,miss,corner,5436,10.7,57.0,0,0,45.4,59.7,,,
13981449,Lazio,Boulaye Dia,save,assisted,4513,8.0,35.6,0,0,53.0,8.9,5.4,39.9,0.0
13981449,Lazio,Danilo Cataldi,save,regular,4487,16.1,35.4,0,0,51.6,21.5,0.7,48.6,0.0
13981449,Lazio,Mattia Zaccagni,block,assisted,4482,12.2,33.8,0,0,50.0,19.0,10.2,36.5,0.0
13981449,Lazio,Pedro,miss,fast-break,4325,5.1,67.9,0,0,40.0,83.3,,,
13981449,Sassuolo,Alieu Fadera,goal,corner,4178,3.1,47.6,0,0,51.7,6.3,,,
13981449,Sassuolo,Tarik Muharemović,block,corner,4176,9.2,54.6,0,0,52.7,19.0,2.9,49.6,0.0
13981449,Lazio,Mattia Zaccagni,save,assisted,3676,6.9,44.6,0,0,51.9,25.3,2.8,49.6,0.0
13981449,Sassuolo,Andrea Pinamonti,miss,assisted,3454,11.2,54.6,0,0,99.5,5.6,9.4,38.3,0.0
13981449,Sassuolo,Armand Laurienté,miss,assisted,3289,28.4,35.0,0,0,38.8,13.9,,,
13981449,Lazio,Danilo Cataldi,miss,regular,2808,27.1,57.0,0,0,59.3,1.4,,,
13981449,Lazio,Nuno Tavares,miss,assisted,2836,13.3,28.9,0,0,43.9,77.8,,,
13981449,Sassuolo,Domenico Berardi,miss,assisted,2224,18.3,65.4,0,0,63.9,12.5,8.3,48.4,0.0
13981449,Sassuolo,Andrea Pinamonti,miss,assisted,2217,10.5,46.5,0,0,0.8,2.8,12.3,73.8,0.0
13981449,Lazio,Mattia Zaccagni,miss,corner,2058,11.3,41.4,0,0,72.6,5.6,7.9,35.7,0.0
13981449,Lazio,Mario Gila Fuentes,block,corner,2054,11.7,51.1,0,0,47.6,19.0,10.2,51.3,0.0
13981449,Lazio,Nuno Tavares,block,assisted,1907,19.8,31.7,0,0,51.8,19.0,18.0,33.2,0.0
13981449,Sassuolo,Andrea Pinamonti,save,regular,1597,9.8,64.2,0,0,45.9,4.4,1.5,53.1,0.0
13981449,Sassuolo,Armand Laurienté,block,fast-break,1114,6.4,29.5,0,0,47.3,19.0,4.6,34.8,0.0
13981449,Sassuolo,Andrea Pinamonti,save,assisted,787,13.6,67.9,0,0,53.4,0.6,3.7,55.8,0.0
13981450,Atalanta,Nikola Krstović,miss,fast-break,5525,8.9,46.5,0,0,60.8,94.4,,,
13981450,Lecce,Francesco Camarda,block,assisted,5508,13.1,34.2,0,0,48.2,19.0,10.1,38.3,0.0
13981450,Atalanta,Lazar Samardžić,miss,assisted,5380,21.0,73.0,0,0,66.9,76.4,,,
13981450,Lecce,Francesco Camarda,block,corner,5257,18.9,47.2,0,0,53.3,5.6,11.0,48.2,0.0
13981450,Lecce,Konan N'Dri,save,corner,5254,9.2,60.4,0,0,50.3,8.2,0.2,51.3,0.0
13981450,Lecce,Tiago Gabriel,miss,corner,5244,8.7,47.8,0,0,99.3,5.6,4.6,1.2,0.0
13981450,Atalanta,Raoul Bellanova,save,assisted,5141,4.8,73.6,0,0,48.4,1.9,1.0,55.4,0.0
13981450,Lecce,Konan N'Dri,goal,assisted,4909,18.9,50.8,0,0,54.0,25.9,,,
13981450,Atalanta,Charles De Ketelaere,goal,regular,4379,12.8,49.6,0,0,53.9,17.1,,,
13981450,Atalanta,Nikola Krstović,save,assisted,4302,7.6,72.3,0,0,48.4,12.7,1.1,55.4,0.0
13981450,Atalanta,Nicola Zalewski,goal,assisted,4142,21.0,42.1,0,0,54.1,2.5,,,
13981450,Atalanta,Nikola Krstović,miss,fast-break,3749,7.1,42.1,0,0,59.2,6.9,,,
13981450,Atalanta,Nikola Krstović,miss,assisted,3461,7.6,32.8,0,0,62.0,26.4,,,
13981450,Atalanta,Marten de Roon,save,assisted,3326,18.4,56.2,0,0,46.9,3.2,1.8,51.6,0.0
13981450,Atalanta,Mario Pašalić,save,set-piece,3254,4.7,43.2,0,0,50.9,15.2,1.5,46.7,0.0
13981450,Atalanta,Nicola Zalewski,post,free-kick,3252,18.9,50.1,0,0,51.3,38.6,,,
13981450,Atalanta,Charles De Ketelaere,goal,assisted,3045,15.5,51.4,0,0,46.4,3.8,,,
13981450,Atalanta,Kamaldeen Sulemana,block,regular,2923,8.8,37.8,0,0,54.8,19.0,7.6,38.8,0.0
13981450,Atalanta,Nikola Krstović,block,regular,2670,27.5,57.6,0,0,49.9,19.0,20.8,55.8,0.0
13981450,Atalanta,Nikola Krstović,miss,assisted,2356,15.8,61.3,0,0,61.5,15.3,,,
13981450,Atalanta,Giorgio Scalvini,goal,corner,2187,7.3,51.9,0,0,46.6,20.3,,,
13981450,Lecce,Tete Morente,save,assisted,1876,21.2,65.8,0,0,48.1,1.3,0.90000000000001,50.5,0.0
13981450,Atalanta,Nikola Krstović,miss,assisted,1661,20.9,44.0,0,0,40.2,4.2,,,
13981450,Lecce,Riccardo Sottil,miss,assisted,1562,24.3,74.4,0,0,59.3,11.1,,,
13981450,Lecce,Nikola Štulić,miss,regular,1436,26.5,57.0,0,0,38.3,93.1,,,
13981450,Atalanta,Isak Hien,miss,corner,865,8.2,47.6,0,0,70.8,27.8,,,
13981450,Atalanta,Nikola Krstović,block,assisted,801,14.5,62.2,0,0,48.9,19.0,13.2,61.2,0.0
13981450,Lecce,Alex Sala,block,regular,568,21.8,51.9,0,0,50.8,19.0,19.5,51.6,0.0
13981450,Lecce,Tete Morente,block,assisted,565,13.5,69.0,0,0,53.6,11.1,10.7,65.3,0.0
13981450,Lecce,Nikola Štulić,block,regular,468,24.7,54.4,0,0,53.9,8.3,15.4,51.8,0.0
13981450,Lecce,Ylber Ramadani,miss,assisted,269,24.4,40.2,0,0,62.4,75.0,,,
13981427,Parma,Gaetano Oristanio,block,assisted,5816,18.1,69.7,0,0,47.3,19.0,15.4,67.2,0.0
13981427,Parma,Milan Đurić,block,assisted,5659,8.8,37.0,0,0,52.6,19.0,7.7,38.3,0.0
13981427,Cagliari,Michael Folorunsho,block,assisted,4939,15.4,45.5,0,0,50.3,19.0,13.4,46.0,0.0
13981427,Cagliari,Mattia Felici,goal,regular,4596,4.4,39.5,0,0,48.7,1.3,,,
13981427,Cagliari,Michel Adopo,save,assisted,4594,4.5,66.7,0,0,48.7,7.0,1.5,57.6,0.0
13981427,Parma,Mateo Pellegrino,save,assisted,4417,25.7,69.3,0,0,46.8,15.8,1.6,51.4,0.0
13981427,Parma,Gaetano Oristanio,post,assisted,4220,9.5,51.0,0,0,53.3,39.2,,,
13981427,Parma,Patrick Cutrone,save,assisted,4152,10.4,41.2,0,0,53.1,0.6,1.2,48.4,0.0
13981427,Parma,Adrián Bernabé,miss,assisted,3961,20.3,65.6,0,0,59.0,45.8,,,
13981427,Parma,Patrick Cutrone,miss,assisted,3399,8.0,44.8,0,0,59.5,8.3,,,
13981427,Cagliari,Andrea Belotti,save,assisted,3342,13.2,66.9,0,0,51.7,19.0,11.4,65.2,0.0
13981427,Cagliari,Gianluca Gaetano,miss,regular,3132,15.4,56.2,0,0,42.4,4.2,,,
13981427,Parma,Abdoulaye Ndiaye,miss,set-piece,3011,8.3,53.8,0,0,36.5,13.9,6.6,54.9,0.0
13981427,Cagliari,Michael Folorunsho,miss,assisted,2899,25.9,57.5,0,0,64.2,5.6,11.0,47.7,0.0
13981427,Parma,Emanuele Valeri,block,throw-in-set-piece,2749,15.1,61.7,0,0,49.6,19.0,13.7,60.7,0.0
13981427,Parma,Adrián Bernabé,block,throw-in-set-piece,2747,15.1,66.2,0,0,50.5,19.0,12.5,63.4,0.0
13981427,Parma,Patrick Cutrone,block,assisted,2513,10.1,59.3,0,0,49.1,19.0,8.2,57.7,0.0
13981427,Parma,Patrick Cutrone,block,assisted,2499,18.9,51.1,0,0,49.1,19.0,17.5,51.1,0.0
13981427,Cagliari,Yerry Mina,goal,corner,1968,2.4,50.7,0,0,50.3,25.9,,,
13981427,Cagliari,Andrea Belotti,save,corner,1966,3.6,54.6,0,0,48.3,18.4,0.2,52.3,0.0
13981427,Cagliari,Gianluca Gaetano,block,assisted,1935,23.1,56.0,0,0,51.8,19.0,20.8,55.2,0.0
13981427,Parma,Patrick Cutrone,save,assisted,1729,7.8,60.6,0,0,47.8,9.5,0.59999999999999,52.9,0.0
13981427,Cagliari,Matteo Prati,block,regular,1455,23.9,52.7,0,0,51.2,19.0,21.8,52.3,0.0
13981427,Cagliari,Michael Folorunsho,miss,corner,916,19.4,28.0,0,0,36.5,54.2,,,
13981427,Cagliari,Sebastiano Esposito,block,corner,851,16.4,31.2,0,0,51.6,19.0,14.0,33.7,0.0
13981427,Parma,Adrián Bernabé,block,free-kick,666,23.2,79.5,0,0,49.4,19.0,14.9,69.1,0.0
13981427,Parma,Abdoulaye Ndiaye,miss,corner,496,2.7,44.9,0,0,52.9,52.8,,,
13981427,Parma,Patrick Cutrone,save,regular,459,13.8,50.9,0,0,49.4,18.4,7.7,50.5,0.0
13981427,Parma,Mateo Pellegrino,save,regular,458,18.5,44.6,0,0,49.7,8.2,7.1,47.7,0.0
13981455,Cagliari,Mattia Felici,save,throw-in-set-piece,5369,20.1,44.0,0,0,48.3,5.7,4.7,48.4,0.0
13981455,Lecce,Konan N'Dri,miss,corner,5015,14.5,78.9,0,0,42.4,6.9,,,
13981455,Lecce,Tiago Gabriel,miss,set-piece,4500,11.3,41.5,0,0,58.2,18.1,,,
13981455,Cagliari,Andrea Belotti,goal,penalty,4214,11.5,50.0,0,0,53.5,3.2,,,
13981455,Lecce,Tete Morente,miss,assisted,3970,5.8,41.1,0,0,59.2,13.9,,,
13981455,Cagliari,Alessandro Deiola,miss,assisted,3529,10.6,68.2,0,0,33.1,13.9,,,
13981455,Lecce,Mohamed Kaba,save,regular,3351,14.8,29.7,0,0,50.6,1.9,1.5,46.7,0.0
13981455,Lecce,Santiago Pierotti,save,assisted,3268,4.1,65.1,0,0,48.6,19.0,1.0,52.5,0.0
13981455,Cagliari,Andrea Belotti,miss,assisted,2879,9.9,60.6,0,0,57.0,79.2,,,
13981455,Lecce,Alex Sala,miss,set-piece,2818,16.4,52.8,0,0,38.3,77.8,,,
13981455,Lecce,Nikola Štulić,save,set-piece,2810,11.3,58.7,0,0,54.5,22.2,1.2,51.8,0.0
13981455,Cagliari,Sebastiano Esposito,post,corner,2691,16.3,19.2,0,0,44.9,22.8,,,
13981455,Cagliari,Sebastiano Esposito,block,assisted,2635,7.9,38.5,0,0,51.1,19.0,6.4,40.4,0.0
13981455,Cagliari,Michael Folorunsho,block,corner,2466,7.9,62.2,0,0,49.6,19.0,7.3,61.4,0.0
13981455,Cagliari,Michael Folorunsho,block,regular,2423,15.0,41.9,0,0,52.0,19.0,10.6,43.7,0.0
13981455,Cagliari,Andrea Belotti,goal,assisted,1958,7.5,48.4,0,0,53.7,5.1,,,
13981455,Cagliari,Marco Palestra,save,assisted,1892,15.1,68.2,0,0,50.6,17.1,1.8,52.2,0.0
13981455,Lecce,Ylber Ramadani,miss,set-piece,1792,23.8,24.8,0,0,33.6,68.1,,,
13981455,Lecce,Lassana Coulibaly,save,regular,1712,22.0,61.3,0,0,45.9,5.1,3.7,52.7,0.0
13981455,Cagliari,Alessandro Deiola,save,corner,1288,9.1,52.1,0,0,53.0,13.9,0.90000000000001,50.7,0.0
13981455,Cagliari,Michel Adopo,save,assisted,1115,10.5,66.2,0,0,46.5,18.4,1.6,52.2,0.0
13981455,Cagliari,Andrea Belotti,miss,corner,1060,6.4,47.3,0,0,56.6,29.2,,,
13981455,Cagliari,Matteo Prati,miss,corner,1059,15.6,67.3,0,0,70.8,6.9,6.7,46.4,0.0
13981455,Cagliari,Sebastiano Esposito,post,corner,1058,8.0,33.4,0,0,55.4,27.8,,,
13981455,Lecce,Kialonda Gaspar,miss,corner,911,8.5,46.6,0,0,62.7,15.3,,,
13981455,Lecce,Tiago Gabriel,goal,set-piece,257,5.1,50.6,0,0,49.5,13.9,,,
13981452,Hellas Verona,Yellu Santiago,miss,regular,5429,30.9,54.9,0,0,57.5,84.7,,,
13981452,Hellas Verona,Cheikh Niasse,miss,assisted,4969,8.3,69.0,0,0,51.4,66.7,,,
13981452,Juventus,Loïs Openda,save,corner,4797,3.8,68.5,0,0,46.7,17.1,0.59999999999999,54.2,0.0
13981452,Hellas Verona,Amin Sarr,miss,corner,4713,7.9,50.9,0,0,45.2,70.8,,,
13981452,Hellas Verona,Martin Frese,save,corner,4705,23.7,38.9,0,0,53.8,8.2,1.2,50.0,0.0
13981452,Hellas Verona,Gift Orban,block,assisted,4661,18.8,62.4,0,0,47.9,19.0,15.3,60.3,0.0
13981452,Juventus,Kenan Yıldız,miss,set-piece,4584,19.4,45.6,0,0,50.8,83.3,,,
13981452,Juventus,Federico Gatti,block,set-piece,4581,9.2,48.9,0,0,51.0,19.0,7.6,48.9,0.0
13981452,Hellas Verona,Gift Orban,miss,fast-break,4359,13.5,34.6,0,0,43.2,5.6,,,
13981452,Hellas Verona,Unai Núñez,miss,corner,4007,11.0,44.0,0,0,38.5,9.7,2.0,55.6,0.0
13981452,Hellas Verona,Gift Orban,miss,fast-break,3817,9.9,29.1,0,0,38.3,72.2,,,
13981452,Juventus,Vasilije Adžić,save,set-piece,3622,22.6,32.3,0,0,47.1,22.2,1.4,48.7,0.0
13981452,Hellas Verona,Gift Orban,save,fast-break,3212,23.2,66.7,0,0,50.6,35.4,2.2,51.3,0.0
13981452,Juventus,Kenan Yıldız,block,assisted,3144,23.7,36.0,0,0,49.8,19.0,13.3,42.2,0.0
13981452,Juventus,Dušan Vlahović,save,throw-in-set-piece,3019,12.3,27.4,0,0,53.4,3.2,2.8,44.0,0.0
13981452,Hellas Verona,Gift Orban,goal,penalty,2605,11.5,50.0,0,0,47.1,29.7,,,
13981452,Hellas Verona,Suat Serdar,block,regular,1690,18.2,71.1,0,0,50.9,19.0,3.5,53.4,0.0
13981452,Hellas Verona,Gift Orban,miss,regular,1375,41.5,63.8,0,0,68.6,13.9,5.5,45.3,0.0
13981452,Hellas Verona,Gift Orban,miss,assisted,1208,51.8,49.7,0,0,32.9,31.9,5.7,65.9,0.0
13981452,Juventus,Francisco Conceição,goal,assisted,1122,17.8,58.3,0,0,53.7,5.1,,,
13981452,Juventus,João Mário,miss,assisted,737,9.8,55.6,0,0,12.3,19.4,4.9,86.1,0.0
13981452,Juventus,Francisco Conceição,miss,throw-in-set-piece,682,10.8,36.4,0,0,37.6,8.3,8.4,48.7,0.0
13981452,Hellas Verona,Gift Orban,save,regular,612,10.2,56.2,0,0,48.3,6.3,7.3,53.8,0.0
13981452,Juventus,Federico Gatti,miss,set-piece,437,11.9,51.8,0,0,20.0,8.3,9.0,76.5,0.0
13981461,Fiorentina,Moise Kean,block,set-piece,5917,14.2,45.3,0,0,52.7,19.0,11.6,45.7,0.0
13981461,Como,Jayden Addai,goal,fast-break,5598,5.5,65.8,0,0,50.6,3.8,,,
13981461,Como,Sergi Roberto,miss,assisted,5275,12.6,43.0,0,0,40.3,15.3,,,
13981461,Como,Jayden Addai,miss,assisted,5137,19.8,62.4,0,0,59.3,76.4,,,
13981461,Fiorentina,Simon Sohm,miss,regular,5004,22.9,43.4,0,0,39.8,6.9,,,
13981461,Fiorentina,Hans Nicolussi Caviglia,miss,regular,4859,24.7,68.7,0,0,50.6,91.7,,,
13981461,Como,Álex Valle,miss,corner,4672,15.4,32.1,0,0,38.7,8.3,,,
13981461,Como,Nico Paz,save,assisted,4543,25.4,57.5,0,0,52.3,7.6,2.3,50.0,0.0
13981461,Como,Jesús Rodriguez,block,corner,4507,15.7,50.5,0,0,50.4,19.0,10.3,50.2,0.0
13981461,Como,Ivan Smolčić,miss,corner,4483,5.7,38.0,0,0,0.8,6.9,6.8,90.1,0.0
13981461,Como,Jesús Rodriguez,miss,assisted,4391,13.9,40.3,0,0,41.5,66.7,,,
13981461,Como,Nico Paz,save,regular,3980,21.8,54.2,0,0,51.9,3.2,2.5,50.7,0.0
13981461,Como,Jesús Rodriguez,block,assisted,3964,20.9,37.0,0,0,51.9,19.0,18.5,38.3,0.0
13981461,Como,Marc-Oliver Kempf,goal,set-piece,3889,8.7,58.5,0,0,53.6,13.3,,,
13981461,Como,Álex Valle,miss,regular,3746,15.3,38.5,0,0,43.4,76.4,,,
13981461,Como,Sergi Roberto,miss,regular,3203,22.0,37.6,0,0,51.8,84.7,,,
13981461,Como,Sergi Roberto,save,assisted,3123,18.8,51.3,0,0,48.2,31.0,1.9,50.9,0.0
13981461,Como,Nico Paz,block,free-kick,3134,19.5,68.5,0,0,51.0,19.0,12.0,61.0,0.0
13981461,Como,Álvaro Morata,save,assisted,2285,2.1,34.8,0,0,52.8,1.3,1.1,39.9,0.0
13981461,Como,Nico Paz,save,assisted,2230,24.5,39.2,0,0,47.3,1.3,2.9,48.4,0.0
13981461,Como,Álvaro Morata,miss,assisted,1990,26.4,42.1,0,0,38.7,18.1,,,
13981461,Fiorentina,Roberto Piccoli,miss,corner,1647,6.3,37.6,0,0,59.8,19.4,,,
13981461,Fiorentina,Rolando Mandragora,block,throw-in-set-piece,1391,19.2,49.3,0,0,50.9,19.0,17.2,49.3,0.0
13981461,Como,Máximo Perrone,miss,assisted,1233,8.9,53.4,0,0,47.6,70.8,,,
13981461,Fiorentina,Moise Kean,miss,assisted,627,13.5,34.2,0,0,55.5,62.5,,,
13981461,Fiorentina,Rolando Mandragora,goal,set-piece,305,16.6,51.5,0,0,46.4,17.1,,,
13981461,Fiorentina,Rolando Mandragora,block,free-kick,302,19.6,50.5,0,0,47.5,19.0,10.2,51.4,0.0
13981456,Sassuolo,Walid Cheddira,block,throw-in-set-piece,5646,23.1,40.6,0,0,52.0,19.0,21.4,41.2,0.0
13981456,Sassuolo,Domenico Berardi,save,assisted,5529,26.6,76.3,0,0,47.0,1.9,0.7,50.5,0.0
13981456,Inter,Federico Dimarco,save,assisted,5113,10.7,44.2,0,0,51.9,3.8,5.9,47.1,0.0
13981456,Sassuolo,Walid Cheddira,goal,assisted,4989,10.4,51.3,0,0,46.2,1.3,,,
13981456,Sassuolo,Kristian Thorstvedt,block,assisted,4911,26.2,52.6,0,0,52.4,19.0,22.0,51.8,0.0
13981456,Inter,Tarik Muharemović,goal,corner,4819,14.1,54.2,0,0,53.1,1.3,,,
13981456,Inter,Carlos Augusto,miss,corner,4818,18.5,49.8,0,0,41.0,16.7,13.2,53.8,0.0
13981456,Inter,Lautaro Martínez,block,corner,4813,6.8,49.9,0,0,49.2,19.0,6.0,50.0,0.0
13981456,Inter,Luís Henrique,block,assisted,4766,7.9,72.0,0,0,45.3,19.0,6.2,68.2,0.0
13981456,Inter,Carlos Augusto,save,fast-break,4557,11.6,46.0,0,0,51.0,13.3,4.5,48.6,0.0
13981456,Inter,Davide Frattesi,save,assisted,4506,7.3,74.7,0,0,50.6,2.5,1.0,54.5,0.0
13981456,Inter,Lautaro Martínez,block,assisted,4418,13.1,37.8,0,0,51.0,19.0,11.5,39.2,0.0
13981456,Inter,Francesco Pio Esposito,save,assisted,3975,6.0,44.2,0,0,50.0,8.9,1.1,47.5,0.0
13981456,Sassuolo,Andrea Pinamonti,save,assisted,3714,9.6,55.6,0,0,51.9,25.9,0.90000000000001,52.2,0.0
13981456,Inter,Francesco Pio Esposito,miss,assisted,3637,18.5,47.2,0,0,58.2,66.7,,,
13981456,Sassuolo,Armand Laurienté,save,fast-break,3068,15.6,28.0,0,0,49.4,1.9,1.1,47.5,0.0
13981456,Inter,Marcus Thuram,block,assisted,3058,3.0,63.0,0,0,47.0,19.0,2.0,59.7,0.0
13981456,Inter,Manuel Akanji,block,corner,3016,8.4,48.6,0,0,49.8,19.0,6.7,48.9,0.0
13981456,Inter,Denzel Dumfries,block,assisted,2978,6.1,67.3,0,0,47.3,19.0,4.2,62.8,0.0
13981456,Sassuolo,Armand Laurienté,block,assisted,2619,12.9,34.0,0,0,53.3,19.0,11.5,35.4,0.0
13981456,Inter,Francesco Pio Esposito,miss,assisted,2353,11.4,52.6,0,0,53.8,76.4,,,
13981456,Inter,Marcus Thuram,miss,assisted,1724,8.6,68.5,0,0,58.5,8.3,,,
13981456,Inter,Hakan Çalhanoğlu,miss,assisted,1467,18.4,55.6,0,0,46.2,61.1,,,
13981456,Inter,Nicolò Barella,miss,assisted,1285,28.4,63.0,0,0,39.7,95.8,,,
13981456,Sassuolo,Domenico Berardi,miss,fast-break,1099,5.8,69.7,0,0,61.3,1.4,,,
13981456,Inter,Federico Dimarco,goal,assisted,808,12.3,39.9,0,0,52.9,4.4,,,
13981456,Inter,Francesco Pio Esposito,miss,fast-break,617,12.2,71.5,0,0,41.2,76.4,,,
13981456,Sassuolo,Domenico Berardi,save,assisted,516,26.6,63.8,0,0,48.0,16.5,1.1,52.3,0.0
13981456,Inter,Carlos Augusto,miss,corner,424,7.9,58.3,0,0,64.0,8.3,,,
13981456,Inter,Carlos Augusto,save,assisted,380,9.2,35.0,0,0,48.4,5.1,2.5,44.4,0.0
13981458,Pisa,Lorran,goal,assisted,5373,6.3,51.7,0,0,49.7,27.8,,,
13981458,Pisa,Henrik Wendel Meister,block,assisted,5185,11.4,69.7,0,0,50.3,19.0,10.5,68.1,0.0
13981458,Pisa,Matteo Tramoni,miss,regular,5092,18.5,48.3,0,0,39.7,5.6,,,
13981458,Napoli,Lorenzo Lucca,goal,assisted,4908,8.0,65.6,0,0,46.6,26.6,,,
13981458,Napoli,Leonardo Spinazzola,goal,assisted,4347,24.7,45.6,0,0,54.0,1.3,,,
13981458,Napoli,Giovanni Di Lorenzo,save,assisted,4292,12.5,48.9,0,0,51.2,16.5,1.5,50.0,0.0
13981458,Napoli,Kevin De Bruyne,miss,set-piece,4013,21.5,65.4,0,0,53.1,72.2,,,
13981458,Napoli,Alessandro Buongiorno,block,set-piece,4004,4.5,58.7,0,0,48.4,19.0,3.5,57.0,0.0
13981458,Napoli,Sam Beukema,save,corner,3771,3.6,53.4,0,0,47.9,2.5,1.0,51.3,0.0
13981458,Napoli,Frank Anguissa,block,corner,3768,10.5,55.2,0,0,51.5,19.0,8.0,53.6,0.0
13981458,Napoli,Matteo Politano,block,corner,3767,16.3,66.7,0,0,52.7,19.0,14.1,64.1,0.0
13981458,Pisa,M'Bala Nzola,goal,penalty,3564,11.5,50.0,0,0,48.6,27.2,,,
13981458,Pisa,Simone Canestrelli,block,corner,3461,3.8,46.4,0,0,52.3,19.0,2.3,46.9,0.0
13981458,Pisa,Mateus Lusuardi,block,corner,3460,7.6,34.7,0,0,48.1,19.0,3.3,44.4,0.0
13981458,Pisa,Ebenezer Akinsanmiro,save,assisted,3374,25.3,49.1,0,0,51.0,31.6,1.9,49.3,0.0
13981458,Napoli,Scott McTominay,miss,assisted,3216,24.7,44.8,0,0,43.7,54.2,,,
13981458,Napoli,Matteo Politano,miss,assisted,3140,17.9,72.1,0,0,59.7,77.8,,,
13981458,Pisa,Giovanni Bonfanti,save,assisted,2946,9.1,36.0,0,0,52.9,17.1,0.7,48.7,0.0
13981458,Napoli,Rasmus Højlund,block,regular,2902,13.3,39.3,0,0,54.1,19.0,11.8,40.1,0.0
13981458,Pisa,M'Bala Nzola,miss,assisted,2839,13.0,47.3,0,0,65.7,16.7,0.7,38.4,0.0
13981458,Pisa,Simone Canestrelli,save,throw-in-set-piece,2812,9.5,45.5,0,0,48.1,30.4,1.1,48.9,0.0
13981458,Pisa,Mehdi Léris,save,assisted,2689,3.3,57.3,0,0,46.8,6.3,1.0,53.6,0.0
13981458,Pisa,M'Bala Nzola,block,fast-break,2678,15.3,69.6,0,0,54.5,19.0,13.1,66.1,0.0
13981458,Napoli,Billy Gilmour,goal,regular,2324,13.8,48.6,0,0,46.5,16.5,,,
13981458,Pisa,Ebenezer Akinsanmiro,miss,assisted,2263,20.7,39.9,0,0,41.8,6.9,4.7,52.7,0.0
13981458,Napoli,Matteo Politano,block,assisted,1526,18.2,63.8,0,0,53.6,19.0,16.0,61.7,0.0
13981458,Napoli,Scott McTominay,block,regular,1510,10.2,32.7,0,0,52.1,19.0,8.6,35.0,0.0
13981458,Napoli,Eljif Elmas,block,fast-break,1433,14.8,65.2,0,0,51.2,19.0,6.3,55.8,0.0
13981458,Napoli,Kevin De Bruyne,block,assisted,1352,10.4,34.0,0,0,50.0,19.0,9.0,36.1,0.0
13981458,Napoli,Scott McTominay,miss,regular,1258,9.1,44.4,0,0,70.8,27.8,6.3,40.2,0.0
13981458,Pisa,Mateus Lusuardi,block,corner,1062,13.6,41.3,0,0,49.9,19.0,10.2,43.5,0.0
13981458,Napoli,Kevin De Bruyne,save,corner,739,19.4,50.1,0,0,46.7,6.3,0.59999999999999,49.8,0.0
13981458,Pisa,M'Bala Nzola,block,assisted,442,23.1,46.4,0,0,53.7,19.0,19.8,46.4,0.0
13981454,Torino,Duván Zapata,block,assisted,5474,20.6,39.1,0,0,49.4,19.0,18.7,40.2,0.0
13981454,Torino,Kristjan Asllani,block,regular,5253,22.5,31.1,0,0,50.1,19.0,18.9,34.1,0.0
13981454,Atalanta,Raoul Bellanova,miss,assisted,4564,9.4,63.7,0,0,53.9,70.8,,,
13981454,Torino,Cesare Casadei,save,set-piece,4361,10.8,46.0,0,0,51.5,15.8,1.5,48.4,0.0
13981454,Torino,Duván Zapata,save,penalty,4357,11.5,50.0,0,0,53.6,5.1,0.5,49.8,0.0
13981454,Torino,Duván Zapata,save,throw-in-set-piece,4170,13.0,29.1,0,0,52.4,6.3,1.4,47.8,0.0
13981454,Atalanta,Kamaldeen Sulemana,save,assisted,4028,25.3,53.0,0,0,46.9,3.2,1.5,49.6,0.0
13981454,Torino,Giovanni Simeone,save,regular,4001,14.7,47.1,0,0,51.6,3.8,5.5,49.3,0.0
13981454,Torino,Che Adams,block,assisted,3925,24.0,50.1,0,0,51.3,19.0,19.3,49.8,0.0
13981454,Torino,Giovanni Simeone,miss,assisted,3812,27.8,40.1,0,0,52.3,70.8,,,
13981454,Torino,Giovanni Simeone,save,assisted,2829,22.5,49.9,0,0,52.3,7.6,1.2,50.9,0.0
13981454,Atalanta,Kamaldeen Sulemana,miss,assisted,2473,14.2,35.8,0,0,57.6,15.3,,,
13981454,Atalanta,Nikola Krstović,goal,assisted,2246,3.6,53.6,0,0,48.1,27.2,,,
13981454,Atalanta,Kamaldeen Sulemana,goal,assisted,2037,12.3,45.8,0,0,46.0,1.3,,,
13981454,Atalanta,Lazar Samardžić,post,assisted,2035,11.7,57.3,0,0,55.2,7.0,,,
13981454,Atalanta,Nikola Krstović,goal,assisted,1798,10.8,57.3,0,0,53.3,7.0,,,
13981454,Torino,Giovanni Simeone,miss,assisted,1498,10.2,46.6,0,0,35.5,16.7,,,
13981454,Atalanta,Nikola Krstović,save,assisted,1074,15.3,54.6,0,0,52.3,3.8,0.7,51.1,0.0
13981454,Torino,Nikola Vlašić,miss,assisted,659,20.9,63.4,0,0,60.3,13.9,,,
13981454,Atalanta,Nikola Krstović,block,set-piece,164,8.5,54.2,0,0,49.3,19.0,6.9,53.5,0.0
13981457,Roma,Tommaso Baldanzi,miss,assisted,5762,14.0,63.6,0,0,60.0,25.0,,,
13981457,Lazio,Danilo Cataldi,post,assisted,5635,21.9,34.2,0,0,44.8,32.9,,,
13981457,Roma,Artem Dovbyk,miss,assisted,5397,3.1,65.4,0,0,43.4,15.3,,,
13981457,Lazio,Valentín Castellanos,miss,set-piece,5370,12.5,46.0,0,0,58.7,13.9,5.4,44.2,0.0
13981457,Roma,Tommaso Baldanzi,miss,regular,4892,9.4,59.3,0,0,69.6,19.4,,,
13981457,Lazio,Valentín Castellanos,miss,assisted,4513,13.8,41.7,0,0,43.5,22.2,,,
13981457,Lazio,Danilo Cataldi,miss,corner,4147,28.2,51.9,0,0,53.9,90.3,,,
13981457,Lazio,Valentín Castellanos,save,assisted,3808,9.2,72.1,0,0,47.9,1.9,1.1,53.2,0.0
13981457,Roma,Evan Ndicka,miss,corner,3611,3.2,51.0,0,0,52.1,76.4,,,
13981457,Lazio,Boulaye Dia,miss,assisted,3226,14.7,53.0,0,0,46.4,56.9,,,
13981457,Roma,Angeliño,save,assisted,2933,8.2,31.0,0,0,54.4,17.7,1.2,44.8,0.0
13981457,Roma,Devyne Rensch,save,assisted,2846,4.4,59.6,0,0,50.0,0.6,0.3,53.4,0.0
13981457,Roma,Evan Ferguson,miss,assisted,2845,7.4,40.3,0,0,14.8,8.3,4.6,61.9,0.0
13981457,Roma,Lorenzo Pellegrini,save,regular,2733,14.4,52.1,0,0,50.3,26.6,2.5,50.0,0.0
13981457,Roma,Angeliño,miss,corner,2679,15.3,45.4,0,0,18.5,5.6,13.3,54.9,0.0
13981457,Roma,Bryan Cristante,block,corner,2676,4.1,60.3,0,0,47.7,19.0,2.8,57.8,0.0
13981457,Roma,Matías Soulé,save,free-kick,2430,24.8,64.6,0,0,49.1,24.1,1.9,49.3,0.0
13981457,Roma,Lorenzo Pellegrini,goal,assisted,2226,13.9,55.6,0,0,54.2,7.0,,,
13981457,Lazio,Alessio Romagnoli,miss,corner,1746,10.4,44.1,0,0,48.4,54.2,,,
13981457,Lazio,Mattia Zaccagni,save,assisted,1712,15.9,23.6,0,0,47.1,25.3,1.9,46.7,0.0
13981457,Roma,Evan Ferguson,save,assisted,1633,15.9,27.9,0,0,53.9,1.3,1.9,47.1,0.0
13981457,Lazio,Nuno Tavares,miss,assisted,1335,20.4,35.0,0,0,57.0,59.7,,,
13981457,Lazio,Pedro,miss,regular,1013,19.7,47.0,0,0,52.8,62.5,,,
13981463,Parma,Mathias Løvik,miss,fast-break,5404,5.5,68.3,0,0,50.3,86.1,,,
13981463,Parma,Christian Ordoñez,block,fast-break,5402,8.8,43.6,0,0,48.7,19.0,7.5,44.8,0.0
13981463,Cremonese,Franco Vázquez,save,assisted,5354,27.3,80.7,0,0,54.2,32.3,2.0,51.4,0.0
13981463,Cremonese,Faris Moumbagna,block,corner,5045,10.2,51.1,0,0,49.6,19.0,4.7,50.7,0.0
13981463,Parma,Pontus Almqvist,block,regular,4831,15.0,62.2,0,0,49.2,19.0,6.6,55.8,0.0
13981463,Parma,Enrico Delprato,save,assisted,4829,3.9,70.6,0,0,49.8,1.9,0.7,55.8,0.0
13981463,Parma,Gaetano Oristanio,block,assisted,4800,15.0,61.3,0,0,50.4,19.0,13.7,60.3,0.0
13981463,Parma,Oliver Sørensen,miss,assisted,4213,11.0,44.4,0,0,66.7,2.8,,,
13981463,Parma,Adrián Bernabé,block,assisted,4200,19.9,70.8,0,0,51.8,19.0,18.1,68.8,0.0
13981463,Parma,Gaetano Oristanio,miss,set-piece,4140,7.1,58.4,0,0,97.3,4.2,5.0,24.2,0.0
13981463,Parma,Patrick Cutrone,miss,throw-in-set-piece,3654,19.2,32.1,0,0,48.9,84.7,,,
13981463,Parma,Adrián Bernabé,save,assisted,3343,29.7,63.1,0,0,53.2,2.5,1.6,50.5,0.0
13981463,Cremonese,Federico Baschirotto,miss,set-piece,2812,10.2,48.1,0,0,46.4,69.4,,,
13981463,Parma,Mateo Pellegrino,save,throw-in-set-piece,1900,15.0,65.6,0,0,47.9,2.5,1.6,52.5,0.0
13981463,Parma,Mateo Pellegrino,block,assisted,533,7.6,52.9,0,0,50.7,19.0,6.4,52.3,0.0
13981463,Parma,Patrick Cutrone,miss,set-piece,300,8.8,61.7,0,0,42.4,16.7,,,
13981463,Parma,Emanuele Valeri,block,set-piece,290,21.8,49.5,0,0,50.8,19.0,18.2,49.5,0.0
13981463,Parma,Emanuele Valeri,miss,free-kick,159,15.1,82.0,0,0,73.1,56.9,,,
13981453,Udinese,Lennon Miller,miss,corner,5589,25.3,57.5,0,0,52.8,63.9,,,
13981453,Milan,Adrien Rabiot,miss,assisted,5477,6.3,31.1,0,0,36.8,8.3,,,
13981453,Udinese,Lennon Miller,save,assisted,5254,9.6,43.1,0,0,51.6,16.5,1.2,49.3,0.0
13981453,Milan,Pervis Estupiñán,miss,corner,5055,26.5,49.1,0,0,59.0,2.8,,,
13981453,Udinese,Oumar Solet,miss,regular,4792,18.8,49.7,0,0,38.7,12.5,,,
13981453,Milan,Alexis Saelemaekers,save,regular,4767,11.4,58.3,0,0,47.9,2.5,1.4,50.2,0.0
13981453,Milan,Adrien Rabiot,block,assisted,4764,13.4,48.3,0,0,51.5,19.0,8.3,48.4,0.0
13981453,Udinese,Nicolò Zaniolo,miss,assisted,4695,27.3,56.1,0,0,39.7,22.2,,,
13981453,Udinese,Arthur Atta,save,assisted,4653,23.7,69.1,0,0,46.5,3.2,2.0,51.6,0.0
13981453,Udinese,Arthur Atta,save,assisted,4524,47.3,55.8,0,0,48.1,12.7,14.1,51.4,0.0
13981453,Milan,Pervis Estupiñán,miss,assisted,3963,3.5,34.0,0,0,60.7,69.4,,,
13981453,Udinese,Nicolò Zaniolo,block,assisted,3886,19.2,60.9,0,0,50.4,19.0,11.1,56.1,0.0
13981453,Milan,Christopher Nkunku,miss,assisted,3834,9.9,36.2,0,0,54.3,75.0,,,
13981453,Milan,Ruben Loftus-Cheek,miss,assisted,3770,8.8,57.0,0,0,48.7,70.8,,,
13981453,Udinese,Arthur Atta,block,assisted,3618,16.1,45.6,0,0,50.6,19.0,14.7,45.9,0.0
13981453,Milan,Fikayo Tomori,miss,assisted,3328,22.3,52.3,0,0,53.6,80.6,,,
13981453,Milan,Christian Pulišić,goal,assisted,3126,9.2,67.7,0,0,48.1,24.1,,,
13981453,Milan,Youssouf Fofana,goal,assisted,2752,11.6,39.3,0,0,54.1,1.3,,,
13981453,Milan,Christian Pulišić,goal,regular,2340,7.9,45.8,0,0,49.9,23.4,,,
13981453,Milan,Santiago Giménez,save,assisted,1117,10.8,43.0,0,0,50.3,15.2,3.7,46.9,0.0
13981453,Milan,Christian Pulišić,save,assisted,155,3.8,66.2,0,0,47.4,19.6,1.0,54.7,0.0
13981453,Udinese,Arthur Atta,save,regular,125,26.6,40.3,0,0,50.7,16.5,2.8,49.3,0.0
13981453,Udinese,Iker Bravo,block,assisted,121,22.5,41.1,0,0,51.9,19.0,15.9,43.1,0.0
13981460,Bologna,Riccardo Orsolini,goal,penalty,5918,11.5,50.0,0,0,45.9,11.4,,,
13981460,Bologna,Riccardo Orsolini,post,assisted,5394,7.7,53.2,0,0,51.3,39.9,,,
13981460,Bologna,Nicolò Cambiaghi,miss,assisted,4850,16.1,31.9,0,0,0.3,12.5,4.0,100.0,0.0
13981460,Bologna,Santiago Castro,goal,assisted,4346,7.9,42.7,0,0,45.7,3.2,,,
13981460,Genoa,Ruslan Malinovskyi,block,assisted,4062,26.5,40.9,0,0,49.6,19.0,16.2,44.6,0.0
13981460,Bologna,Santiago Castro,save,throw-in-set-piece,4023,8.9,46.8,0,0,53.1,12.7,1.2,48.2,0.0
13981460,Bologna,Martin Vitík,miss,throw-in-set-piece,4021,7.1,42.1,0,0,35.1,8.3,6.4,49.3,0.0
13981460,Bologna,Santiago Castro,save,throw-in-set-piece,3974,8.8,52.8,0,0,46.7,32.9,1.0,52.0,0.0
13981460,Genoa,Mikael Ellertsson,goal,assisted,3766,9.6,66.8,0,0,47.7,22.2,,,
13981460,Genoa,Vitinha,miss,assisted,3712,3.4,40.1,0,0,57.3,26.4,,,
13981460,Bologna,Riccardo Orsolini,miss,fast-break,3469,10.4,64.6,0,0,99.5,27.8,4.0,0.0,0.0
13981460,Bologna,Riccardo Orsolini,save,assisted,2404,12.6,70.1,0,0,51.1,12.0,1.4,53.1,0.0
13981460,Bologna,Torbjørn Heggem,miss,corner,2268,13.1,49.3,0,0,52.9,56.9,,,
13981460,Genoa,Aarón Martín,save,regular,2045,14.1,45.8,0,0,50.4,22.2,3.3,50.0,0.0
13981460,Genoa,Lorenzo Colombo,save,assisted,1926,27.4,56.4,0,0,50.9,6.3,2.3,50.4,0.0
13981460,Bologna,Federico Bernardeschi,block,regular,1794,9.2,72.0,0,0,47.7,19.0,7.9,69.1,0.0
13981460,Bologna,Nikola Moro,block,assisted,1791,30.0,42.3,0,0,48.2,19.0,24.5,44.0,0.0
13981460,Bologna,Riccardo Orsolini,save,fast-break,1420,8.8,29.7,0,0,53.4,4.4,1.4,45.8,0.0
13981460,Genoa,Johan Vásquez,save,corner,1046,12.5,54.2,0,0,47.2,0.6,1.6,51.4,0.0
13981460,Genoa,Lorenzo Colombo,miss,throw-in-set-piece,293,5.5,43.2,0,0,64.0,19.4,,,
13981460,Bologna,Nikola Moro,block,corner,81,23.4,54.6,0,0,48.9,19.0,19.2,54.0,0.0
13981472,Napoli,Giovanni Di Lorenzo,miss,throw-in-set-piece,5824,9.0,50.0,0,0,50.4,61.1,,,
13981472,Napoli,David Neres,save,assisted,5778,23.2,67.5,0,0,53.5,15.2,0.7,53.6,0.0
13981472,Napoli,Eljif Elmas,block,assisted,5717,9.9,39.8,0,0,51.0,19.0,8.3,41.3,0.0
13981472,Napoli,Billy Gilmour,block,regular,5608,14.3,58.1,0,0,50.9,19.0,10.6,55.8,0.0
13981472,Napoli,David Neres,block,assisted,5431,21.2,75.1,0,0,49.3,19.0,11.6,64.1,0.0
13981472,Napoli,Luca Marianucci,block,regular,5316,27.1,63.4,0,0,50.3,19.0,23.4,61.6,0.0
13981472,Napoli,Noa Lang,save,assisted,5272,23.8,30.7,0,0,47.7,12.0,1.4,48.9,0.0
13981472,Napoli,Eljif Elmas,block,assisted,5034,10.5,48.1,0,0,52.3,19.0,8.4,48.0,0.0
13981472,Napoli,Giovanni Di Lorenzo,miss,assisted,4490,3.4,57.3,0,0,49.7,63.9,,,
13981472,Napoli,Miguel Gutiérrez,miss,assisted,3845,26.6,52.1,0,0,59.3,27.8,,,
13981472,Napoli,Kevin De Bruyne,goal,penalty,3566,11.5,50.0,0,0,47.6,5.1,,,
13981472,Napoli,Frank Anguissa,save,assisted,3201,3.8,48.1,0,0,50.1,10.8,0.099999999999994,48.7,0.0
13981472,Napoli,Kevin De Bruyne,block,corner,2917,25.9,48.7,0,0,47.0,19.0,21.4,49.5,0.0
13981472,Napoli,Frank Anguissa,miss,assisted,2566,9.2,46.0,0,0,39.7,22.2,,,
13981472,Napoli,Giovanni Di Lorenzo,save,assisted,2432,5.8,55.2,0,0,48.1,26.6,1.4,53.6,0.0
13981472,Milan,Alexis Saelemaekers,save,assisted,2333,10.0,73.0,0,0,48.3,19.6,1.4,53.1,0.0
13981472,Napoli,Frank Anguissa,miss,assisted,2186,9.9,54.2,0,0,55.0,73.6,,,
13981472,Milan,Christian Pulišić,goal,assisted,1830,8.9,42.7,0,0,51.1,20.9,,,
13981472,Milan,Youssouf Fofana,miss,fast-break,1596,15.6,36.0,0,0,53.8,51.4,,,
13981472,Napoli,Frank Anguissa,miss,assisted,1210,23.1,34.0,0,0,51.6,84.7,,,
13981472,Milan,Strahinja Pavlović,miss,corner,987,3.4,53.7,0,0,42.2,22.2,,,
13981472,Napoli,Scott McTominay,save,assisted,618,14.9,30.3,0,0,46.8,5.1,1.8,47.1,0.0
13981472,Napoli,Miguel Gutiérrez,save,assisted,610,7.9,38.3,0,0,53.0,17.1,0.90000000000001,47.3,0.0
13981472,Milan,Luka Modrić,block,set-piece,328,27.5,37.3,0,0,52.1,6.9,20.5,40.4,0.0
13981472,Milan,Alexis Saelemaekers,goal,assisted,143,3.8,58.7,0,0,48.6,12.7,,,
13981464,Genoa,Lorenzo Venturino,save,set-piece,5690,27.1,32.9,0,0,47.7,14.6,0.59999999999999,50.0,0.0
13981464,Genoa,Valentín Carboni,miss,assisted,5444,24.5,73.8,0,0,48.6,84.7,,,
13981464,Lazio,Pedro,miss,regular,5084,14.1,36.2,0,0,35.0,4.2,,,
13981464,Genoa,Jeff Ekhator,miss,corner,4831,0.7,40.0,0,0,56.5,23.6,,,
13981464,Genoa,Caleb Ekuban,save,assisted,4815,9.1,71.2,0,0,45.2,1.9,0.5,53.6,0.0
13981464,Genoa,Jeff Ekhator,miss,set-piece,4450,10.1,52.4,0,0,61.3,11.1,1.9,43.3,0.0
13981464,Lazio,Mattia Zaccagni,miss,assisted,4327,4.7,51.2,0,0,42.2,25.0,,,
13981464,Lazio,Matteo Cancellieri,miss,assisted,4280,11.9,54.2,0,0,54.3,63.9,,,
13981464,Lazio,Mattia Zaccagni,goal,set-piece,3756,1.3,47.6,0,0,53.5,17.1,,,
13981464,Lazio,Boulaye Dia,save,set-piece,3754,2.3,48.9,0,0,49.8,19.0,0.7,49.8,0.0
13981464,Lazio,Matteo Cancellieri,save,set-piece,3753,9.3,57.7,0,0,47.4,9.5,0.7,51.4,0.0
13981464,Genoa,Lorenzo Colombo,block,corner,3385,12.8,57.9,0,0,47.2,19.0,11.1,57.2,0.0
13981464,Genoa,Johan Vásquez,miss,corner,3376,6.1,33.5,0,0,0.2,18.1,5.0,50.9,0.0
13981464,Genoa,Vitinha,miss,regular,2931,16.9,49.7,0,0,33.1,19.4,,,
13981464,Genoa,Patrizio Masini,block,regular,2928,22.6,70.3,0,0,49.4,19.0,15.3,63.9,0.0
13981464,Genoa,Ruslan Malinovskyi,save,corner,2613,21.9,75.0,0,0,46.6,8.9,1.2,51.8,0.0
13981464,Genoa,Lorenzo Colombo,save,assisted,2589,10.4,51.8,0,0,46.1,3.2,2.9,50.4,0.0
13981464,Genoa,Mikael Ellertsson,save,assisted,2449,11.9,35.4,0,0,51.2,11.4,9.0,38.6,0.0
13981464,Genoa,Ruslan Malinovskyi,miss,free-kick,2166,23.1,27.0,0,0,40.5,2.8,,,
13981464,Genoa,Johan Vásquez,block,regular,1975,25.3,44.0,0,0,50.5,19.0,18.5,45.5,0.0
13981464,Lazio,Valentín Castellanos,goal,fast-break,1769,11.6,56.6,0,0,47.1,1.9,,,
13981464,Genoa,Lorenzo Colombo,miss,assisted,1427,9.4,39.3,0,0,50.4,86.1,,,
13981464,Genoa,Vitinha,block,set-piece,1283,10.1,64.8,0,0,47.8,19.0,4.7,58.1,0.0
13981464,Genoa,Vitinha,miss,assisted,1143,20.0,28.2,0,0,48.4,51.4,,,
13981464,Lazio,Matteo Cancellieri,save,regular,933,28.8,66.1,0,0,48.7,17.7,24.7,63.9,0.0
13981464,Lazio,Matteo Cancellieri,goal,assisted,225,9.8,65.6,0,0,52.9,17.7,,,
13981462,Cremonese,Romano Floriani Mussolini,miss,assisted,5671,16.7,50.9,0,0,62.4,31.9,,,
13981462,Cremonese,Federico Baschirotto,save,set-piece,5600,17.6,51.8,0,0,53.9,29.1,1.4,50.4,0.0
13981462,Como,Jayden Addai,miss,fast-break,5017,17.3,69.1,0,0,43.7,23.6,,,
13981462,Como,Jesús Rodriguez,miss,assisted,4546,22.5,40.7,0,0,45.7,97.2,,,
13981462,Como,Marc-Oliver Kempf,miss,corner,4479,6.6,45.2,0,0,65.9,13.9,,,
13981462,Como,Stefan Posch,block,assisted,4430,24.7,69.5,0,0,48.1,19.0,18.4,65.0,0.0
13981462,Cremonese,Federico Baschirotto,goal,corner,4113,8.0,49.9,0,0,53.2,10.1,,,
13981462,Cremonese,Matteo Bianchetti,miss,corner,3982,8.6,55.1,0,0,48.9,69.4,,,
13981462,Como,Stefan Posch,save,set-piece,3645,13.8,46.2,0,0,50.0,26.6,0.59999999999999,47.8,0.0
13981462,Cremonese,Giuseppe Pezzella,miss,regular,3517,13.5,28.0,0,0,51.8,62.5,,,
13981462,Cremonese,Giuseppe Pezzella,miss,assisted,3180,8.9,31.5,0,0,47.1,81.9,,,
13981462,Como,Anastasios Douvikas,save,assisted,3156,10.5,29.1,0,0,48.7,22.2,7.2,34.5,0.0
13981462,Como,Nico Paz,save,assisted,3051,17.4,68.9,0,0,52.6,5.7,3.6,54.3,0.0
13981462,Como,Nico Paz,save,regular,2773,26.8,49.9,0,0,53.2,12.7,2.3,51.3,0.0
13981462,Como,Anastasios Douvikas,miss,assisted,2736,12.0,42.1,0,0,36.0,54.2,,,
13981462,Cremonese,Federico Baschirotto,miss,assisted,2748,10.7,68.4,0,0,42.5,22.2,,,
13981462,Como,Jesús Rodriguez,save,regular,2207,8.8,49.1,0,0,50.3,20.3,3.5,49.5,0.0
13981462,Como,Lucas Da Cunha,block,assisted,2086,25.9,48.7,0,0,49.4,19.0,20.5,49.1,0.0
13981462,Cremonese,Martín Payero,miss,set-piece,2018,19.2,31.9,0,0,58.3,75.0,,,
13981462,Como,Nico Paz,goal,assisted,1874,10.7,56.6,0,0,48.1,19.0,,,
13981462,Como,Sergi Roberto,block,assisted,1091,16.1,41.7,0,0,51.0,19.0,13.3,43.0,0.0
13981462,Como,Nicolas-Gerrit Kühn,miss,fast-break,959,18.5,53.7,0,0,56.6,55.6,,,
13981462,Cremonese,Federico Bonazzoli,miss,regular,438,46.1,56.4,0,0,57.1,34.7,0.90000000000001,43.9,0.0
13981476,Sassuolo,Walid Cheddira,save,assisted,5342,13.0,62.8,0,0,47.1,10.1,1.6,52.0,0.0
13981476,Sassuolo,Andrea Pinamonti,save,regular,5043,3.9,36.2,0,0,51.6,5.7,3.4,37.7,0.0
13981476,Sassuolo,Edoardo Iannoni,goal,fast-break,4830,2.9,57.3,0,0,48.7,13.9,,,
13981476,Sassuolo,Domenico Berardi,miss,regular,4514,21.9,71.6,0,0,62.2,37.5,,,
13981476,Sassuolo,Ismael Koné,block,assisted,4510,18.8,48.1,0,0,52.1,19.0,16.9,48.1,0.0
13981476,Udinese,Nicolò Zaniolo,save,regular,4374,18.5,51.6,0,0,51.5,10.8,1.6,49.6,0.0
13981476,Udinese,Jürgen Ekkelenkamp,save,set-piece,4335,27.7,50.9,0,0,50.8,18.4,1.9,49.3,0.0
13981476,Sassuolo,Kristian Thorstvedt,miss,assisted,4104,7.7,53.4,0,0,59.8,12.5,,,
13981476,Udinese,Keinan Davis,miss,regular,3951,14.2,40.3,0,0,40.2,4.2,,,
13981476,Udinese,Oumar Solet,miss,corner,3394,25.4,40.7,0,0,40.0,50.0,,,
13981476,Udinese,Keinan Davis,goal,regular,3288,3.6,51.9,0,0,46.8,9.5,,,
13981476,Udinese,Arthur Atta,save,assisted,3286,12.2,31.7,0,0,49.1,0.6,2.3,46.0,0.0
13981476,Udinese,Keinan Davis,miss,fast-break,3187,12.6,33.6,0,0,39.5,4.2,,,
13981476,Udinese,Nicolò Zaniolo,miss,assisted,2943,11.1,49.9,0,0,42.4,86.1,,,
13981476,Sassuolo,Jay Idzes,miss,throw-in-set-piece,2669,24.6,68.3,0,0,59.0,91.7,,,
13981476,Udinese,Oumar Solet,block,throw-in-set-piece,2252,25.4,34.4,0,0,46.8,19.0,14.1,42.8,0.0
13981476,Sassuolo,Andrea Pinamonti,block,regular,1443,7.6,47.4,0,0,50.6,19.0,6.4,47.7,0.0
13981476,Sassuolo,Armand Laurienté,block,assisted,1431,11.3,67.1,0,0,49.4,19.0,10.4,65.8,0.0
13981476,Udinese,Nicolò Zaniolo,miss,assisted,1350,26.8,34.0,0,0,34.6,4.2,,,
13981476,Sassuolo,Ismael Koné,goal,assisted,674,3.2,36.4,0,0,47.7,13.9,,,
13981476,Sassuolo,Armand Laurienté,goal,assisted,455,11.9,32.9,0,0,46.4,17.7,,,
13981476,Udinese,Thomas Kristensen,miss,corner,388,9.5,43.4,0,0,56.6,1.4,,,
13981476,Udinese,Nicolò Zaniolo,save,assisted,355,23.5,70.9,0,0,46.3,13.3,2.2,51.3,0.0
13981465,Juventus,Lloyd Kelly,block,corner,5744,18.7,57.3,0,0,51.3,19.0,14.2,55.2,0.0
13981465,Juventus,Lloyd Kelly,save,assisted,5560,13.6,58.1,0,0,50.7,13.9,1.0,51.8,0.0
13981465,Juventus,Edon Zhegrova,save,assisted,5513,22.0,71.6,0,0,54.0,28.5,1.8,52.7,0.0
13981465,Juventus,Teun Koopmeiners,miss,assisted,5380,26.8,69.9,0,0,61.0,48.6,,,
13981465,Juventus,Weston McKennie,save,corner,5272,6.8,51.7,0,0,49.7,2.5,0.7,51.1,0.0
13981465,Juventus,Pierre Kalulu,miss,corner,5270,9.4,39.9,0,0,28.9,25.0,7.3,51.3,0.0
13981465,Juventus,Teun Koopmeiners,save,free-kick,5243,25.9,87.4,0,0,51.7,29.7,2.0,53.8,0.0
13981465,Juventus,Dušan Vlahović,miss,throw-in-set-piece,4991,8.9,49.9,0,0,1.3,19.0,7.6,76.7,0.0
13981465,Juventus,Kenan Yıldız,block,assisted,4891,18.5,45.8,0,0,51.5,19.0,17.0,46.0,0.0
13981465,Juventus,Juan Cabal,goal,corner,4670,6.7,55.4,0,0,47.0,7.0,,,
13981465,Juventus,Edon Zhegrova,block,assisted,4600,22.6,53.4,0,0,51.4,19.0,20.2,52.9,0.0
13981465,Juventus,Bremer,save,corner,4030,8.9,48.5,0,0,51.1,24.1,0.7,50.4,0.0
13981465,Atalanta,Raoul Bellanova,block,assisted,3831,10.0,59.3,0,0,50.0,19.0,4.5,54.2,0.0
13981465,Atalanta,Mario Pašalić,miss,corner,3770,19.0,50.0,0,0,51.4,90.3,,,
13981465,Atalanta,Mario Pašalić,save,corner,3715,13.9,55.6,0,0,53.6,34.2,1.5,50.9,0.0
13981465,Atalanta,Nikola Krstović,miss,assisted,3272,9.1,63.4,0,0,40.7,83.3,,,
13981465,Atalanta,Nikola Krstović,miss,fast-break,3109,12.8,38.9,0,0,37.8,6.9,,,
13981465,Atalanta,Kamaldeen Sulemana,goal,regular,2707,15.0,42.9,0,0,46.4,2.5,,,
13981465,Juventus,Kenan Yıldız,save,assisted,2643,16.3,31.1,0,0,50.0,20.9,2.3,47.8,0.0
13981465,Atalanta,Marten de Roon,block,corner,2286,17.9,49.1,0,0,48.1,19.0,9.8,50.4,0.0
13981465,Juventus,Loïs Openda,block,assisted,2136,17.9,45.5,0,0,52.0,19.0,16.7,45.7,0.0
13981465,Juventus,Vasilije Adžić,save,free-kick,1999,19.9,33.1,0,0,45.6,23.4,1.4,49.8,0.0
13981465,Juventus,Vasilije Adžić,miss,corner,1805,25.1,46.6,0,0,39.5,16.7,,,
13981465,Juventus,Kenan Yıldız,block,assisted,1775,13.3,27.6,0,0,48.0,19.0,12.0,28.3,0.0
13981465,Atalanta,Berat Djimsiti,miss,corner,1660,4.8,56.1,0,0,55.5,61.1,,,
13981465,Atalanta,Lazar Samardžić,miss,assisted,1312,23.1,38.7,0,0,53.9,73.6,,,
13981465,Juventus,Bremer,block,corner,1235,7.7,51.5,0,0,52.1,19.0,6.4,50.9,0.0
13981465,Juventus,Lloyd Kelly,miss,corner,1199,9.1,50.1,0,0,12.9,41.7,1.9,76.9,0.0
13981465,Juventus,Khéphren Thuram,block,assisted,1096,26.2,33.8,0,0,48.5,19.0,22.5,36.3,0.0
13981465,Juventus,Vasilije Adžić,save,assisted,966,16.6,51.9,0,0,45.7,3.8,1.9,51.3,0.0
13981465,Atalanta,Nikola Krstović,miss,assisted,811,19.0,46.5,0,0,40.7,9.7,,,
13981465,Juventus,Kenan Yıldız,block,assisted,679,12.8,29.5,0,0,45.7,19.0,11.6,31.8,0.0
13981465,Atalanta,Honest Ahanor,block,assisted,524,15.6,48.3,0,0,47.5,19.0,14.0,48.7,0.0
13981465,Atalanta,Nikola Krstović,miss,assisted,315,19.8,37.0,0,0,45.9,66.7,,,
13981465,Juventus,Teun Koopmeiners,save,regular,210,5.1,70.1,0,0,45.5,3.2,0.59999999999999,54.5,0.0
13981465,Juventus,Pierre Kalulu,post,throw-in-set-piece,75,9.4,54.4,0,0,44.5,11.4,,,
13981469,Hellas Verona,Fallou Cham,miss,assisted,5394,7.3,65.1,0,0,62.9,5.6,3.8,41.9,0.0
13981469,Roma,Bryan Cristante,save,corner,5178,11.7,73.4,0,0,51.2,9.5,1.5,53.8,0.0
13981469,Roma,Stephan El Shaarawy,save,throw-in-set-piece,5131,11.3,66.0,0,0,48.2,2.5,3.7,54.5,0.0
13981469,Roma,Matías Soulé,goal,fast-break,4713,8.5,51.7,0,0,47.7,1.9,,,
13981469,Hellas Verona,Amin Sarr,miss,fast-break,4636,23.4,72.6,0,0,71.6,4.2,,,
13981469,Roma,Bryan Cristante,save,fast-break,4620,25.3,49.5,0,0,46.1,34.8,2.2,49.6,0.0
13981469,Hellas Verona,Martin Frese,block,assisted,4583,27.1,42.1,0,0,53.8,19.0,23.8,42.6,0.0
13981469,Roma,Zeki Çelik,miss,corner,4512,24.5,66.7,0,0,55.0,86.1,,,
13981469,Hellas Verona,Antoine Bernede,save,assisted,4154,13.6,67.7,0,0,51.8,2.5,2.2,52.0,0.0
13981469,Hellas Verona,Rafik Belghali,save,regular,3972,23.5,63.2,0,0,51.1,23.4,2.2,51.6,0.0
13981469,Hellas Verona,Giovane,miss,regular,2865,15.7,60.7,0,0,53.1,61.1,,,
13981469,Hellas Verona,Suat Serdar,miss,set-piece,2775,28.4,38.8,0,0,48.7,68.1,,,
13981469,Hellas Verona,Gift Orban,block,assisted,1804,20.7,49.1,0,0,48.4,19.0,17.7,49.5,0.0
13981469,Hellas Verona,Gift Orban,post,assisted,1662,3.8,50.4,0,0,50.6,39.2,,,
13981469,Roma,Bryan Cristante,block,corner,1537,7.1,39.2,0,0,52.3,19.0,4.1,42.8,0.0
13981469,Roma,Matías Soulé,block,assisted,1471,23.2,62.6,0,0,50.9,19.0,14.9,57.8,0.0
13981469,Hellas Verona,Gift Orban,miss,free-kick,1129,27.6,32.5,0,0,42.4,45.8,,,
13981469,Hellas Verona,Unai Núñez,block,corner,918,9.2,51.5,0,0,46.0,19.0,4.1,52.9,0.0
13981469,Hellas Verona,Gift Orban,save,assisted,867,9.3,45.0,0,0,52.7,15.8,4.0,47.3,0.0
13981469,Roma,Manu Koné,miss,regular,615,25.1,37.6,0,0,63.4,25.0,,,
13981469,Roma,Artem Dovbyk,goal,set-piece,415,7.6,44.5,0,0,46.8,8.9,,,
13981469,Roma,Bryan Cristante,block,corner,293,6.2,64.2,0,0,47.4,19.0,5.3,62.5,0.0
13981468,Lecce,Francesco Camarda,goal,corner,5607,3.3,45.1,0,0,49.7,7.6,,,
13981468,Lecce,Tiago Gabriel,miss,set-piece,5354,8.2,43.5,0,0,64.7,15.3,,,
13981468,Bologna,Torbjørn Heggem,save,corner,4862,8.5,50.1,0,0,49.2,22.8,1.4,49.3,0.0
13981468,Bologna,Jhon Lucumí,block,corner,4859,7.2,48.1,0,0,48.9,19.0,5.7,48.7,0.0
13981468,Bologna,Lewis Ferguson,block,assisted,4820,4.8,39.0,0,0,53.9,15.3,3.3,40.6,0.0
13981468,Lecce,Santiago Pierotti,post,regular,4754,12.3,53.2,0,0,44.2,7.6,,,
13981468,Bologna,Jens Odgaard,goal,assisted,4252,9.2,68.2,0,0,50.6,13.9,,,
13981468,Lecce,Antonino Gallo,save,regular,3900,13.1,43.2,0,0,52.8,5.1,7.2,46.4,0.0
13981468,Lecce,Ylber Ramadani,miss,regular,3607,11.5,65.0,0,0,38.0,48.6,,,
13981468,Lecce,Lassana Coulibaly,post,assisted,3605,15.5,45.5,0,0,44.7,6.3,,,
13981468,Bologna,Lewis Ferguson,miss,assisted,3025,28.1,55.7,0,0,33.3,52.8,,,
13981468,Bologna,Riccardo Orsolini,goal,penalty,2727,11.5,50.0,0,0,52.9,17.1,,,
13981468,Bologna,Jonathan Rowe,block,assisted,2427,27.9,42.7,0,0,50.9,19.0,14.7,45.3,0.0
13981468,Bologna,Riccardo Orsolini,miss,free-kick,2144,29.8,71.1,0,0,36.1,27.8,,,
13981468,Bologna,Lewis Ferguson,block,corner,1676,18.4,48.5,0,0,48.8,19.0,13.1,49.3,0.0
13981468,Lecce,Medon Berisha,block,set-piece,1491,22.5,51.9,0,0,49.4,19.0,17.9,51.6,0.0
13981468,Lecce,Medon Berisha,block,free-kick,1490,24.6,57.7,0,0,50.3,19.0,14.7,54.5,0.0
13981468,Bologna,Emil Holm,block,assisted,1232,14.6,65.4,0,0,50.8,19.0,12.9,63.5,0.0
13981468,Lecce,Santiago Pierotti,miss,throw-in-set-piece,1081,9.5,69.9,0,0,41.0,90.3,,,
13981468,Lecce,Tete Morente,block,throw-in-set-piece,1079,14.7,38.2,0,0,50.1,19.0,10.1,41.9,0.0
13981468,Lecce,Lassana Coulibaly,goal,regular,777,3.0,48.0,0,0,49.6,3.2,,,
13981468,Lecce,Santiago Pierotti,save,assisted,772,13.2,62.4,0,0,51.9,14.6,2.4,51.8,0.0
13981468,Bologna,Riccardo Orsolini,save,corner,691,10.6,75.0,0,0,45.6,3.2,0.59999999999999,52.5,0.0
13981468,Bologna,Thijs Dallinga,block,assisted,581,10.4,73.0,0,0,46.8,19.0,9.0,70.4,0.0
13981468,Bologna,Nikola Moro,miss,corner,496,23.9,42.4,0,0,56.5,91.7,,,
13981468,Bologna,Jonathan Rowe,save,regular,160,10.9,28.0,0,0,46.6,5.7,2.0,45.1,0.0
13981467,Fiorentina,Moise Kean,miss,fast-break,5502,12.5,34.5,0,0,61.5,88.9,,,
13981467,Fiorentina,Edin Džeko,block,regular,5368,13.3,35.2,0,0,52.7,19.0,10.7,37.5,0.0
13981467,Pisa,Giovanni Bonfanti,block,set-piece,4781,3.2,32.5,0,0,51.8,19.0,3.1,34.7,0.0
13981467,Pisa,Juan Cuadrado,post,set-piece,4778,14.5,29.7,0,0,55.4,8.2,,,
13981467,Fiorentina,Jacopo Fazzini,block,corner,4535,18.5,50.3,0,0,50.4,19.0,15.3,50.2,0.0
13981467,Fiorentina,Marin Pongračić,miss,set-piece,3791,11.7,69.9,0,0,99.3,5.6,8.6,50.7,0.0
13981467,Pisa,M'Bala Nzola,miss,set-piece,3590,5.4,58.3,0,0,40.2,23.6,,,
13981467,Fiorentina,Jacopo Fazzini,block,corner,3345,18.4,42.8,0,0,50.1,19.0,11.9,45.3,0.0
13981467,Pisa,Mehdi Léris,miss,assisted,3263,10.0,33.5,0,0,59.0,2.8,,,
13981467,Pisa,Matteo Tramoni,block,assisted,3206,25.3,53.4,0,0,50.9,19.0,19.2,52.3,0.0
13981467,Pisa,Idrissa Touré,save,set-piece,3104,23.5,29.4,0,0,52.3,10.1,0.7,49.8,0.0
13981467,Fiorentina,Moise Kean,miss,throw-in-set-piece,2925,9.4,32.5,0,0,58.0,18.1,,,
13981467,Fiorentina,Moise Kean,save,regular,2661,13.6,62.1,0,0,51.6,4.4,2.5,53.1,0.0
13981467,Pisa,Matteo Tramoni,block,fast-break,2575,10.8,64.2,0,0,49.6,19.0,9.3,62.3,0.0
13981467,Fiorentina,Hans Nicolussi Caviglia,block,assisted,2334,8.5,63.4,0,0,47.6,19.0,3.3,56.7,0.0
13981467,Pisa,Idrissa Touré,miss,corner,2294,11.7,39.1,0,0,52.8,84.7,,,
13981467,Fiorentina,Rolando Mandragora,miss,corner,2232,17.3,39.5,0,0,63.2,77.8,,,
13981467,Fiorentina,Moise Kean,miss,assisted,2070,7.4,55.2,0,0,40.7,15.3,,,
13981467,Fiorentina,Hans Nicolussi Caviglia,save,free-kick,1653,30.4,41.4,0,0,53.7,19.6,1.2,48.6,0.0
13981467,Fiorentina,Dodô,miss,assisted,1319,13.5,69.5,0,0,61.0,12.5,,,
13981467,Pisa,M'Bala Nzola,post,assisted,737,8.2,50.3,0,0,48.6,40.5,,,
13981467,Pisa,Idrissa Touré,miss,corner,646,3.0,58.9,0,0,55.5,87.5,,,
13981467,Fiorentina,Moise Kean,miss,fast-break,406,20.9,59.3,0,0,58.8,12.5,,,
13981467,Pisa,M'Bala Nzola,miss,corner,321,7.1,47.7,0,0,57.5,9.7,,,
13981467,Fiorentina,Jacopo Fazzini,block,regular,15,18.1,46.8,0,0,52.2,19.0,15.7,46.9,0.0
13981459,Cagliari,Gianluca Gaetano,miss,corner,5130,23.5,28.2,0,0,50.3,73.6,,,
13981459,Inter,Henrikh Mkhitaryan,post,fast-break,5068,10.9,38.8,0,0,55.5,19.0,,,
13981459,Cagliari,Michel Adopo,miss,assisted,4987,12.8,45.4,0,0,42.2,15.3,,,
13981459,Inter,Francesco Pio Esposito,goal,assisted,4878,8.4,55.6,0,0,48.2,7.0,,,
13981459,Inter,Davide Frattesi,miss,assisted,4851,6.8,41.1,0,0,42.0,6.9,0.7,55.1,0.0
13981459,Cagliari,Gennaro Borrelli,block,assisted,4740,9.1,68.7,0,0,51.8,19.0,8.3,66.8,0.0
13981459,Inter,Francesco Pio Esposito,miss,corner,4717,5.5,51.5,0,0,35.0,6.9,,,
13981459,Inter,Lautaro Martínez,miss,corner,4716,6.7,61.0,0,0,66.1,12.5,4.5,50.4,0.0
13981459,Inter,Manuel Akanji,miss,set-piece,4587,12.8,45.9,0,0,41.2,16.7,,,
13981459,Cagliari,Michael Folorunsho,post,corner,4364,8.5,57.9,0,0,44.7,5.7,,,
13981459,Inter,Federico Dimarco,miss,assisted,4243,14.2,29.7,0,0,24.4,8.3,,,
13981459,Cagliari,Sebastiano Esposito,miss,corner,4147,3.2,68.3,0,0,38.0,41.7,,,
13981459,Inter,Lautaro Martínez,miss,set-piece,3972,20.6,62.2,0,0,61.2,11.1,,,
13981459,Cagliari,Sebastiano Esposito,block,assisted,3702,15.1,73.0,0,0,51.6,19.0,13.8,70.9,0.0
13981459,Inter,Marcus Thuram,miss,corner,3371,7.1,52.6,0,0,32.6,15.3,,,
13981459,Inter,Henrikh Mkhitaryan,block,assisted,3246,10.2,31.9,0,0,52.1,19.0,8.9,33.9,0.0
13981459,Inter,Marcus Thuram,save,assisted,3226,10.5,69.4,0,0,51.0,20.9,2.2,55.6,0.0
13981459,Inter,Hakan Çalhanoğlu,post,assisted,3152,20.7,53.0,0,0,44.8,4.4,,,
13981459,Inter,Hakan Çalhanoğlu,block,free-kick,2787,27.1,42.7,0,0,49.8,19.0,18.4,45.1,0.0
13981459,Inter,Marcus Thuram,miss,assisted,2275,15.3,65.8,0,0,50.8,79.2,,,
13981459,Inter,Lautaro Martínez,save,regular,1591,2.4,58.5,0,0,47.7,13.9,2.0,57.6,0.0
13981459,Inter,Lautaro Martínez,block,assisted,1590,7.5,59.1,0,0,48.7,19.0,6.6,58.1,0.0
13981459,Inter,Marcus Thuram,save,assisted,1552,8.0,45.6,0,0,51.8,7.6,1.5,48.0,0.0
13981459,Inter,Henrikh Mkhitaryan,miss,assisted,1195,20.6,34.0,0,0,58.0,69.4,,,
13981459,Inter,Hakan Çalhanoğlu,block,assisted,1191,23.8,68.0,0,0,52.3,19.0,14.4,59.9,0.0
13981459,Inter,Lautaro Martínez,goal,assisted,512,5.0,55.5,0,0,52.6,10.8,,,
13981466,Parma,Nahuel Estévez,block,assisted,5282,20.0,61.5,0,0,51.3,19.0,13.1,57.6,0.0
13981466,Torino,Guillermo Maripán,block,assisted,5217,11.1,48.5,0,0,52.0,19.0,9.8,48.4,0.0
13981466,Torino,Guillermo Maripán,block,regular,5055,26.0,59.1,0,0,50.9,19.0,14.1,54.5,0.0
13981466,Torino,Saúl Coco,block,set-piece,4918,8.2,59.1,0,0,48.6,19.0,6.9,57.9,0.0
13981466,Parma,Mateo Pellegrino,miss,assisted,4580,10.4,34.6,0,0,58.8,22.2,,,
13981466,Parma,Mateo Pellegrino,block,fast-break,4462,22.5,37.8,0,0,49.0,19.0,19.5,39.5,0.0
13981466,Parma,Mateo Pellegrino,goal,corner,4317,3.3,41.3,0,0,52.3,15.2,,,
13981466,Parma,Adrián Bernabé,miss,set-piece,4125,23.4,64.8,0,0,42.7,77.8,,,
13981466,Parma,Adrián Bernabé,block,free-kick,4124,24.1,65.2,0,0,49.3,19.0,14.7,59.6,0.0
13981466,Torino,Kristjan Asllani,block,assisted,3912,27.4,59.7,0,0,52.1,19.0,11.1,52.7,0.0
13981466,Parma,Mandela Keita,miss,assisted,3757,22.0,63.3,0,0,52.3,70.8,,,
13981466,Torino,Nikola Vlašić,save,assisted,3619,14.4,55.8,0,0,48.4,13.9,1.8,50.9,0.0
13981466,Parma,Sascha Britschgi,miss,regular,3524,9.4,69.9,0,0,66.1,23.6,6.3,61.0,0.0
13981466,Torino,Cesare Casadei,save,assisted,3475,25.6,60.5,0,0,46.5,8.2,1.4,50.4,0.0
13981466,Torino,Cesare Casadei,miss,assisted,3048,21.3,54.4,0,0,46.6,93.1,,,
13981466,Torino,Cyril Ngonge,goal,assisted,2941,22.5,48.8,0,0,53.8,22.8,,,
13981466,Parma,Enrico Delprato,miss,set-piece,2872,10.7,49.7,0,0,51.1,76.4,,,
13981466,Torino,Kristjan Asllani,miss,assisted,2549,29.4,36.8,0,0,48.4,80.6,,,
13981466,Parma,Adrián Bernabé,miss,assisted,2398,19.7,47.4,0,0,55.0,76.4,,,
13981466,Parma,Patrick Cutrone,miss,assisted,2358,17.8,47.2,0,0,38.7,26.4,2.2,57.6,0.0
13981466,Parma,Mateo Pellegrino,goal,penalty,2143,11.5,50.0,0,0,54.0,14.6,,,
13981466,Parma,Enrico Delprato,block,set-piece,1820,14.5,54.6,0,0,47.0,19.0,12.1,54.3,0.0
13981466,Torino,Giovanni Simeone,block,assisted,1707,4.5,34.8,0,0,53.4,19.0,3.6,37.2,0.0
13981466,Torino,Giovanni Simeone,block,assisted,1420,11.6,41.1,0,0,48.6,19.0,8.9,43.5,0.0
13981466,Torino,Cyril Ngonge,save,assisted,1281,7.9,58.5,0,0,48.4,14.6,1.1,51.4,0.0
13981466,Torino,Cyril Ngonge,miss,free-kick,1005,19.7,74.8,0,0,43.2,30.6,,,
13981466,Torino,Nikola Vlašić,block,regular,783,14.7,60.9,0,0,50.1,19.0,11.2,58.3,0.0
13981466,Torino,Giovanni Simeone,block,assisted,202,13.9,43.8,0,0,48.2,19.0,11.0,45.5,0.0
13981483,Atalanta,Lorenzo Bernasconi,miss,corner,5652,22.2,43.2,0,0,37.8,4.2,9.7,52.9,0.0
13981483,Atalanta,Daniel Maldini,miss,free-kick,4992,28.4,62.4,0,0,41.8,15.3,,,
13981483,Atalanta,Daniel Maldini,save,assisted,4842,29.3,40.9,0,0,50.7,2.5,2.5,50.7,0.0
13981483,Atalanta,Davide Zappacosta,miss,corner,4725,21.4,71.6,0,0,62.5,11.1,9.3,52.2,0.0
13981483,Atalanta,Davide Zappacosta,block,corner,4724,22.5,72.4,0,0,49.4,19.0,18.8,68.8,0.0
13981483,Atalanta,Daniel Maldini,block,set-piece,4635,14.2,41.1,0,0,51.8,19.0,6.7,44.8,0.0
13981483,Como,Lucas Da Cunha,save,assisted,4320,22.8,33.8,0,0,52.9,1.3,0.90000000000001,46.6,0.0
13981483,Como,Jacobo Ramón,block,corner,3962,14.3,48.3,0,0,47.8,19.0,6.2,50.5,0.0
13981483,Atalanta,Ademola Lookman,block,set-piece,3903,8.7,44.1,0,0,48.1,19.0,1.9,50.2,0.0
13981483,Atalanta,Berat Djimsiti,miss,corner,3776,8.7,43.2,0,0,34.1,36.1,4.7,53.1,0.0
13981483,Atalanta,Marco Brescianini,block,fast-break,3748,15.7,54.4,0,0,49.8,19.0,14.1,54.0,0.0
13981483,Como,Nico Paz,block,assisted,3367,25.1,49.9,0,0,53.0,19.0,21.2,49.5,0.0
13981483,Como,Jacobo Ramón,miss,set-piece,3011,13.6,43.6,0,0,73.8,16.7,,,
13981483,Como,Nico Paz,block,fast-break,2909,21.4,66.7,0,0,51.1,19.0,18.2,64.1,0.0
13981483,Como,Jacobo Ramón,miss,corner,2755,11.6,51.9,0,0,89.4,27.8,5.7,22.4,0.0
13981483,Atalanta,Davide Zappacosta,block,corner,2317,24.0,63.6,0,0,53.8,19.0,11.0,54.2,0.0
13981483,Atalanta,Ademola Lookman,block,assisted,2015,20.9,45.0,0,0,51.3,19.0,19.2,45.3,0.0
13981483,Como,Jayden Addai,save,assisted,1766,17.5,67.3,0,0,49.8,17.1,1.9,52.5,0.0
13981483,Atalanta,Ademola Lookman,miss,assisted,1703,12.3,55.2,0,0,56.6,2.8,,,
13981483,Como,Martin Baturina,miss,regular,1526,15.0,51.1,0,0,38.0,13.9,8.0,51.1,0.0
13981483,Como,Máximo Perrone,goal,regular,1087,8.3,74.1,0,0,50.1,8.2,,,
13981483,Como,Jacobo Ramón,miss,corner,1011,14.8,54.1,0,0,41.2,2.8,,,
13981483,Como,Lucas Da Cunha,save,fast-break,937,7.9,46.0,0,0,49.4,7.0,3.5,47.7,0.0
13981483,Atalanta,Kamaldeen Sulemana,save,assisted,880,8.8,36.1,0,0,49.7,19.0,1.8,47.5,0.0
13981483,Atalanta,Éderson,save,throw-in-set-piece,751,22.2,37.0,0,0,52.0,10.8,5.5,45.8,0.0
13981483,Atalanta,Kamaldeen Sulemana,block,assisted,715,8.3,31.5,0,0,53.1,19.0,6.3,35.9,0.0
13981483,Atalanta,Lazar Samardžić,goal,regular,310,12.1,54.5,0,0,47.1,1.3,,,
13981483,Como,Anastasios Douvikas,block,assisted,121,14.5,60.3,0,0,51.6,19.0,8.8,55.6,0.0
13981473,Lazio,Danilo Cataldi,goal,penalty,6156,11.5,50.0,0,0,52.3,3.2,,,
13981473,Torino,Saúl Coco,goal,corner,5526,3.9,45.5,0,0,47.2,2.5,,,
13981473,Torino,Che Adams,save,set-piece,5500,18.1,61.1,0,0,54.5,4.4,2.0,51.4,0.0
13981473,Torino,Ali Dembélé,miss,assisted,5029,6.7,68.9,0,0,40.2,90.3,,,
13981473,Lazio,Matteo Cancellieri,miss,regular,4558,9.4,44.0,0,0,92.8,38.9,2.2,5.6,0.0
13981473,Torino,Giovanni Simeone,miss,fast-break,4531,27.6,52.4,0,0,65.2,11.1,,,
13981473,Torino,Che Adams,goal,assisted,4349,10.5,44.5,0,0,46.5,29.7,,,
13981473,Torino,Kristjan Asllani,miss,assisted,3929,26.5,49.9,0,0,41.7,72.2,,,
13981473,Torino,Nikola Vlašić,miss,assisted,3438,8.3,49.8,0,0,77.0,15.3,,,
13981473,Lazio,Valentín Castellanos,save,assisted,3379,24.0,32.1,0,0,49.0,10.1,1.2,48.9,0.0
13981473,Lazio,Toma Bašić,miss,assisted,2562,20.6,34.0,0,0,37.6,66.7,,,
13981473,Torino,Marcus Pedersen,miss,assisted,2505,11.6,65.6,0,0,70.4,11.1,,,
13981473,Torino,Cyril Ngonge,miss,assisted,2501,16.6,46.2,0,0,21.0,22.2,12.5,72.9,0.0
13981473,Lazio,Matteo Cancellieri,goal,fast-break,2354,9.6,59.9,0,0,52.6,3.2,,,
13981473,Lazio,Valentín Castellanos,block,corner,2173,12.8,56.0,0,0,50.3,19.0,11.2,55.2,0.0
13981473,Torino,Kristjan Asllani,save,set-piece,2050,27.1,67.9,0,0,46.8,19.6,1.6,52.0,0.0
13981473,Torino,Giovanni Simeone,miss,assisted,1856,8.7,56.8,0,0,84.9,1.4,2.5,34.1,0.0
13981473,Lazio,Matteo Cancellieri,goal,fast-break,1423,18.8,46.4,0,0,53.1,26.6,,,
13981473,Torino,Cyril Ngonge,save,regular,1392,9.3,63.6,0,0,51.6,5.1,7.6,62.1,0.0
13981473,Lazio,Toma Bašić,block,set-piece,1208,27.2,54.4,0,0,50.6,19.0,24.9,54.0,0.0
13981473,Torino,Giovanni Simeone,goal,regular,934,6.5,49.0,0,0,51.6,3.2,,,
13981473,Torino,Marcus Pedersen,save,assisted,932,8.8,72.0,0,0,52.2,16.5,1.1,54.2,0.0
13981473,Torino,Cyril Ngonge,save,assisted,349,19.2,53.2,0,0,51.9,15.2,0.90000000000001,51.4,0.0
13981473,Lazio,Toma Bašić,miss,assisted,97,31.5,47.5,0,0,40.0,88.9,,,
13981473,Torino,Cyril Ngonge,block,assisted,78,31.1,46.5,0,0,47.6,19.0,22.1,48.2,0.0
13981475,Cremonese,Federico Bonazzoli,miss,assisted,5617,16.6,54.6,0,0,39.0,16.7,,,
13981475,Cremonese,Federico Bonazzoli,goal,assisted,5213,4.3,54.2,0,0,50.8,5.1,,,
13981475,Inter,Davide Frattesi,save,assisted,4973,18.8,48.1,0,0,47.1,2.5,2.2,49.5,0.0
13981475,Inter,Luís Henrique,miss,assisted,4927,18.9,62.0,0,0,41.3,11.1,,,
13981475,Inter,Federico Dimarco,block,free-kick,4786,26.3,50.5,0,0,50.6,19.0,14.0,50.0,0.0
13981475,Inter,Francesco Pio Esposito,save,corner,4575,6.7,49.5,0,0,46.5,25.9,1.5,49.5,0.0
13981475,Inter,Davide Frattesi,block,assisted,4538,10.9,32.8,0,0,49.5,19.0,9.4,35.2,0.0
13981475,Inter,Lautaro Martínez,miss,corner,4317,5.1,47.9,0,0,63.5,30.6,,,
13981475,Inter,Luís Henrique,miss,assisted,4053,16.0,69.9,0,0,52.8,98.6,,,
13981475,Inter,Henrikh Mkhitaryan,miss,regular,3959,23.2,32.9,0,0,13.3,65.3,,,
13981475,Inter,Stefan de Vrij,miss,corner,3763,8.3,52.3,0,0,65.2,68.1,,,
13981475,Inter,Nicolò Barella,goal,assisted,3366,9.2,54.7,0,0,52.1,20.3,,,
13981475,Inter,Federico Dimarco,goal,corner,3249,19.1,33.4,0,0,46.1,1.9,,,
13981475,Inter,Federico Dimarco,miss,corner,2909,25.3,48.1,0,0,40.5,80.6,,,
13981475,Inter,Ange-Yoan Bonny,goal,assisted,2264,3.7,43.7,0,0,53.3,15.2,,,
13981475,Inter,Henrikh Mkhitaryan,miss,regular,2192,15.1,34.4,0,0,50.3,79.2,,,
13981475,Inter,Lautaro Martínez,block,assisted,1595,8.6,25.4,0,0,47.4,19.0,7.2,29.8,0.0
13981475,Inter,Alessandro Bastoni,block,assisted,1451,21.6,35.4,0,0,52.4,19.0,18.1,37.4,0.0
13981475,Inter,Denzel Dumfries,block,assisted,1268,5.7,68.5,0,0,46.5,19.0,4.2,64.6,0.0
13981475,Inter,Nicolò Barella,miss,assisted,1176,13.9,51.5,0,0,61.7,93.1,,,
13981475,Inter,Ange-Yoan Bonny,block,assisted,1174,10.2,51.5,0,0,51.4,19.0,8.1,50.9,0.0
13981475,Inter,Federico Dimarco,miss,regular,1128,9.4,32.3,0,0,34.6,4.2,,,
13981475,Inter,Henrikh Mkhitaryan,save,assisted,1126,28.2,54.0,0,0,53.9,19.0,1.6,51.1,0.0
13981475,Inter,Henrikh Mkhitaryan,save,assisted,1040,10.7,57.3,0,0,48.3,20.3,2.8,53.1,0.0
13981475,Inter,Davide Frattesi,save,assisted,970,21.6,57.0,0,0,47.1,22.2,3.4,51.2,0.0
13981475,Inter,Federico Dimarco,miss,corner,702,23.5,42.8,0,0,41.3,11.1,12.3,50.4,0.0
13981475,Cremonese,Alberto Grassi,save,assisted,496,18.8,50.9,0,0,50.0,19.0,1.4,50.2,0.0
13981475,Inter,Lautaro Martínez,goal,assisted,342,9.4,51.9,0,0,48.2,17.7,,,
13981475,Inter,Manuel Akanji,miss,regular,238,25.0,62.0,0,0,44.4,73.6,,,
13981475,Inter,Davide Frattesi,miss,fast-break,27,8.2,46.8,0,0,31.6,1.4,,,
13981480,Parma,Milan Đurić,block,corner,5726,8.5,46.2,0,0,50.1,19.0,7.5,46.7,0.0
13981480,Parma,Adrian Benedyczak,miss,corner,5542,8.5,48.5,0,0,63.9,34.7,,,
13981480,Parma,Enrico Delprato,save,set-piece,5504,8.3,43.8,0,0,50.0,34.2,1.0,48.7,0.0
13981480,Lecce,Francesco Camarda,miss,corner,5189,8.9,44.8,0,0,35.1,23.6,,,
13981480,Parma,Patrick Cutrone,miss,assisted,4481,4.9,38.9,0,0,57.5,25.0,,,
13981480,Parma,Enrico Delprato,miss,set-piece,3182,9.4,48.3,0,0,36.8,34.7,,,
13981480,Parma,Patrick Cutrone,miss,assisted,3060,20.8,55.3,0,0,62.7,1.4,,,
13981480,Parma,Sascha Britschgi,save,assisted,2875,8.6,67.5,0,0,46.8,3.2,1.8,54.0,0.0
13981480,Lecce,Ylber Ramadani,miss,regular,2769,27.5,51.1,0,0,49.6,72.2,,,
13981480,Lecce,Santiago Pierotti,save,fast-break,2605,9.5,63.4,0,0,50.0,3.8,2.3,53.2,0.0
13981480,Lecce,Nikola Štulić,miss,set-piece,2489,7.9,53.2,0,0,48.9,75.0,,,
13981480,Lecce,Riccardo Sottil,goal,assisted,2251,18.5,9.9,0,0,45.8,3.8,,,
13981480,Lecce,Medon Berisha,block,assisted,2111,26.8,52.3,0,0,48.8,19.0,23.9,52.2,0.0
13981480,Lecce,Medon Berisha,save,assisted,1917,9.9,31.1,0,0,53.2,4.4,1.2,48.2,0.0
13981480,Parma,Patrick Cutrone,miss,assisted,1609,12.8,30.3,0,0,62.4,22.2,,,
13981480,Parma,Patrick Cutrone,block,assisted,308,23.3,44.5,0,0,50.1,19.0,21.4,44.9,0.0
13981480,Parma,Adrián Bernabé,miss,throw-in-set-piece,194,21.5,67.1,0,0,43.2,1.4,,,
13981470,Bologna,Federico Bernardeschi,miss,free-kick,5176,20.6,65.4,0,0,45.9,66.7,,,
13981470,Bologna,Benjamín Domínguez,miss,assisted,5048,6.3,56.1,0,0,43.7,15.3,,,
13981470,Bologna,Jonathan Rowe,miss,throw-in-set-piece,4971,8.1,49.7,0,0,59.2,2.8,,,
13981470,Bologna,Juan Miranda,miss,throw-in-set-piece,4970,13.0,32.5,0,0,34.8,6.9,6.6,48.0,0.0
13981470,Bologna,Giovanni Fabbian,block,throw-in-set-piece,4969,13.1,50.3,0,0,49.2,19.0,7.1,50.5,0.0
13981470,Bologna,Giovanni Fabbian,miss,assisted,4832,11.1,45.4,0,0,40.7,4.2,,,
13981470,Bologna,Benjamín Domínguez,miss,assisted,4680,18.5,61.8,0,0,49.1,72.2,,,
13981470,Bologna,Jonathan Rowe,miss,assisted,4566,5.1,49.9,0,0,48.4,65.3,,,
13981470,Bologna,Thijs Dallinga,block,fast-break,4134,8.0,67.6,0,0,49.0,19.0,7.1,65.7,0.0
13981470,Bologna,Jonathan Rowe,miss,assisted,3917,14.8,46.1,0,0,57.5,5.6,,,
13981470,Bologna,Jonathan Rowe,miss,assisted,3854,8.6,46.0,0,0,58.8,5.6,,,
13981470,Bologna,Nadir Zortea,block,corner,3812,27.6,61.1,0,0,47.1,19.0,24.9,60.3,0.0
13981470,Bologna,Thijs Dallinga,miss,assisted,3297,11.2,45.1,0,0,56.5,81.9,,,
13981470,Bologna,Jens Odgaard,goal,assisted,3165,23.5,58.5,0,0,52.4,9.5,,,
13981470,Pisa,Simone Canestrelli,miss,set-piece,2932,12.8,43.0,0,0,57.0,79.2,,,
13981470,Bologna,Nicolò Cambiaghi,save,corner,2598,3.3,36.0,0,0,52.6,3.8,0.0,47.5,0.0
13981470,Bologna,Riccardo Orsolini,post,corner,2593,13.2,68.5,0,0,44.7,15.8,,,
13981470,Bologna,Riccardo Orsolini,goal,throw-in-set-piece,2362,7.6,56.5,0,0,51.6,0.6,,,
13981470,Bologna,Nikola Moro,goal,free-kick,2233,18.8,41.7,0,0,51.7,27.2,,,
13981470,Bologna,Riccardo Orsolini,save,assisted,2056,19.2,72.3,0,0,47.1,0.6,1.5,52.0,0.0
13981470,Bologna,Riccardo Orsolini,block,assisted,1983,29.1,67.3,0,0,51.8,19.0,26.9,65.9,0.0
13981470,Bologna,Nicolò Cambiaghi,goal,assisted,1418,8.0,54.2,0,0,46.8,14.6,,,
13981470,Bologna,Thijs Dallinga,save,assisted,1383,10.3,36.1,0,0,48.1,10.1,4.4,43.0,0.0
13981470,Bologna,Jens Odgaard,miss,assisted,1343,27.9,69.0,0,0,58.7,77.8,,,
13981470,Bologna,Remo Freuler,block,assisted,220,27.5,45.2,0,0,48.1,19.0,21.9,46.6,0.0
13981470,Pisa,Idrissa Touré,miss,throw-in-set-piece,95,11.7,38.8,0,0,31.9,22.2,7.3,47.7,0.0
13981481,Hellas Verona,Grigoris Kastanos,miss,throw-in-set-piece,5668,6.5,75.5,0,0,39.0,11.1,,,
13981481,Hellas Verona,Daniel Mosquera,save,set-piece,5408,13.9,52.4,0,0,49.3,8.9,2.2,51.1,0.0
13981481,Hellas Verona,Jean-Daniel Akpa Akpro,save,corner,4790,4.1,43.8,0,0,53.6,22.2,1.0,46.6,0.0
13981481,Hellas Verona,Gift Orban,save,assisted,4761,12.5,57.9,0,0,47.0,16.5,2.3,51.8,0.0
13981481,Hellas Verona,Rafik Belghali,block,regular,4757,17.9,67.9,0,0,50.3,19.0,17.3,67.3,0.0
13981481,Sassuolo,Andrea Pinamonti,miss,set-piece,4608,13.8,47.9,0,0,59.2,50.0,,,
13981481,Hellas Verona,Gift Orban,miss,assisted,4460,7.5,38.8,0,0,57.5,11.1,,,
13981481,Sassuolo,Andrea Pinamonti,goal,set-piece,4241,3.5,50.7,0,0,51.5,0.6,,,
13981481,Sassuolo,Andrea Pinamonti,save,penalty,4238,11.5,50.0,0,0,50.0,15.2,1.2,49.8,0.0
13981481,Sassuolo,Nicholas Pierini,block,free-kick,3757,18.1,49.0,0,0,50.4,19.0,9.7,49.3,0.0
13981481,Hellas Verona,Giovane,save,assisted,3461,23.2,76.9,0,0,52.6,7.0,2.5,52.7,0.0
13981481,Sassuolo,Armand Laurienté,miss,assisted,3336,25.3,31.9,0,0,36.1,77.8,,,
13981481,Sassuolo,Aster Vranckx,block,assisted,3176,26.5,42.7,0,0,52.8,19.0,20.7,43.7,0.0
13981481,Sassuolo,Armand Laurienté,save,free-kick,2689,22.2,32.0,0,0,50.6,36.1,1.8,47.7,0.0
13981481,Hellas Verona,Giovane,save,assisted,2528,10.0,36.8,0,0,49.9,25.3,1.2,48.4,0.0
13981481,Hellas Verona,Giovane,save,assisted,2463,12.7,33.0,0,0,48.1,6.3,2.3,46.7,0.0
13981481,Hellas Verona,Suat Serdar,miss,assisted,2347,25.1,69.9,0,0,47.7,75.0,,,
13981481,Sassuolo,Andrea Pinamonti,miss,set-piece,2274,12.9,60.1,0,0,71.9,11.1,8.4,48.9,0.0
13981481,Hellas Verona,Martin Frese,save,free-kick,2154,26.8,58.7,0,0,47.1,5.7,1.4,50.4,0.0
13981481,Hellas Verona,Suat Serdar,miss,assisted,1492,21.7,59.9,0,0,58.5,15.3,,,
13981481,Hellas Verona,Gift Orban,miss,assisted,1407,7.6,36.2,0,0,65.5,25.0,,,
13981481,Hellas Verona,Gift Orban,miss,assisted,1276,26.9,45.4,0,0,41.7,61.1,,,
13981481,Hellas Verona,Giovane,block,assisted,1119,13.6,44.4,0,0,50.7,19.0,10.1,45.7,0.0
13981481,Hellas Verona,Suat Serdar,save,assisted,820,20.6,65.9,0,0,48.4,31.0,2.3,52.2,0.0
13981481,Sassuolo,Cristian Volpato,block,regular,749,12.1,55.5,0,0,49.1,19.0,4.7,52.7,0.0
13981481,Sassuolo,Andrea Pinamonti,block,assisted,700,5.7,57.7,0,0,48.6,19.0,4.6,56.5,0.0
13981481,Sassuolo,Josh Doig,miss,throw-in-set-piece,641,20.7,51.9,0,0,50.1,87.5,,,
13981481,Hellas Verona,Giovane,save,assisted,325,29.3,69.7,0,0,46.0,4.4,2.4,52.5,0.0
13981474,Napoli,Lorenzo Lucca,save,assisted,5377,3.2,33.1,0,0,46.1,17.1,0.5,46.2,0.0
13981474,Genoa,Lorenzo Colombo,block,assisted,4804,26.1,66.3,0,0,50.1,19.4,24.1,64.8,0.0
13981474,Napoli,Rasmus Højlund,goal,regular,4463,6.5,57.1,0,0,47.8,3.2,,,
13981474,Napoli,Frank Anguissa,save,assisted,4462,12.8,60.0,0,0,51.6,3.8,1.0,50.4,0.0
13981474,Napoli,Giovanni Di Lorenzo,post,corner,4415,4.1,38.7,0,0,55.1,22.8,,,
13981474,Napoli,David Neres,miss,assisted,4140,22.0,70.9,0,0,64.9,48.6,,,
13981474,Napoli,Giovanni Di Lorenzo,save,corner,3881,9.8,65.0,0,0,52.4,3.8,1.2,52.9,0.0
13981474,Napoli,David Neres,block,assisted,3843,9.3,69.4,0,0,49.8,19.0,8.4,67.5,0.0
13981474,Napoli,Leonardo Spinazzola,block,assisted,3583,14.8,48.3,0,0,53.4,11.1,6.3,48.6,0.0
13981474,Napoli,Frank Anguissa,goal,regular,3418,4.8,54.8,0,0,53.9,14.6,,,
13981474,Napoli,Scott McTominay,block,assisted,3077,17.2,55.7,0,0,51.2,19.0,14.2,54.5,0.0
13981474,Napoli,Scott McTominay,miss,assisted,2871,7.1,50.0,0,0,75.1,6.9,,,
13981474,Genoa,Vitinha,block,assisted,2739,22.0,29.9,0,0,52.0,19.0,15.8,35.0,0.0
13981474,Genoa,Vitinha,miss,corner,2436,31.2,59.9,0,0,49.4,93.1,,,
13981474,Genoa,Jeff Ekhator,goal,assisted,1979,4.6,52.4,0,0,49.6,4.4,,,
13981474,Napoli,Matteo Politano,miss,regular,638,3.2,59.3,0,0,43.2,73.6,,,
13981474,Genoa,Jeff Ekhator,miss,assisted,585,29.3,72.0,0,0,63.2,1.4,,,
13981474,Genoa,Johan Vásquez,miss,assisted,296,27.5,42.5,0,0,40.8,4.2,,,
13981471,Juventus,Khéphren Thuram,miss,assisted,5516,12.0,32.5,0,0,62.0,90.3,,,
13981471,Milan,Ruben Loftus-Cheek,block,regular,5393,8.6,64.6,0,0,46.7,19.0,6.8,62.3,0.0
13981471,Milan,Rafael Leão,save,assisted,5390,10.3,66.3,0,0,51.4,3.2,1.4,53.2,0.0
13981471,Juventus,Federico Gatti,miss,assisted,5054,11.6,42.5,0,0,63.0,52.8,,,
13981471,Juventus,Andrea Cambiaso,save,assisted,4625,23.3,65.2,0,0,51.3,12.0,1.5,51.4,0.0
13981471,Juventus,Loïs Openda,miss,assisted,4490,20.9,63.0,0,0,34.8,33.3,,,
13981471,Milan,Alexis Saelemaekers,miss,set-piece,4465,25.0,52.8,0,0,55.3,77.8,,,
13981471,Milan,Rafael Leão,miss,assisted,4328,3.6,56.8,0,0,42.9,2.8,,,
13981471,Milan,Rafael Leão,miss,fast-break,4015,53.3,52.9,0,0,56.6,52.8,,,
13981471,Milan,Youssouf Fofana,save,assisted,3507,28.8,52.0,0,0,49.2,13.9,2.2,51.3,0.0
13981471,Milan,Santiago Giménez,block,free-kick,3366,22.8,63.6,0,0,48.3,19.0,14.7,59.4,0.0
13981471,Milan,Christian Pulišić,save,assisted,3230,20.4,38.4,0,0,45.9,3.8,0.90000000000001,48.2,0.0
13981471,Milan,Christian Pulišić,miss,penalty,3169,11.5,50.0,0,0,45.0,56.9,,,
13981471,Juventus,Federico Gatti,block,corner,2841,14.0,29.1,0,0,54.0,19.0,12.0,31.6,0.0
13981471,Juventus,Federico Gatti,save,corner,2830,4.6,46.8,0,0,51.7,24.7,0.7,47.7,0.0
13981471,Juventus,Pierre Kalulu,miss,assisted,2576,19.4,65.0,0,0,66.7,2.8,,,
13981471,Milan,Santiago Giménez,miss,assisted,2526,8.3,44.2,0,0,41.5,31.9,,,
13981471,Milan,Santiago Giménez,save,assisted,1904,10.4,38.0,0,0,51.2,19.0,0.7,47.7,0.0
13981471,Milan,Adrien Rabiot,miss,assisted,1718,21.6,26.2,0,0,57.5,56.9,,,
13981471,Juventus,Weston McKennie,miss,assisted,1676,8.0,58.1,0,0,67.6,11.1,,,
13981471,Juventus,Federico Gatti,save,set-piece,1456,13.3,34.9,0,0,51.7,19.0,1.4,47.5,0.0
13981471,Juventus,Kenan Yıldız,block,assisted,1399,22.5,59.7,0,0,49.6,19.0,19.5,58.5,0.0
13981471,Juventus,Manuel Locatelli,miss,assisted,1333,14.3,39.1,0,0,80.8,2.8,,,
13981471,Juventus,Weston McKennie,miss,assisted,149,11.9,40.1,0,0,62.2,2.8,1.1,34.7,0.0
13981471,Milan,Youssouf Fofana,miss,regular,71,10.0,45.6,0,0,73.1,43.1,,,
13981477,Udinese,Vakoun Bayo,miss,regular,5447,4.2,45.4,0,0,52.1,68.1,,,
13981477,Udinese,Keinan Davis,save,assisted,5445,10.3,59.9,0,0,51.3,5.7,6.3,56.5,0.0
13981477,Udinese,Arthur Atta,block,assisted,5060,13.5,55.7,0,0,49.5,19.0,11.4,54.9,0.0
13981477,Cagliari,Zito Luvumbo,miss,regular,4815,8.0,65.5,0,0,59.2,4.2,,,
13981477,Udinese,Vakoun Bayo,miss,assisted,4763,8.7,45.7,0,0,60.0,16.7,,,
13981477,Udinese,Vakoun Bayo,miss,assisted,4657,3.1,68.4,0,0,42.7,9.7,,,
13981477,Cagliari,Michel Adopo,miss,corner,4587,4.1,40.7,0,0,50.3,70.8,,,
13981477,Udinese,Nicolò Zaniolo,block,assisted,4478,18.7,64.6,0,0,49.5,19.0,16.8,63.2,0.0
13981477,Udinese,Nicolò Zaniolo,miss,assisted,4425,7.3,47.0,0,0,43.9,73.6,,,
13981477,Udinese,Nicolò Zaniolo,block,set-piece,4156,29.1,67.7,0,0,52.2,19.0,25.4,65.2,0.0
13981477,Udinese,Christian Kabasele,goal,corner,3430,4.6,48.6,0,0,46.0,2.5,,,
13981477,Cagliari,Alessandro Di Pardo,miss,assisted,3131,7.3,52.3,0,0,32.9,54.2,,,
13981477,Udinese,Arthur Atta,block,assisted,2975,25.5,47.0,0,0,52.2,19.0,22.0,47.1,0.0
13981477,Udinese,Saba Goglichidze,miss,corner,2792,4.2,41.2,0,0,52.4,66.7,,,
13981477,Udinese,Hassane Kamara,block,regular,2663,21.5,47.2,0,0,48.7,19.0,20.1,47.5,0.0
13981477,Cagliari,Sebastiano Esposito,miss,corner,2564,17.9,33.3,0,0,65.2,26.4,,,
13981477,Udinese,Jesper Karlström,miss,assisted,2463,21.6,47.2,0,0,46.6,84.7,,,
13981477,Udinese,Jakub Piotrowski,block,throw-in-set-piece,2458,10.6,47.2,0,0,51.0,19.0,8.0,47.7,0.0
13981477,Udinese,Arthur Atta,post,assisted,2390,3.0,43.4,0,0,53.8,39.9,,,
13981477,Udinese,Arthur Atta,miss,assisted,2291,13.2,43.8,0,0,42.2,16.7,,,
13981477,Udinese,Jakub Piotrowski,save,assisted,2134,14.1,42.1,0,0,52.0,3.8,0.90000000000001,47.7,0.0
13981477,Udinese,Nicolò Zaniolo,block,assisted,2129,25.4,62.4,0,0,50.7,19.0,15.3,57.2,0.0
13981477,Udinese,Hassane Kamara,block,regular,1638,3.8,28.2,0,0,49.5,19.0,3.2,31.8,0.0
13981477,Udinese,Arthur Atta,save,assisted,1632,26.3,56.2,0,0,53.7,32.3,2.9,51.4,0.0
13981477,Cagliari,Gennaro Borrelli,goal,assisted,1468,8.2,46.6,0,0,51.2,5.7,,,
13981477,Cagliari,Matteo Prati,block,regular,1465,18.8,50.1,0,0,50.1,19.0,10.6,50.0,0.0
13981477,Cagliari,Mattia Felici,block,assisted,1463,13.7,23.1,0,0,52.6,19.0,12.3,25.6,0.0
13981477,Cagliari,Gennaro Borrelli,save,assisted,1354,20.1,54.2,0,0,50.4,6.3,2.3,51.1,0.0
13981477,Udinese,Nicolò Zaniolo,post,assisted,479,4.8,31.3,0,0,55.2,7.6,,,
13981477,Udinese,Christian Kabasele,block,set-piece,216,10.4,54.8,0,0,50.9,19.0,9.6,54.3,0.0
13981477,Udinese,Oumar Solet,block,regular,153,26.9,44.6,0,0,50.2,19.0,22.3,45.5,0.0
13981478,Roma,Evan Ndicka,miss,corner,5366,7.0,48.3,0,0,57.8,66.7,,,
13981478,Roma,Paulo Dybala,save,assisted,5308,23.3,50.4,0,0,46.2,22.2,3.1,50.0,0.0
13981478,Fiorentina,Robin Gosens,miss,assisted,4875,4.9,41.9,0,0,61.2,79.2,,,
13981478,Fiorentina,Roberto Piccoli,post,regular,4386,24.7,65.0,0,0,53.3,39.9,,,
13981478,Fiorentina,Roberto Piccoli,miss,set-piece,4120,7.1,51.7,0,0,39.8,4.2,,,
13981478,Fiorentina,Dodô,miss,corner,3366,24.1,64.1,0,0,40.2,91.7,,,
13981478,Fiorentina,Moise Kean,block,assisted,3330,21.6,56.2,0,0,48.3,19.0,18.4,53.8,0.0
13981478,Fiorentina,Jacopo Fazzini,save,fast-break,3004,24.1,52.6,0,0,50.2,15.2,1.2,50.9,0.0
13981478,Roma,Artem Dovbyk,miss,assisted,2990,9.4,50.3,0,0,64.0,8.3,3.5,47.8,0.0
13981478,Fiorentina,Luca Ranieri,save,regular,2273,28.7,49.1,0,0,51.0,5.7,2.0,50.4,0.0
13981478,Fiorentina,Moise Kean,post,fast-break,2249,15.3,41.4,0,0,44.5,22.2,,,
13981478,Roma,Artem Dovbyk,miss,assisted,2130,2.1,47.0,0,0,57.3,18.1,,,
13981478,Fiorentina,Dodô,block,assisted,1868,8.7,66.5,0,0,49.2,19.0,7.0,63.4,0.0
13981478,Roma,Bryan Cristante,goal,corner,1782,7.2,65.1,0,0,45.9,22.2,,,
13981478,Roma,Matías Soulé,block,assisted,1608,12.6,44.0,0,0,50.8,19.0,5.9,46.7,0.0
13981478,Roma,Matías Soulé,goal,assisted,1276,18.2,51.2,0,0,54.2,22.2,,,
13981478,Fiorentina,Moise Kean,goal,fast-break,814,20.8,36.4,0,0,46.1,20.9,,,
13981478,Roma,Matías Soulé,block,assisted,424,25.5,52.6,0,0,53.1,19.0,13.8,50.0,0.0
13981478,Fiorentina,Rolando Mandragora,miss,free-kick,212,25.1,59.7,0,0,45.4,86.1,,,
13981482,Juventus,Dušan Vlahović,miss,regular,5581,30.2,47.7,0,0,35.0,1.4,,,
13981482,Juventus,Dušan Vlahović,save,free-kick,5430,28.5,52.2,0,0,45.8,6.3,1.9,50.2,0.0
13981482,Como,Anastasios Douvikas,miss,assisted,5316,5.4,40.3,0,0,60.2,66.7,,,
13981482,Como,Anastasios Douvikas,save,assisted,5081,20.7,47.4,0,0,50.1,2.5,1.2,50.0,0.0
13981482,Juventus,Andrea Cambiaso,save,regular,4906,16.4,34.9,0,0,51.5,4.4,1.5,47.8,0.0
13981482,Como,Nico Paz,goal,fast-break,4686,15.8,63.8,0,0,54.2,14.6,,,
13981482,Juventus,Khéphren Thuram,miss,assisted,4008,10.8,44.8,0,0,59.5,20.8,,,
13981482,Como,Nico Paz,block,assisted,3847,22.0,51.9,0,0,49.8,19.0,20.7,51.8,0.0
13981482,Juventus,Teun Koopmeiners,save,assisted,3759,8.2,57.7,0,0,52.6,20.3,1.4,52.0,0.0
13981482,Juventus,Teun Koopmeiners,miss,free-kick,3680,26.3,37.3,0,0,54.8,55.6,,,
13981482,Como,Maxence Caqueret,miss,regular,3325,6.7,42.1,0,0,57.1,2.8,,,
13981482,Como,Mërgim Vojvoda,save,assisted,3322,18.2,72.4,0,0,52.1,1.9,1.8,53.2,0.0
13981482,Como,Mërgim Vojvoda,block,assisted,2746,10.2,59.5,0,0,52.0,19.0,7.2,56.1,0.0
13981482,Juventus,Francisco Conceição,miss,fast-break,2356,12.9,66.4,0,0,58.3,5.6,,,
13981482,Juventus,Khéphren Thuram,miss,assisted,2235,13.3,52.8,0,0,41.8,31.9,,,
13981482,Juventus,Teun Koopmeiners,block,set-piece,2099,16.8,53.1,0,0,51.1,19.0,14.5,52.5,0.0
13981482,Juventus,Teun Koopmeiners,block,set-piece,2097,23.5,52.7,0,0,49.8,19.0,11.8,51.4,0.0
13981482,Como,Alberto Moreno,save,assisted,2005,16.0,28.0,0,0,48.6,0.6,1.0,47.5,0.0
13981482,Como,Álvaro Morata,block,fast-break,1814,8.6,30.9,0,0,52.0,19.0,7.3,33.4,0.0
13981482,Como,Marc-Oliver Kempf,miss,corner,1738,8.6,49.5,0,0,31.4,6.9,,,
13981482,Como,Álvaro Morata,save,assisted,1691,16.1,68.5,0,0,51.6,34.2,0.7,52.0,0.0
13981482,Juventus,Teun Koopmeiners,block,assisted,1576,15.1,45.4,0,0,51.2,19.0,12.3,46.0,0.0
13981482,Juventus,Kenan Yıldız,block,assisted,1450,9.5,52.9,0,0,50.9,19.0,8.1,52.3,0.0
13981482,Juventus,Kenan Yıldız,miss,fast-break,1204,18.2,35.8,0,0,41.2,5.6,,,
13981482,Juventus,Francisco Conceição,miss,assisted,1045,25.0,62.6,0,0,66.7,66.7,,,
13981482,Juventus,Manuel Locatelli,miss,regular,865,15.3,32.5,0,0,37.5,95.8,,,
13981482,Como,Marc-Oliver Kempf,goal,corner,192,2.9,44.5,0,0,52.2,24.1,,,
13981485,Roma,Evan Ferguson,miss,regular,5456,26.2,53.7,0,0,63.5,83.3,,,
13981485,Roma,Bryan Cristante,miss,set-piece,5365,10.7,56.9,0,0,47.1,59.7,,,
13981485,Roma,Artem Dovbyk,save,assisted,5264,11.7,41.0,0,0,53.4,1.3,1.2,49.3,0.0
13981485,Inter,Manuel Akanji,miss,corner,5141,12.8,55.0,0,0,60.5,65.3,,,
13981485,Inter,Henrikh Mkhitaryan,post,regular,5032,13.5,51.3,0,0,44.3,22.2,,,
13981485,Roma,Zeki Çelik,block,assisted,4340,5.1,71.1,0,0,45.7,19.0,4.2,68.2,0.0
13981485,Inter,Alessandro Bastoni,block,set-piece,4225,25.4,43.7,0,0,51.0,19.0,20.3,44.8,0.0
13981485,Roma,Wesley,miss,assisted,4063,9.2,29.3,0,0,59.3,56.9,,,
13981485,Inter,Ange-Yoan Bonny,miss,assisted,4015,18.2,51.3,0,0,58.0,81.9,,,
13981485,Roma,Matías Soulé,save,assisted,3793,12.0,69.3,0,0,52.4,1.9,2.4,54.2,0.0
13981485,Roma,Artem Dovbyk,miss,corner,3522,4.1,51.0,0,0,52.9,55.6,,,
13981485,Roma,Zeki Çelik,block,assisted,3480,8.9,67.1,0,0,47.4,19.0,7.6,65.0,0.0
13981485,Roma,Paulo Dybala,save,free-kick,3249,18.8,56.0,0,0,53.0,11.4,1.2,49.8,0.0
13981485,Roma,Manu Koné,block,corner,3145,22.3,56.6,0,0,49.9,19.0,17.6,55.2,0.0
13981485,Roma,Mario Hermoso,save,corner,3137,5.8,52.1,0,0,47.9,24.1,1.1,51.8,0.0
13981485,Roma,Paulo Dybala,save,assisted,3104,4.3,33.4,0,0,53.2,8.9,1.0,44.4,0.0
13981485,Inter,Denzel Dumfries,save,fast-break,2997,16.1,68.1,0,0,48.1,8.2,1.9,52.7,0.0
13981485,Inter,Lautaro Martínez,miss,corner,2838,3.6,42.7,0,0,58.0,43.1,,,
13981485,Inter,Hakan Çalhanoğlu,miss,assisted,1652,26.1,33.6,0,0,57.8,59.7,,,
13981485,Roma,Evan Ndicka,miss,corner,1574,3.9,54.5,0,0,51.1,70.8,,,
13981485,Inter,Federico Dimarco,miss,regular,1346,23.7,27.6,0,0,30.8,11.1,,,
13981485,Inter,Henrikh Mkhitaryan,miss,assisted,828,13.8,43.8,0,0,50.8,95.8,,,
13981485,Roma,Bryan Cristante,miss,corner,735,6.4,57.2,0,0,48.2,54.2,,,
13981485,Roma,Lorenzo Pellegrini,block,assisted,708,21.2,48.7,0,0,50.9,19.0,19.3,48.7,0.0
13981485,Inter,Hakan Çalhanoğlu,save,assisted,551,28.5,47.3,0,0,51.9,7.0,2.3,49.8,0.0
13981485,Inter,Lautaro Martínez,block,regular,548,11.6,38.7,0,0,52.5,19.0,9.6,40.2,0.0
13981485,Inter,Ange-Yoan Bonny,goal,assisted,334,7.9,65.0,0,0,46.8,9.5,,,
13981479,Napoli,Matteo Politano,post,assisted,5569,16.8,72.3,0,0,55.5,4.4,,,
13981479,Napoli,Leonardo Spinazzola,save,assisted,5503,24.9,35.8,0,0,51.0,25.3,3.3,48.7,0.0
13981479,Torino,Duván Zapata,miss,set-piece,5384,9.8,50.0,0,0,1.2,5.6,5.1,100.0,0.0
13981479,Napoli,Eljif Elmas,miss,assisted,5250,10.0,47.9,0,0,60.8,88.9,,,
13981479,Napoli,Sam Beukema,miss,corner,4756,9.6,53.1,0,0,47.4,68.1,,,
13981479,Napoli,Kevin De Bruyne,block,corner,4623,20.3,57.5,0,0,52.3,19.0,10.3,52.7,0.0
13981479,Napoli,Matteo Politano,block,regular,4585,15.9,62.0,0,0,49.1,19.0,11.4,58.8,0.0
13981479,Napoli,Frank Anguissa,miss,assisted,4488,11.4,46.8,0,0,22.5,6.9,,,
13981479,Torino,Che Adams,save,assisted,4308,22.5,45.4,0,0,54.3,5.1,1.8,49.6,0.0
13981479,Napoli,Kevin De Bruyne,miss,assisted,4043,11.4,45.8,0,0,53.9,76.4,,,
13981479,Napoli,David Neres,miss,assisted,3918,21.9,72.3,0,0,58.7,77.8,,,
13981479,Napoli,Frank Anguissa,save,assisted,3602,9.2,53.3,0,0,48.6,31.6,0.59999999999999,50.5,0.0
13981479,Torino,Giovanni Simeone,miss,assisted,3513,36.0,33.8,0,0,32.1,84.7,,,
13981479,Napoli,Leonardo Spinazzola,miss,assisted,3174,23.5,27.7,0,0,30.6,59.7,,,
13981479,Napoli,Leonardo Spinazzola,save,assisted,3081,23.3,49.0,0,0,52.5,11.4,2.2,50.5,0.0
13981479,Torino,Cesare Casadei,miss,corner,2946,3.4,56.4,0,0,51.1,63.9,,,
13981479,Torino,Che Adams,block,assisted,2902,8.3,67.9,0,0,51.4,11.1,6.0,64.1,0.0
13981479,Napoli,Frank Anguissa,miss,corner,2767,6.2,63.7,0,0,42.5,47.2,,,
13981479,Napoli,David Neres,miss,free-kick,2807,21.9,68.4,0,0,40.5,72.2,,,
13981479,Napoli,Lorenzo Lucca,miss,assisted,2446,3.8,60.5,0,0,40.7,6.9,,,
13981479,Napoli,Sam Beukema,miss,assisted,2394,30.5,65.8,0,0,60.3,58.3,,,
13981479,Torino,Che Adams,block,fast-break,2162,14.3,35.3,0,0,45.9,2.8,8.1,42.6,0.0
13981479,Torino,Marcus Pedersen,miss,fast-break,2065,8.6,45.2,0,0,52.9,97.2,,,
13981479,Torino,Giovanni Simeone,goal,regular,1882,6.3,46.0,0,0,51.9,1.9,,,
13981479,Napoli,Frank Anguissa,miss,corner,1752,11.7,54.5,0,0,38.7,19.4,5.9,56.7,0.0
13981479,Napoli,Lorenzo Lucca,save,corner,1749,9.1,47.3,0,0,51.7,21.5,7.0,47.7,0.0
13981479,Torino,Kristjan Asllani,miss,regular,1596,25.7,49.1,0,0,35.6,83.3,,,
13981479,Napoli,Lorenzo Lucca,block,assisted,1566,8.8,49.1,0,0,49.9,19.0,7.2,49.3,0.0
13981479,Napoli,Mathías Olivera,miss,assisted,1535,3.3,52.9,0,0,94.1,11.1,3.2,45.8,0.0
13981479,Napoli,Kevin De Bruyne,block,regular,1362,14.8,43.7,0,0,48.3,19.0,8.1,47.3,0.0
13981479,Torino,Giovanni Simeone,miss,throw-in-set-piece,1164,14.7,53.3,0,0,56.5,77.8,,,
13981479,Napoli,Kevin De Bruyne,save,free-kick,973,26.6,51.3,0,0,51.8,3.8,1.8,49.1,0.0
13981479,Torino,Nikola Vlašić,post,assisted,861,20.7,33.6,0,0,44.8,1.9,,,
13981479,Torino,Saúl Coco,miss,set-piece,630,7.0,42.8,0,0,35.5,15.3,3.7,51.8,0.0
13981484,Hellas Verona,Martin Frese,miss,assisted,5636,12.5,27.6,0,0,34.5,16.7,,,
13981484,Pisa,Giovanni Bonfanti,miss,throw-in-set-piece,5516,13.8,55.8,0,0,39.8,1.4,,,
13981484,Pisa,Antonio Caracciolo,block,set-piece,5316,14.5,44.0,0,0,50.5,19.0,11.2,45.2,0.0
13981484,Hellas Verona,Yellu Santiago,save,set-piece,5227,26.0,45.0,0,0,52.1,22.2,1.1,50.7,0.0
13981484,Hellas Verona,Nicolás Valentini,miss,throw-in-set-piece,4793,23.7,31.3,0,0,21.0,6.9,12.7,50.5,0.0
13981484,Hellas Verona,Roberto Gagliardini,miss,corner,4135,6.7,30.7,0,0,57.0,77.8,,,
13981484,Hellas Verona,Amin Sarr,block,corner,4133,8.9,47.7,0,0,51.2,19.0,7.3,47.9,0.0
13981484,Hellas Verona,Rafik Belghali,block,assisted,4085,9.8,67.5,0,0,49.1,19.0,7.1,62.9,0.0
13981484,Pisa,M'Bala Nzola,miss,fast-break,3454,19.5,63.8,0,0,55.0,58.3,,,
13981484,Hellas Verona,Nicolás Valentini,save,corner,3383,12.9,54.4,0,0,51.0,31.0,1.2,51.8,0.0
13981484,Hellas Verona,Gift Orban,miss,regular,3278,9.4,51.3,0,0,50.6,72.2,,,
13981484,Hellas Verona,Unai Núñez,miss,throw-in-set-piece,2710,9.5,49.7,0,0,69.6,15.3,7.0,42.1,0.0
13981484,Hellas Verona,Gift Orban,miss,assisted,2466,5.8,47.0,0,0,47.6,56.9,,,
13981484,Hellas Verona,Fallou Cham,miss,regular,2465,9.7,62.4,0,0,78.8,11.1,5.8,48.2,0.0
13981484,Hellas Verona,Fallou Cham,save,assisted,2462,11.7,64.2,0,0,48.1,16.5,2.5,53.4,0.0
13981484,Pisa,Ebenezer Akinsanmiro,miss,regular,2348,11.4,36.4,0,0,44.5,79.2,,,
13981484,Pisa,Stefano Moreo,miss,corner,1872,7.7,47.7,0,0,48.9,54.2,,,
13981484,Pisa,Stefano Moreo,block,assisted,1840,18.1,56.6,0,0,49.9,19.0,16.2,55.9,0.0
13981484,Pisa,M'Bala Nzola,miss,assisted,1652,8.6,52.6,0,0,66.9,6.9,,,
13981484,Hellas Verona,Fallou Cham,miss,fast-break,1293,15.0,63.6,0,0,41.5,1.4,,,
13981484,Hellas Verona,Giovane,block,fast-break,1252,12.3,45.2,0,0,50.4,19.0,10.7,45.8,0.0
13981484,Hellas Verona,Giovane,block,fast-break,670,21.2,58.3,0,0,49.5,19.0,11.4,54.7,0.0
13981487,Atalanta,Charles De Ketelaere,miss,assisted,5001,18.2,55.2,0,0,60.5,81.9,,,
13981487,Atalanta,Marten de Roon,save,regular,4824,14.2,47.2,0,0,46.6,7.0,1.4,50.5,0.0
13981487,Atalanta,Davide Zappacosta,post,assisted,4822,7.9,62.8,0,0,55.2,8.9,,,
13981487,Lazio,Matías Vecino,block,assisted,4714,23.8,33.3,0,0,51.4,19.0,19.2,36.3,0.0
13981487,Atalanta,Nikola Krstović,block,assisted,4435,6.5,68.9,0,0,50.0,19.0,5.5,66.1,0.0
13981487,Atalanta,Lorenzo Bernasconi,block,assisted,4349,21.2,48.3,0,0,49.2,19.0,17.5,48.7,0.0
13981487,Atalanta,Nikola Krstović,save,corner,4299,8.2,54.6,0,0,54.0,33.5,1.2,52.2,0.0
13981487,Atalanta,Ademola Lookman,save,assisted,4256,15.4,37.0,0,0,48.7,1.3,1.9,48.4,0.0
13981487,Atalanta,Nikola Krstović,save,assisted,4036,10.2,65.8,0,0,47.7,14.6,2.7,56.1,0.0
13981487,Atalanta,Davide Zappacosta,miss,corner,3941,20.3,72.4,0,0,35.5,97.2,,,
13981487,Lazio,Nuno Tavares,miss,free-kick,3781,23.8,68.1,0,0,48.7,81.9,,,
13981487,Atalanta,Honest Ahanor,miss,corner,3618,2.3,46.9,0,0,60.0,6.9,,,
13981487,Atalanta,Mario Pašalić,miss,corner,3617,4.5,54.8,0,0,59.2,2.8,1.9,46.4,0.0
13981487,Atalanta,Davide Zappacosta,block,assisted,3580,4.2,64.2,0,0,47.1,19.0,2.5,59.7,0.0
13981487,Atalanta,Éderson,save,assisted,3375,18.7,48.3,0,0,50.3,1.9,1.8,49.8,0.0
13981487,Atalanta,Ademola Lookman,miss,assisted,2996,4.6,49.9,0,0,53.4,52.8,,,
13981487,Atalanta,Kamaldeen Sulemana,miss,assisted,2758,7.5,50.9,0,0,98.0,5.6,7.0,27.6,0.0
13981487,Atalanta,Davide Zappacosta,save,assisted,2547,15.4,67.8,0,0,46.1,1.3,2.5,52.9,0.0
13981487,Lazio,Mattéo Guendouzi,miss,fast-break,2296,13.6,58.8,0,0,43.9,55.6,,,
13981487,Lazio,Toma Bašić,save,free-kick,1837,27.4,54.8,0,0,46.6,17.7,2.3,50.2,0.0
13981495,Cagliari,Gianluca Gaetano,miss,free-kick,5609,26.8,52.8,0,0,41.5,51.4,,,
13981495,Cagliari,Gianluca Gaetano,save,free-kick,5532,30.2,42.3,0,0,50.2,14.6,1.6,50.0,0.0
13981495,Bologna,Tommaso Pobega,save,assisted,5018,5.1,60.5,0,0,48.7,3.8,2.3,56.0,0.0
13981495,Bologna,Riccardo Orsolini,goal,assisted,4785,21.2,70.2,0,0,45.7,22.2,,,
13981495,Cagliari,Sebastiano Luperto,save,set-piece,4628,10.7,51.6,0,0,50.0,17.1,0.90000000000001,50.9,0.0
13981495,Bologna,Riccardo Orsolini,miss,assisted,4449,13.4,69.9,0,0,84.9,16.7,7.0,48.4,0.0
13981495,Bologna,Nicolò Cambiaghi,save,corner,2991,18.2,26.0,0,0,51.1,2.5,1.4,48.4,0.0
13981495,Bologna,Jens Odgaard,save,assisted,2702,22.0,26.0,0,0,51.3,20.9,3.7,46.6,0.0
13981495,Cagliari,Mattia Felici,save,assisted,2491,21.0,40.5,0,0,47.2,0.6,10.5,45.1,0.0
13981495,Bologna,Federico Bernardeschi,block,corner,2273,22.2,66.7,0,0,49.6,19.0,20.8,65.7,0.0
13981495,Bologna,Emil Holm,goal,corner,1810,4.6,50.8,0,0,48.4,17.7,,,
13981495,Bologna,Federico Bernardeschi,save,assisted,1774,29.9,54.3,0,0,48.5,30.4,1.5,50.9,0.0
13981495,Bologna,Lewis Ferguson,save,assisted,1742,17.9,49.6,0,0,50.6,2.5,1.1,49.8,0.0
13981495,Bologna,Jens Odgaard,miss,assisted,1225,11.3,23.3,0,0,56.0,88.9,,,
13981486,Fiorentina,Marin Pongračić,miss,regular,5814,25.3,60.9,0,0,35.8,81.9,,,
13981486,Milan,Youssouf Fofana,block,regular,5661,14.5,48.7,0,0,51.1,19.0,11.6,48.7,0.0
13981486,Fiorentina,Dodô,block,assisted,5323,9.1,64.6,0,0,49.0,19.0,7.2,61.8,0.0
13981486,Milan,Rafael Leão,goal,penalty,5148,11.5,50.0,0,0,52.6,1.9,,,
13981486,Milan,Santiago Giménez,block,assisted,4836,12.9,44.6,0,0,52.8,19.0,11.0,45.0,0.0
13981486,Milan,Matteo Gabbia,miss,corner,4571,9.1,45.6,0,0,60.7,20.8,,,
13981486,Milan,Santiago Giménez,save,assisted,4525,9.1,48.9,0,0,49.4,25.9,1.4,49.8,0.0
13981486,Fiorentina,Dodô,miss,assisted,4459,22.9,58.3,0,0,50.4,61.1,,,
13981486,Milan,Youssouf Fofana,miss,assisted,4289,29.0,39.7,0,0,43.2,84.7,,,
13981486,Milan,Youssouf Fofana,save,assisted,4233,9.1,57.5,0,0,49.4,25.3,0.59999999999999,52.5,0.0
13981486,Milan,Santiago Giménez,miss,set-piece,4181,11.3,44.6,0,0,59.2,23.6,,,
13981486,Milan,Rafael Leão,goal,assisted,3737,24.1,40.1,0,0,46.6,5.7,,,
13981486,Milan,Fikayo Tomori,block,assisted,3538,15.0,61.3,0,0,50.9,19.0,7.1,54.9,0.0
13981486,Fiorentina,Robin Gosens,goal,corner,3296,1.2,48.7,0,0,51.4,23.4,,,
13981486,Fiorentina,Hans Nicolussi Caviglia,miss,assisted,3145,27.9,46.2,0,0,59.3,11.1,,,
13981486,Milan,Alexis Saelemaekers,miss,assisted,2697,19.4,35.0,0,0,35.1,91.7,,,
13981486,Milan,Zachary Athekame,miss,assisted,2475,22.5,68.5,0,0,66.6,31.9,,,
13981486,Milan,Strahinja Pavlović,miss,set-piece,1201,7.4,48.5,0,0,49.7,76.4,,,
13981486,Milan,Fikayo Tomori,miss,set-piece,260,11.4,44.8,0,0,60.3,87.5,,,
13981490,Sassuolo,Nicholas Pierini,block,regular,5610,19.6,39.5,0,0,50.5,19.0,11.8,43.5,0.0
13981490,Sassuolo,Walid Cheddira,block,assisted,5608,13.9,35.9,0,0,51.8,19.0,11.6,37.9,0.0
13981490,Sassuolo,Kristian Thorstvedt,block,throw-in-set-piece,5402,10.6,31.3,0,0,48.5,19.0,9.0,34.3,0.0
13981490,Lecce,Kialonda Gaspar,miss,corner,4945,5.7,55.6,0,0,45.7,91.7,,,
13981490,Lecce,Þórir Jóhann Helgason,save,fast-break,4525,18.8,55.0,0,0,53.5,12.7,3.7,51.4,0.0
13981490,Lecce,Medon Berisha,miss,assisted,4188,25.6,45.0,0,0,29.9,73.6,,,
13981490,Sassuolo,Andrea Pinamonti,miss,assisted,3939,28.7,49.1,0,0,34.8,34.7,,,
13981490,Sassuolo,Domenico Berardi,miss,regular,3780,8.8,34.4,0,0,38.5,1.4,,,
13981490,Sassuolo,Domenico Berardi,save,regular,3778,6.5,32.8,0,0,49.7,2.5,3.1,41.0,0.0
13981490,Lecce,Tiago Gabriel,block,corner,3105,9.1,53.2,0,0,50.0,19.0,7.2,52.5,0.0
13981490,Lecce,Nikola Štulić,block,assisted,2473,10.0,60.3,0,0,49.8,19.0,8.4,58.7,0.0
13981490,Lecce,Medon Berisha,miss,regular,2397,27.3,45.1,0,0,44.9,72.2,,,
13981490,Lecce,Nikola Štulić,miss,assisted,2213,20.7,57.7,0,0,57.0,5.6,,,
13981490,Lecce,Tete Morente,block,assisted,2064,21.0,47.2,0,0,52.3,19.0,17.3,47.3,0.0
13981490,Lecce,Santiago Pierotti,miss,corner,1821,10.5,48.9,0,0,41.5,18.1,3.2,55.2,0.0
13981490,Sassuolo,Kristian Thorstvedt,miss,corner,1367,8.7,42.6,0,0,38.0,9.7,5.0,52.2,0.0
13981490,Sassuolo,Aster Vranckx,miss,assisted,1286,20.6,33.8,0,0,36.6,4.2,11.9,48.4,0.0
13981490,Sassuolo,Armand Laurienté,save,assisted,1045,26.6,23.1,0,0,54.2,3.2,1.6,48.9,0.0
13981490,Lecce,Danilo Veiga,save,assisted,774,8.1,66.5,0,0,45.7,2.5,0.90000000000001,52.2,0.0
13981490,Lecce,Ylber Ramadani,miss,assisted,193,20.4,60.5,0,0,59.7,47.2,,,
13981491,Udinese,Jesper Karlström,block,corner,5548,7.5,34.3,0,0,48.9,19.0,2.4,45.7,0.0
13981491,Cremonese,Jamie Vardy,block,assisted,5437,13.1,41.3,0,0,49.2,19.0,9.6,43.9,0.0
13981491,Udinese,Oumar Solet,miss,assisted,5082,19.8,43.0,0,0,48.2,90.3,,,
13981491,Udinese,Keinan Davis,miss,fast-break,4776,5.5,30.3,0,0,41.2,2.8,,,
13981491,Cremonese,Franco Vázquez,post,free-kick,4694,22.2,36.4,0,0,55.4,4.4,,,
13981491,Udinese,Arthur Atta,miss,free-kick,4368,22.9,39.5,0,0,52.9,61.1,,,
13981491,Udinese,Jakub Piotrowski,block,assisted,4000,10.3,53.9,0,0,48.3,19.0,7.2,53.2,0.0
13981491,Udinese,Vakoun Bayo,miss,regular,3624,5.4,45.8,0,0,57.3,9.7,,,
13981491,Cremonese,Jamie Vardy,save,fast-break,3540,10.8,37.6,0,0,51.6,15.2,7.1,42.1,0.0
13981491,Cremonese,Martín Payero,miss,assisted,3280,26.0,45.0,0,0,61.3,2.8,,,
13981491,Udinese,Nicolò Zaniolo,goal,assisted,3012,4.9,40.0,0,0,46.1,22.8,,,
13981491,Cremonese,Federico Bonazzoli,miss,regular,2627,22.8,66.3,0,0,47.1,70.8,,,
13981491,Cremonese,Jari Vandeputte,miss,assisted,2477,18.8,68.3,0,0,59.7,22.2,,,
13981491,Cremonese,Federico Bonazzoli,post,regular,1860,13.0,44.2,0,0,52.4,39.9,,,
13981491,Cremonese,Alessio Zerbin,save,set-piece,1842,20.5,59.1,0,0,50.1,5.7,1.0,50.4,0.0
13981491,Cremonese,Alessio Zerbin,block,corner,1624,14.5,58.3,0,0,46.8,19.0,7.5,56.1,0.0
13981491,Cremonese,Matteo Bianchetti,save,corner,1623,8.5,46.4,0,0,52.2,19.0,6.4,46.7,0.0
13981491,Udinese,Arthur Atta,miss,assisted,1295,11.1,35.8,0,0,51.1,84.7,,,
13981491,Cremonese,Filippo Terracciano,goal,set-piece,223,5.2,48.3,0,0,50.6,32.3,,,
13981494,Genoa,Johan Vásquez,miss,corner,5844,10.1,45.7,0,0,67.4,29.2,,,
13981494,Genoa,Maxwel Cornet,save,penalty,5763,11.5,50.0,0,0,52.9,6.3,0.7,50.5,0.0
13981494,Genoa,Valentín Carboni,block,assisted,4996,10.2,64.6,0,0,48.2,19.0,7.5,61.2,0.0
13981494,Genoa,Jeff Ekhator,save,assisted,4909,7.1,50.5,0,0,53.0,15.2,1.0,49.6,0.0
13981494,Genoa,Ruslan Malinovskyi,miss,regular,4547,24.7,44.4,0,0,50.4,91.7,,,
13981494,Genoa,Ruslan Malinovskyi,miss,set-piece,4402,24.9,31.5,0,0,59.5,90.3,,,
13981494,Genoa,Ruslan Malinovskyi,block,free-kick,4400,24.1,40.3,0,0,50.1,19.0,14.2,44.2,0.0
13981494,Genoa,Mikael Ellertsson,miss,regular,4068,12.9,46.8,0,0,40.8,65.3,,,
13981494,Genoa,Patrizio Masini,save,assisted,3788,24.8,69.5,0,0,51.9,6.3,1.8,52.5,0.0
13981494,Genoa,Mikael Ellertsson,block,assisted,3756,9.1,45.2,0,0,52.2,19.0,7.5,45.7,0.0
13981494,Genoa,Ruslan Malinovskyi,save,assisted,3750,20.7,58.5,0,0,53.8,1.9,1.2,50.2,0.0
13981494,Genoa,Morten Frendrup,miss,regular,3213,24.7,45.0,0,0,29.6,79.2,,,
13981494,Genoa,Vitinha,block,assisted,3212,12.9,51.5,0,0,48.9,19.0,11.1,51.4,0.0
13981494,Genoa,Caleb Ekuban,miss,assisted,3016,9.4,36.0,0,0,65.9,23.6,,,
13981494,Genoa,Valentín Carboni,save,set-piece,2856,18.8,65.8,0,0,48.1,10.1,0.90000000000001,51.6,0.0
13981494,Genoa,Ruslan Malinovskyi,save,free-kick,2846,25.5,43.5,0,0,46.4,15.8,0.7,51.6,0.0
13981494,Genoa,Johan Vásquez,miss,throw-in-set-piece,2716,20.0,45.8,0,0,45.4,93.1,,,
13981494,Genoa,Johan Vásquez,block,throw-in-set-piece,2715,25.3,46.2,0,0,53.7,19.0,23.3,46.2,0.0
13981494,Genoa,Ruslan Malinovskyi,block,throw-in-set-piece,2713,19.5,58.7,0,0,49.5,19.0,17.5,58.1,0.0
13981494,Genoa,Patrizio Masini,block,corner,1654,4.2,57.2,0,0,46.9,19.0,2.9,56.0,0.0
13981494,Genoa,Vitinha,save,set-piece,1624,7.3,58.5,0,0,46.8,12.7,0.0,52.3,0.0
13981494,Genoa,Caleb Ekuban,miss,assisted,983,20.1,43.2,0,0,39.0,72.2,,,
13981494,Parma,Patrick Cutrone,miss,assisted,513,17.3,35.2,0,0,41.0,4.2,,,
13981494,Genoa,Caleb Ekuban,miss,regular,307,19.3,40.0,0,0,63.5,13.9,,,
13981497,Como,Anastasios Douvikas,miss,assisted,5640,10.7,54.8,0,0,48.2,83.3,,,
13981497,Parma,Hernani,block,set-piece,5261,19.0,50.5,0,0,51.1,19.0,17.3,50.4,0.0
13981497,Parma,Sascha Britschgi,miss,set-piece,5259,24.0,35.4,0,0,34.6,9.7,12.9,48.9,0.0
13981497,Como,Anastasios Douvikas,save,assisted,5059,9.2,49.7,0,0,50.6,22.8,0.7,49.3,0.0
13981497,Parma,Patrick Cutrone,block,throw-in-set-piece,4885,11.7,28.9,0,0,51.7,19.0,11.0,26.2,0.0
13981497,Parma,Enrico Delprato,save,set-piece,4808,7.7,55.5,0,0,50.2,22.8,4.9,54.2,0.0
13981497,Como,Lucas Da Cunha,save,assisted,3074,15.8,47.2,0,0,54.1,5.7,0.2,48.4,0.0
13981497,Como,Álvaro Morata,miss,assisted,2587,4.6,44.6,0,0,52.8,75.0,,,
13981497,Parma,Lautaro Valenti,save,set-piece,2391,20.4,26.4,0,0,51.3,2.5,2.4,46.4,0.0
13981497,Parma,Adrián Bernabé,miss,assisted,2110,6.7,65.2,0,0,52.3,63.9,,,
13981497,Como,Nico Paz,miss,assisted,1976,25.1,38.2,0,0,58.8,18.1,0.3,42.2,0.0
13981497,Como,Lucas Da Cunha,block,assisted,1279,27.3,43.9,0,0,50.4,19.0,18.0,45.8,0.0
13981497,Parma,Adrián Bernabé,block,set-piece,1167,10.5,73.4,0,0,49.7,19.0,9.6,70.2,0.0
13981497,Parma,Lautaro Valenti,miss,assisted,856,29.4,36.9,0,0,57.8,77.8,,,
13981497,Parma,Patrick Cutrone,save,throw-in-set-piece,758,3.2,40.0,0,0,52.3,4.4,1.8,44.0,0.0
13981497,Parma,Patrick Cutrone,post,throw-in-set-piece,751,8.0,44.7,0,0,53.3,39.2,,,
13981492,Genoa,Maxwel Cornet,save,assisted,5737,7.3,52.4,0,0,50.0,3.8,1.0,51.3,0.0
13981492,Genoa,Mikael Ellertsson,block,throw-in-set-piece,5722,27.8,49.1,0,0,47.6,8.3,19.3,50.0,0.0
13981492,Genoa,Caleb Ekuban,save,set-piece,5683,8.8,46.8,0,0,49.5,21.5,4.2,48.6,0.0
13981492,Torino,Guillermo Maripán,goal,corner,5379,8.6,47.9,0,0,48.1,36.1,,,
13981492,Genoa,Lorenzo Colombo,miss,assisted,5292,10.1,59.5,0,0,42.0,80.6,,,
13981492,Torino,Duván Zapata,block,assisted,5151,19.3,34.6,0,0,51.5,19.0,17.5,35.9,0.0
13981492,Torino,Cesare Casadei,miss,assisted,5024,4.3,51.7,0,0,43.0,66.7,,,
13981492,Torino,Cesare Casadei,save,assisted,4983,14.2,51.7,0,0,51.9,35.4,1.4,48.4,0.0
13981492,Torino,Saúl Coco,block,free-kick,4835,29.0,51.3,0,0,50.8,19.0,20.8,50.7,0.0
13981492,Torino,Cyril Ngonge,save,corner,4480,21.3,64.4,0,0,51.5,29.1,1.1,50.7,0.0
13981492,Genoa,Ruslan Malinovskyi,miss,assisted,4376,13.0,35.2,0,0,42.2,69.4,,,
13981492,Torino,Cyril Ngonge,save,assisted,4257,4.0,45.0,0,0,48.2,15.2,1.0,47.7,0.0
13981492,Torino,Valentino Lazaro,block,assisted,4249,15.1,53.9,0,0,47.6,4.2,13.3,53.4,0.0
13981492,Genoa,Morten Thorsby,block,assisted,4030,12.8,37.4,0,0,48.8,19.0,7.7,42.2,0.0
13981492,Torino,Stefano Sabelli,goal,regular,3751,7.1,45.6,0,0,54.3,16.5,,,
13981492,Torino,Giovanni Simeone,miss,assisted,3487,15.0,54.2,0,0,42.9,13.9,5.0,55.4,0.0
13981492,Torino,Guillermo Maripán,save,corner,3448,8.9,47.0,0,0,52.8,5.1,1.0,48.4,0.0
13981492,Genoa,Jeff Ekhator,block,fast-break,3353,19.7,56.4,0,0,50.1,19.0,17.6,55.7,0.0
13981492,Torino,Saúl Coco,miss,throw-in-set-piece,2735,10.7,56.0,0,0,60.3,25.0,,,
13981492,Torino,Guillermo Maripán,save,set-piece,2302,3.3,42.7,0,0,50.4,6.3,2.1,44.5,0.0
13981492,Torino,Kristjan Asllani,block,free-kick,2298,19.5,43.2,0,0,49.7,19.0,11.8,46.0,0.0
13981492,Genoa,Jeff Ekhator,miss,assisted,1165,13.3,53.0,0,0,48.1,84.7,,,
13981492,Genoa,Morten Thorsby,miss,assisted,1145,11.4,44.6,0,0,47.2,56.9,,,
13981492,Genoa,Ruslan Malinovskyi,miss,free-kick,1049,29.7,76.7,0,0,42.5,8.3,,,
13981492,Genoa,Morten Thorsby,goal,regular,418,5.2,47.2,0,0,50.4,3.8,,,
13981502,Fiorentina,Dodô,miss,set-piece,5895,3.5,58.9,0,0,42.4,25.0,,,
13981502,Fiorentina,Roberto Piccoli,save,set-piece,5894,9.6,44.7,0,0,47.9,20.3,2.5,48.6,0.0
13981502,Fiorentina,Moise Kean,goal,penalty,5629,11.5,50.0,0,0,46.9,19.0,,,
13981502,Fiorentina,Moise Kean,block,assisted,5435,9.2,44.0,0,0,52.1,19.0,7.0,44.9,0.0
13981502,Fiorentina,Luca Ranieri,block,regular,4924,23.6,36.3,0,0,51.2,19.0,22.3,37.0,0.0
13981502,Fiorentina,Albert Guðmundsson,block,set-piece,4757,5.4,32.7,0,0,53.7,19.0,3.8,36.6,0.0
13981502,Fiorentina,Marin Pongračić,miss,set-piece,4756,10.7,53.1,0,0,70.9,8.3,4.5,34.8,0.0
13981502,Fiorentina,Albert Guðmundsson,goal,penalty,4380,11.5,50.0,0,0,54.2,0.6,,,
13981502,Fiorentina,Moise Kean,save,set-piece,4274,4.8,48.9,0,0,46.8,19.0,0.7,52.9,0.0
13981502,Fiorentina,Edin Džeko,block,set-piece,4272,9.1,38.9,0,0,50.0,19.0,2.7,46.7,0.0
13981502,Bologna,Giovanni Fabbian,miss,assisted,3932,7.3,53.2,0,0,68.2,29.2,1.8,27.6,0.0
13981502,Fiorentina,Abdelhamid Sabiri,miss,assisted,3880,28.6,57.9,0,0,52.8,84.7,,,
13981502,Bologna,Santiago Castro,block,fast-break,3563,30.9,48.5,0,0,52.5,19.0,21.4,48.2,0.0
13981502,Fiorentina,Moise Kean,save,assisted,3445,19.1,57.0,0,0,48.4,8.9,1.9,51.8,0.0
13981502,Bologna,Nicolò Cambiaghi,goal,assisted,3062,5.2,52.6,0,0,52.2,1.3,,,
13981502,Fiorentina,Moise Kean,save,regular,2722,5.1,60.3,0,0,49.0,12.7,4.4,58.5,0.0
13981502,Fiorentina,Moise Kean,block,assisted,2719,12.2,62.4,0,0,50.1,19.0,8.9,59.0,0.0
13981502,Fiorentina,Dodô,miss,set-piece,2373,5.8,65.4,0,0,38.7,12.5,,,
13981502,Fiorentina,Rolando Mandragora,save,free-kick,2371,27.1,64.8,0,0,47.2,20.9,1.5,51.8,0.0
13981502,Bologna,Nicolò Cambiaghi,miss,assisted,1928,14.5,26.8,0,0,38.0,50.0,,,
13981502,Fiorentina,Luca Ranieri,miss,corner,1790,2.6,55.8,0,0,47.6,88.9,,,
13981502,Fiorentina,Rolando Mandragora,miss,corner,1789,8.3,49.1,0,0,40.8,9.7,2.8,57.2,0.0
13981502,Bologna,Santiago Castro,goal,corner,1496,10.5,42.5,0,0,46.2,31.6,,,
13981502,Bologna,Juan Miranda,save,assisted,1022,30.1,33.3,0,0,48.8,32.3,1.9,47.7,0.0
13981502,Fiorentina,Robin Gosens,miss,corner,675,4.3,45.6,0,0,49.7,87.5,,,
13981500,Juventus,Khéphren Thuram,save,assisted,5618,8.8,40.9,0,0,52.0,17.7,2.5,47.7,0.0
13981500,Juventus,Manuel Locatelli,block,regular,5558,17.9,48.3,0,0,53.6,19.0,11.9,47.7,0.0
13981500,Lazio,Pedro,miss,throw-in-set-piece,4954,12.9,34.0,0,0,57.3,45.8,,,
13981500,Lazio,Gustav Isaksen,miss,assisted,4697,9.4,64.4,0,0,63.2,18.1,,,
13981500,Lazio,Mattia Zaccagni,miss,assisted,4618,6.1,60.2,0,0,36.0,2.8,,,
13981500,Juventus,Khéphren Thuram,save,corner,4470,8.5,48.1,0,0,48.7,22.2,1.6,50.2,0.0
13981500,Juventus,Kenan Yıldız,save,assisted,4305,9.8,51.5,0,0,49.6,22.8,1.6,50.7,0.0
13981500,Juventus,Dušan Vlahović,miss,assisted,4212,10.1,56.4,0,0,38.3,13.9,,,
13981500,Lazio,Boulaye Dia,save,regular,3867,9.4,29.4,0,0,54.1,7.0,0.59999999999999,47.3,0.0
13981500,Juventus,Jonathan David,block,assisted,3787,12.9,35.0,0,0,48.0,19.0,11.1,37.4,0.0
13981500,Lazio,Toma Bašić,save,assisted,3713,12.6,55.1,0,0,50.9,22.8,1.0,52.7,0.0
13981500,Lazio,Mattéo Guendouzi,block,regular,3587,21.6,39.5,0,0,54.5,19.0,17.6,40.6,0.0
13981500,Lazio,Mattia Zaccagni,block,regular,3584,13.8,44.8,0,0,49.3,19.0,11.8,45.7,0.0
13981500,Lazio,Mattia Zaccagni,block,assisted,3581,22.3,47.8,0,0,48.8,19.0,13.8,49.1,0.0
13981500,Lazio,Danilo Cataldi,miss,assisted,3474,19.2,67.5,0,0,45.5,84.7,,,
13981500,Juventus,Manuel Locatelli,save,assisted,2872,23.4,50.1,0,0,48.8,7.6,2.5,49.6,0.0
13981500,Juventus,Teun Koopmeiners,block,free-kick,2696,23.7,77.4,0,0,50.3,19.0,9.7,61.0,0.0
13981500,Juventus,Dušan Vlahović,miss,assisted,2305,9.7,49.3,0,0,61.2,16.7,0.7,43.0,0.0
13981500,Juventus,Francisco Conceição,miss,set-piece,2104,13.8,70.1,0,0,59.7,81.9,,,
13981500,Juventus,Jonathan David,save,assisted,2029,7.7,34.2,0,0,52.3,2.5,5.7,37.7,0.0
13981500,Lazio,Gustav Isaksen,miss,regular,1879,5.7,56.1,0,0,96.6,20.8,4.5,50.4,0.0
13981500,Lazio,Gustav Isaksen,block,regular,1876,9.2,55.6,0,0,47.7,19.0,8.0,55.6,0.0
13981500,Lazio,Mattéo Guendouzi,miss,regular,1874,13.6,64.6,0,0,65.4,1.4,4.5,47.5,0.0
13981500,Juventus,Andrea Cambiaso,miss,assisted,1262,4.2,36.8,0,0,57.8,13.9,,,
13981500,Juventus,Weston McKennie,miss,assisted,976,12.6,49.5,0,0,37.5,55.6,,,
13981500,Juventus,Dušan Vlahović,block,assisted,714,5.0,50.5,0,0,50.3,19.0,2.9,50.2,0.0
13981500,Lazio,Toma Bašić,goal,assisted,515,24.0,44.5,0,0,46.7,4.4,,,
13981496,Roma,Lorenzo Pellegrini,save,set-piece,5708,13.0,60.3,0,0,47.7,14.6,1.6,52.2,0.0
13981496,Roma,Lorenzo Pellegrini,save,assisted,5532,22.2,38.5,0,0,46.2,20.3,1.9,49.5,0.0
13981496,Sassuolo,Walid Cheddira,block,throw-in-set-piece,5436,7.3,67.1,0,0,52.2,19.0,6.6,65.2,0.0
13981496,Roma,Wesley,miss,assisted,4945,8.9,35.0,0,0,40.2,9.7,,,
13981496,Roma,Zeki Çelik,miss,assisted,4787,8.0,50.3,0,0,48.6,68.1,,,
13981496,Roma,Wesley,block,corner,4587,16.1,43.6,0,0,51.1,16.7,4.6,48.4,0.0
13981496,Roma,Wesley,save,assisted,4532,4.6,31.3,0,0,52.6,20.9,1.1,43.3,0.0
13981496,Roma,Lorenzo Pellegrini,post,assisted,4039,7.1,56.4,0,0,44.6,13.3,,,
13981496,Sassuolo,Andrea Pinamonti,miss,assisted,3818,7.4,57.5,0,0,32.6,4.2,,,
13981496,Roma,Zeki Çelik,save,fast-break,3419,12.3,72.8,0,0,47.3,17.1,2.0,56.3,0.0
13981496,Sassuolo,Andrea Pinamonti,miss,corner,3191,10.1,68.5,0,0,62.2,4.2,,,
13981496,Sassuolo,Nemanja Matić,miss,corner,3185,15.6,63.0,0,0,62.5,8.3,12.8,56.3,0.0
13981496,Sassuolo,Ismael Koné,miss,assisted,3072,23.7,60.5,0,0,64.7,4.2,,,
13981496,Sassuolo,Kristian Thorstvedt,block,assisted,2734,7.4,66.6,0,0,48.6,19.0,6.4,64.6,0.0
13981496,Roma,Paulo Dybala,miss,free-kick,2355,23.4,69.0,0,0,43.0,19.4,,,
13981496,Roma,Bryan Cristante,save,assisted,1956,15.6,37.1,0,0,52.3,5.7,13.7,38.8,0.0
13981496,Roma,Neil El Aynaoui,save,assisted,1869,28.8,48.5,0,0,48.7,9.5,2.3,49.8,0.0
13981496,Sassuolo,Kristian Thorstvedt,miss,corner,1579,6.9,49.3,0,0,62.7,2.8,,,
13981496,Sassuolo,Sebastian Walukiewicz,block,corner,1547,25.5,71.7,0,0,49.4,19.0,12.1,60.7,0.0
13981496,Roma,Paulo Dybala,goal,regular,919,14.1,54.8,0,0,47.5,24.1,,,
13981496,Roma,Bryan Cristante,save,assisted,917,14.0,39.4,0,0,49.4,10.1,2.3,48.7,0.0
13981496,Roma,Konstantinos Tsimikas,miss,corner,883,18.5,46.8,0,0,48.9,88.9,,,
13981496,Roma,Bryan Cristante,miss,assisted,691,8.2,69.0,0,0,50.1,70.8,,,
13981496,Sassuolo,Filippo Romagna,miss,corner,402,21.0,28.5,0,0,42.0,80.6,,,
13981496,Sassuolo,Alieu Fadera,save,assisted,382,18.8,56.1,0,0,52.8,12.7,1.2,51.4,0.0
13981496,Sassuolo,Kristian Thorstvedt,miss,assisted,264,7.6,49.7,0,0,66.7,11.1,,,
13981498,Inter,Francesco Pio Esposito,miss,assisted,5658,9.9,48.7,0,0,46.7,75.0,,,
13981498,Inter,Luís Henrique,miss,corner,5224,20.7,68.9,0,0,41.0,13.9,,,
13981498,Inter,Lautaro Martínez,block,assisted,5160,11.2,38.7,0,0,52.0,19.0,9.6,40.1,0.0
13981498,Napoli,David Neres,block,fast-break,4726,15.1,48.9,0,0,49.6,19.0,13.1,49.1,0.0
13981498,Inter,Piotr Zieliński,block,assisted,4681,25.0,50.5,0,0,51.1,19.0,22.8,50.4,0.0
13981498,Napoli,Frank Anguissa,goal,assisted,3959,14.8,46.8,0,0,46.7,22.2,,,
13981498,Inter,Hakan Çalhanoğlu,goal,penalty,3521,11.5,50.0,0,0,47.0,1.3,,,
13981498,Inter,Lautaro Martínez,block,set-piece,3337,10.2,49.5,0,0,50.8,19.0,8.6,49.5,0.0
13981498,Napoli,Scott McTominay,goal,fast-break,3184,16.1,63.0,0,0,54.0,7.6,,,
13981498,Inter,Hakan Çalhanoğlu,miss,assisted,2842,20.1,54.0,0,0,47.1,59.7,,,
13981498,Napoli,Leonardo Spinazzola,block,assisted,3024,21.5,27.2,0,0,48.6,19.0,18.2,30.9,0.0
13981498,Inter,Denzel Dumfries,post,throw-in-set-piece,2860,10.8,52.8,0,0,55.5,9.5,,,
13981498,Inter,Lautaro Martínez,miss,assisted,2762,8.6,58.9,0,0,57.1,2.8,,,
13981498,Inter,Hakan Çalhanoğlu,save,regular,2752,18.1,37.2,0,0,46.4,8.2,0.59999999999999,48.2,0.0
13981498,Inter,Alessandro Bastoni,post,corner,2428,9.7,50.7,0,0,45.1,39.9,,,
13981498,Napoli,Kevin De Bruyne,goal,penalty,1960,11.5,50.0,0,0,53.4,14.6,,,
13981498,Inter,Ange-Yoan Bonny,miss,assisted,1425,13.9,46.8,0,0,49.7,93.1,,,
13981498,Napoli,Billy Gilmour,miss,regular,1241,18.5,61.1,0,0,61.2,4.2,,,
13981498,Napoli,David Neres,block,corner,992,21.2,69.1,0,0,51.2,19.0,17.5,65.5,0.0
13981498,Inter,Nicolò Barella,miss,regular,847,17.5,51.1,0,0,38.2,13.9,,,
13981498,Inter,Lautaro Martínez,save,assisted,843,13.4,54.1,0,0,48.3,20.9,6.3,52.5,0.0
13981498,Inter,Hakan Çalhanoğlu,miss,assisted,772,26.0,54.2,0,0,41.3,6.9,,,
13981499,Milan,Alexis Saelemaekers,miss,assisted,5897,10.4,37.8,0,0,41.7,6.9,,,
13981499,Milan,Youssouf Fofana,block,set-piece,5822,13.0,57.9,0,0,48.5,19.0,10.4,56.6,0.0
13981499,Pisa,Juan Cuadrado,block,assisted,5648,18.1,63.6,0,0,51.2,19.0,16.2,62.1,0.0
13981499,Milan,Zachary Athekame,goal,corner,5555,25.6,62.2,0,0,46.3,7.6,,,
13981499,Milan,Rafael Leão,save,assisted,5386,10.2,50.5,0,0,47.8,2.5,1.6,50.5,0.0
13981499,Pisa,M'Bala Nzola,goal,assisted,5106,13.9,48.5,0,0,50.9,0.6,,,
13981499,Milan,Christopher Nkunku,block,fast-break,4679,10.7,44.0,0,0,48.6,19.0,8.5,45.5,0.0
13981499,Milan,Matteo Gabbia,miss,corner,4197,8.5,37.4,0,0,62.0,23.6,,,
13981499,Milan,Alexis Saelemaekers,save,corner,4164,26.9,57.3,0,0,48.3,25.3,1.4,49.5,0.0
13981499,Milan,Matteo Gabbia,save,corner,4161,7.4,40.9,0,0,49.7,17.1,1.1,47.8,0.0
13981499,Milan,Samuele Ricci,block,assisted,3981,20.1,66.0,0,0,50.4,19.0,18.6,64.8,0.0
13981499,Milan,Davide Bartesaghi,block,set-piece,3923,26.2,49.8,0,0,50.1,19.0,21.2,49.8,0.0
13981499,Milan,Rafael Leão,post,assisted,3821,12.8,47.1,0,0,52.1,39.2,,,
13981499,Milan,Alexis Saelemaekers,miss,assisted,3631,18.1,66.9,0,0,59.0,45.8,,,
13981499,Pisa,Juan Cuadrado,goal,penalty,3548,11.5,50.0,0,0,52.5,17.7,,,
13981499,Pisa,Juan Cuadrado,block,assisted,3377,23.1,32.3,0,0,49.7,19.0,13.8,39.5,0.0
13981499,Pisa,Antonio Caracciolo,block,assisted,3226,31.6,37.2,0,0,51.1,19.0,24.4,39.9,0.0
13981499,Milan,Santiago Giménez,miss,assisted,2944,7.3,41.5,0,0,59.3,5.6,,,
13981499,Pisa,Matteo Tramoni,miss,set-piece,2738,23.7,33.8,0,0,49.2,62.5,,,
13981499,Milan,Luka Modrić,miss,assisted,2484,22.9,62.8,0,0,46.7,70.8,,,
13981499,Milan,Youssouf Fofana,save,assisted,2341,23.4,50.9,0,0,53.7,9.5,1.9,50.9,0.0
13981499,Milan,Koni De Winter,miss,assisted,1626,22.0,66.1,0,0,61.0,59.7,,,
13981499,Pisa,Ebenezer Akinsanmiro,miss,assisted,1449,22.6,62.2,0,0,42.0,79.2,,,
13981499,Milan,Davide Bartesaghi,save,set-piece,1412,22.0,47.9,0,0,50.8,8.2,1.1,50.2,0.0
13981499,Milan,Rafael Leão,block,assisted,1226,13.5,43.0,0,0,48.6,19.0,8.6,46.0,0.0
13981499,Pisa,Giovanni Bonfanti,miss,corner,1076,8.9,75.0,0,0,47.7,73.6,,,
13981499,Milan,Samuele Ricci,miss,assisted,588,25.4,53.6,0,0,62.9,4.2,,,
13981499,Milan,Rafael Leão,goal,set-piece,381,18.9,21.5,0,0,45.8,10.1,,,
13981493,Lecce,Konan N'Dri,goal,corner,5720,20.1,67.4,0,0,52.9,25.3,,,
13981493,Udinese,Adam Buksa,goal,fast-break,5289,8.2,41.1,0,0,46.4,6.3,,,
13981493,Lecce,Alex Sala,save,regular,5243,22.2,47.6,0,0,54.2,32.3,1.6,49.6,0.0
13981493,Lecce,Santiago Pierotti,miss,assisted,4828,13.0,50.0,0,0,57.1,22.2,,,
13981493,Udinese,Vakoun Bayo,miss,assisted,4772,9.7,46.3,0,0,66.7,22.2,,,
13981493,Lecce,Konan N'Dri,miss,assisted,4455,19.5,69.7,0,0,60.7,27.8,,,
13981493,Lecce,Santiago Pierotti,block,assisted,4447,24.8,50.2,0,0,49.9,19.0,20.6,50.2,0.0
13981493,Lecce,Medon Berisha,goal,free-kick,3520,25.8,27.7,0,0,53.3,21.5,,,
13981493,Lecce,Medon Berisha,block,assisted,3329,24.1,48.2,0,0,51.1,19.0,18.1,48.4,0.0
13981493,Lecce,Medon Berisha,miss,assisted,2833,24.7,65.4,0,0,42.7,22.2,2.3,63.2,0.0
13981493,Udinese,Oumar Solet,block,corner,2800,13.0,46.4,0,0,49.7,19.0,11.2,46.9,0.0
13981493,Lecce,Nikola Štulić,miss,regular,2530,23.8,87.8,0,0,43.0,8.3,,,
13981493,Lecce,Medon Berisha,miss,assisted,2384,22.0,62.8,0,0,60.7,6.9,,,
13981493,Udinese,Keinan Davis,goal,assisted,2181,7.3,49.4,0,0,49.0,11.4,,,
13981493,Lecce,Santiago Pierotti,miss,assisted,2102,19.4,49.1,0,0,47.1,55.6,,,
13981493,Lecce,Tiago Gabriel,miss,corner,1841,9.3,45.3,0,0,5.9,9.7,5.7,69.9,0.0
13981493,Lecce,Ylber Ramadani,block,assisted,1797,25.2,66.6,0,0,50.6,19.0,14.9,59.6,0.0
13981493,Udinese,Keinan Davis,save,assisted,1287,13.2,51.9,0,0,46.7,3.2,2.2,50.5,0.0
13981493,Udinese,Nicolò Zaniolo,post,assisted,1184,13.9,37.6,0,0,45.8,40.5,,,
13981493,Udinese,Jesper Karlström,goal,corner,938,2.9,34.4,0,0,50.0,3.2,,,
13981493,Udinese,Keinan Davis,block,assisted,416,11.1,72.4,0,0,53.7,19.0,9.9,69.7,0.0
13981488,Atalanta,Gianluca Scamacca,miss,assisted,5273,23.4,48.7,0,0,42.0,58.3,,,
13981488,Atalanta,Marco Brescianini,goal,regular,5017,14.7,42.7,0,0,45.5,4.4,,,
13981488,Atalanta,Gianluca Scamacca,save,assisted,5002,10.1,46.0,0,0,48.9,4.4,1.4,49.5,0.0
13981488,Cremonese,Jamie Vardy,goal,regular,4644,6.8,47.6,0,0,50.2,31.0,,,
13981488,Cremonese,Alessio Zerbin,save,assisted,4642,9.7,60.1,0,0,51.9,6.3,1.9,51.8,0.0
13981488,Atalanta,Marten de Roon,miss,corner,4332,18.1,47.9,0,0,59.0,12.5,,,
13981488,Atalanta,Lazar Samardžić,save,assisted,4269,23.1,61.3,0,0,46.2,8.2,1.9,51.6,0.0
13981488,Atalanta,Gianluca Scamacca,miss,assisted,4054,8.3,59.7,0,0,38.3,20.8,,,
13981488,Atalanta,Lazar Samardžić,miss,assisted,3941,11.9,65.6,0,0,37.6,65.3,,,
13981488,Atalanta,Ademola Lookman,block,fast-break,3835,18.2,36.0,0,0,50.2,19.0,13.3,39.7,0.0
13981488,Atalanta,Nicola Zalewski,miss,assisted,3713,9.8,29.3,0,0,36.0,68.1,,,
13981488,Atalanta,Éderson,miss,corner,3605,6.1,59.5,0,0,51.1,70.8,,,
13981488,Atalanta,Lazar Samardžić,save,assisted,3569,18.9,63.4,0,0,45.6,3.2,1.9,54.2,0.0
13981488,Atalanta,Ademola Lookman,block,assisted,3195,18.8,35.4,0,0,51.3,19.0,16.9,36.8,0.0
13981488,Atalanta,Nikola Krstović,block,regular,2997,7.7,43.2,0,0,51.5,19.0,5.8,44.5,0.0
13981488,Cremonese,Jeremy Sarmiento,save,fast-break,2737,25.3,50.7,0,0,50.4,1.3,2.4,49.6,0.0
13981488,Atalanta,Ademola Lookman,block,regular,2747,6.1,35.4,0,0,52.3,19.0,4.0,39.7,0.0
13981488,Atalanta,Ademola Lookman,block,assisted,2744,6.0,33.8,0,0,52.8,19.0,5.0,36.0,0.0
13981488,Atalanta,Charles De Ketelaere,save,assisted,2694,9.5,55.6,0,0,49.9,15.8,0.7,50.7,0.0
13981488,Atalanta,Nikola Krstović,save,fast-break,2069,21.2,36.6,0,0,46.3,1.3,4.0,47.1,0.0
13981488,Cremonese,Romano Floriani Mussolini,miss,assisted,1900,21.1,34.4,0,0,29.4,12.5,,,
13981488,Cremonese,Federico Baschirotto,miss,corner,1850,4.2,49.7,0,0,49.2,81.9,,,
13981488,Cremonese,Filippo Terracciano,miss,corner,1651,5.7,38.5,0,0,42.7,36.1,,,
13981488,Cremonese,Tommaso Barbieri,save,assisted,1605,25.4,40.9,0,0,53.0,20.9,1.5,50.2,0.0
13981488,Atalanta,Marten de Roon,block,corner,1461,16.6,43.4,0,0,49.4,19.0,10.8,45.9,0.0
13981488,Atalanta,Nikola Krstović,block,assisted,1373,7.6,51.5,0,0,52.3,19.0,2.4,48.9,0.0
13981488,Cremonese,Jari Vandeputte,save,assisted,1185,25.0,59.9,0,0,46.8,20.3,1.5,51.8,0.0
13981488,Atalanta,Éderson,block,corner,1070,23.4,51.9,0,0,53.0,19.0,15.7,50.3,0.0
13981488,Cremonese,Alessio Zerbin,miss,regular,369,18.1,63.8,0,0,40.2,62.5,,,
13981489,Cagliari,Mattia Felici,goal,assisted,5490,9.4,29.1,0,0,46.7,4.4,,,
13981489,Cagliari,Matteo Prati,block,assisted,5022,27.5,54.0,0,0,49.2,19.0,22.7,53.4,0.0
13981489,Cagliari,Riyad Idrissi,goal,assisted,4568,4.3,34.6,0,0,52.4,27.8,,,
13981489,Cagliari,Michel Adopo,block,assisted,4080,23.4,62.2,0,0,49.3,19.0,22.2,61.6,0.0
13981489,Hellas Verona,Nicolás Valentini,save,set-piece,4043,11.3,64.4,0,0,47.4,18.4,1.2,52.9,0.0
13981489,Hellas Verona,Gift Orban,goal,fast-break,3518,9.8,55.0,0,0,51.3,5.1,,,
13981489,Hellas Verona,Giovane,save,assisted,3286,4.9,53.6,0,0,49.0,20.9,1.1,51.4,0.0
13981489,Hellas Verona,Gift Orban,block,assisted,3280,10.5,40.5,0,0,50.0,19.0,5.0,45.5,0.0
13981489,Hellas Verona,Giovane,miss,assisted,2729,29.7,45.2,0,0,51.1,81.9,,,
13981489,Cagliari,Gianluca Gaetano,miss,free-kick,2330,24.6,70.5,0,0,45.9,68.1,,,
13981489,Hellas Verona,Gift Orban,save,regular,1985,5.1,47.0,0,0,51.9,18.4,1.9,48.4,0.0
13981489,Hellas Verona,Suat Serdar,save,assisted,1984,13.1,41.6,0,0,49.4,4.4,3.2,47.5,0.0
13981489,Hellas Verona,Giovane,block,assisted,1980,23.2,60.9,0,0,50.0,19.0,15.0,57.0,0.0
13981489,Hellas Verona,Suat Serdar,block,assisted,1594,21.2,58.9,0,0,49.9,19.0,16.3,56.9,0.0
13981489,Hellas Verona,Roberto Gagliardini,goal,set-piece,1360,12.8,58.1,0,0,53.9,4.4,,,
13981489,Cagliari,Gianluca Gaetano,save,regular,741,22.3,68.7,0,0,52.7,5.1,1.4,51.4,0.0
13981489,Cagliari,Gennaro Borrelli,miss,fast-break,154,12.0,36.4,0,0,48.1,58.3,,,
13981501,Atalanta,Yunus Musah,block,assisted,5269,3.9,43.2,0,0,52.8,19.0,2.7,44.5,0.0
13981501,Atalanta,Davide Zappacosta,miss,corner,5118,21.2,37.8,0,0,60.2,6.9,,,
13981501,Atalanta,Éderson,block,corner,5115,7.1,51.7,0,0,50.1,19.0,6.1,51.5,0.0
13981501,Atalanta,Davide Zappacosta,save,fast-break,5086,19.8,35.6,0,0,49.0,25.3,2.0,48.6,0.0
13981501,Atalanta,Isak Hien,miss,corner,4816,9.5,48.3,0,0,38.8,16.7,,,
13981501,Milan,Youssouf Fofana,miss,corner,4041,9.1,50.5,0,0,39.3,11.1,,,
13981501,Milan,Ruben Loftus-Cheek,block,corner,3995,8.2,60.9,0,0,48.9,19.0,6.7,59.1,0.0
13981501,Milan,Alexis Saelemaekers,block,corner,3993,14.2,58.7,0,0,51.1,19.0,6.3,53.2,0.0
13981501,Atalanta,Lorenzo Bernasconi,block,regular,3362,12.2,36.8,0,0,51.1,19.0,8.0,41.0,0.0
13981501,Atalanta,Lorenzo Bernasconi,block,assisted,3359,12.6,34.6,0,0,50.7,19.0,11.5,35.9,0.0
13981501,Milan,Santiago Giménez,miss,assisted,2781,13.3,54.0,0,0,31.9,97.2,,,
13981501,Atalanta,Davide Zappacosta,block,assisted,2504,17.9,65.0,0,0,52.0,19.0,15.5,62.7,0.0
13981501,Atalanta,Ademola Lookman,goal,assisted,2047,7.4,34.2,0,0,52.6,27.8,,,
13981501,Milan,Youssouf Fofana,block,fast-break,1986,24.8,59.7,0,0,45.3,19.0,19.7,58.7,0.0
13981501,Atalanta,Honest Ahanor,miss,assisted,1582,12.2,40.3,0,0,47.7,75.0,,,
13981501,Atalanta,Davide Zappacosta,miss,regular,1531,8.9,71.8,0,0,80.5,16.7,,,
13981501,Atalanta,Honest Ahanor,miss,assisted,1353,2.7,43.0,0,0,60.3,43.1,,,
13981501,Atalanta,Éderson,save,assisted,1211,18.4,49.7,0,0,48.1,2.5,1.8,49.8,0.0
13981501,Atalanta,Marten de Roon,miss,corner,659,24.1,37.6,0,0,37.8,73.6,,,
13981501,Atalanta,Ademola Lookman,block,assisted,623,22.5,41.3,0,0,51.0,19.0,18.5,42.7,0.0
13981501,Atalanta,Honest Ahanor,miss,set-piece,567,7.7,44.4,0,0,36.0,8.3,4.1,51.4,0.0
13981501,Atalanta,Isak Hien,miss,corner,347,3.9,47.4,0,0,60.0,22.2,,,
13981501,Milan,Samuele Ricci,goal,corner,192,24.3,50.5,0,0,53.9,19.6,,,
13981507,Hellas Verona,Daniel Mosquera,save,fast-break,5654,4.0,26.6,0,0,53.2,3.2,1.0,44.2,0.0
13981507,Como,Mërgim Vojvoda,goal,fast-break,5475,8.8,64.4,0,0,47.0,11.4,,,
13981507,Hellas Verona,Domagoj Bradarić,save,assisted,5259,8.3,41.1,0,0,52.3,15.2,1.9,47.5,0.0
13981507,Hellas Verona,Amin Sarr,save,assisted,5133,15.8,49.0,0,0,50.9,13.9,5.3,49.6,0.0
13981507,Hellas Verona,Gift Orban,block,assisted,4869,16.9,59.1,0,0,46.4,19.0,15.0,58.5,0.0
13981507,Como,Lucas Da Cunha,miss,regular,4324,26.9,53.6,0,0,33.1,1.4,,,
13981507,Como,Jesús Rodriguez,block,regular,4322,13.5,37.8,0,0,52.9,19.0,10.2,40.1,0.0
13981507,Como,Maxence Caqueret,miss,regular,4277,25.6,40.5,0,0,34.3,37.5,,,
13981507,Hellas Verona,Martin Frese,save,assisted,3761,10.7,36.0,0,0,50.8,15.2,1.4,47.7,0.0
13981507,Como,Stefan Posch,goal,set-piece,3678,6.3,52.4,0,0,50.4,27.8,,,
13981507,Como,Nico Paz,block,free-kick,3665,25.0,56.6,0,0,49.1,19.0,15.9,54.5,0.0
13981507,Como,Anastasios Douvikas,save,assisted,3537,20.4,61.5,0,0,49.8,5.1,2.0,51.8,0.0
13981507,Hellas Verona,Gift Orban,save,fast-break,3518,29.1,95.7,0,0,46.5,25.3,7.5,59.0,0.0
13981507,Como,Nico Paz,block,assisted,2520,20.0,36.8,0,0,50.9,19.0,16.4,39.0,0.0
13981507,Hellas Verona,Suat Serdar,miss,corner,2105,14.7,65.2,0,0,42.0,63.9,,,
13981507,Hellas Verona,Suat Serdar,save,corner,2065,0.90000000000001,44.6,0,0,53.4,19.0,0.099999999999994,46.4,0.0
13981507,Como,Álex Valle,miss,regular,1899,14.1,44.6,0,0,56.5,81.9,,,
13981507,Como,Nico Paz,save,assisted,1898,14.8,43.2,0,0,49.7,11.4,6.7,47.3,0.0
13981507,Como,Anastasios Douvikas,miss,set-piece,1756,10.8,45.4,0,0,35.8,18.1,7.0,53.2,0.0
13981507,Como,Nico Paz,block,free-kick,1585,29.7,58.7,0,0,52.5,19.0,22.9,56.1,0.0
13981507,Hellas Verona,Suat Serdar,goal,regular,1467,8.3,57.6,0,0,47.7,1.3,,,
13981507,Hellas Verona,Victor Nelsson,miss,corner,1410,9.2,46.2,0,0,54.6,59.7,,,
13981507,Hellas Verona,Martin Frese,block,regular,1370,12.9,32.9,0,0,51.5,19.0,9.8,36.6,0.0
13981507,Hellas Verona,Suat Serdar,save,assisted,1366,10.5,39.9,0,0,51.0,16.5,7.0,42.8,0.0
13981507,Como,Anastasios Douvikas,goal,assisted,495,7.8,49.3,0,0,52.7,27.2,,,
13981507,Como,Nico Paz,miss,regular,491,25.5,36.3,0,0,63.0,27.8,23.6,35.2,0.0
13981507,Hellas Verona,Giovane,save,fast-break,455,23.8,32.5,0,0,48.3,4.4,6.4,45.5,0.0
13981507,Como,Nico Paz,post,free-kick,230,24.1,76.1,0,0,44.6,27.8,,,
13981512,Roma,Paulo Dybala,miss,free-kick,5527,26.1,34.7,0,0,45.0,75.0,,,
13981512,Parma,Alessandro Circati,goal,throw-in-set-piece,5149,6.7,52.6,0,0,54.4,15.8,,,
13981512,Roma,Artem Dovbyk,goal,regular,4830,11.1,44.0,0,0,47.4,3.8,,,
13981512,Roma,Bryan Cristante,block,assisted,4826,13.9,34.6,0,0,53.3,19.0,12.8,35.6,0.0
13981512,Parma,Oliver Sørensen,save,set-piece,4727,19.4,47.0,0,0,48.0,28.5,2.0,48.6,0.0
13981512,Roma,Gianluca Mancini,miss,corner,4575,6.0,52.8,0,0,50.3,70.8,,,
13981512,Roma,Bryan Cristante,miss,corner,4573,7.8,44.5,0,0,25.5,4.2,5.0,53.8,0.0
13981512,Roma,Gianluca Mancini,miss,corner,3962,11.2,50.3,0,0,51.4,63.9,,,
13981512,Roma,Wesley,block,assisted,3917,20.2,35.4,0,0,51.6,19.0,12.7,40.2,0.0
13981512,Roma,Mario Hermoso,goal,corner,3757,9.5,48.5,0,0,52.1,24.1,,,
13981512,Roma,Evan Ndicka,miss,assisted,3539,24.4,49.3,0,0,48.9,73.6,,,
13981512,Roma,Bryan Cristante,miss,fast-break,3359,13.3,73.8,0,0,46.4,83.3,,,
13981512,Roma,Manu Koné,miss,corner,3312,14.7,65.8,0,0,37.6,33.3,,,
13981512,Roma,Evan Ndicka,block,corner,3309,10.5,47.9,0,0,52.5,19.0,8.8,47.8,0.0
13981512,Roma,Wesley,save,regular,3248,25.9,19.9,0,0,49.5,8.9,2.9,47.7,0.0
13981512,Roma,Paulo Dybala,save,assisted,2961,18.9,50.2,0,0,54.3,2.5,1.5,50.7,0.0
13981512,Parma,Oliver Sørensen,save,fast-break,2908,13.0,56.6,0,0,52.5,5.7,1.8,50.7,0.0
13981512,Parma,Adrián Bernabé,save,regular,2711,21.0,67.3,0,0,50.2,18.4,1.9,51.4,0.0
13981512,Roma,Zeki Çelik,miss,corner,2934,33.4,43.0,0,0,48.9,93.1,,,
13981512,Roma,Paulo Dybala,save,assisted,2875,9.4,46.4,0,0,50.1,34.2,1.9,49.1,0.0
13981512,Parma,Mateo Pellegrino,miss,corner,2165,3.6,37.6,0,0,45.7,56.9,,,
13981512,Parma,Adrián Bernabé,block,throw-in-set-piece,2128,13.5,57.0,0,0,50.9,19.0,9.6,54.7,0.0
13981512,Parma,Christian Ordoñez,save,throw-in-set-piece,2126,13.5,40.1,0,0,48.9,1.9,1.4,48.4,0.0
13981512,Parma,Adrián Bernabé,miss,free-kick,1428,26.8,38.6,0,0,47.2,61.1,,,
13981512,Roma,Manu Koné,block,corner,1129,21.7,70.5,0,0,49.4,19.0,18.2,67.3,0.0
13981512,Roma,Wesley,save,assisted,621,12.2,30.4,0,0,53.8,7.6,1.0,46.6,0.0
13981509,Napoli,Giovanni Di Lorenzo,save,assisted,5733,20.5,69.7,0,0,50.3,2.5,1.9,52.3,0.0
13981509,Napoli,Giovanni Di Lorenzo,block,regular,5303,15.2,60.5,0,0,50.0,19.0,12.5,58.7,0.0
13981509,Lecce,Medon Berisha,miss,fast-break,4449,41.5,46.8,0,0,68.7,12.5,,,
13981509,Lecce,Lassana Coulibaly,save,corner,4320,8.2,62.0,0,0,47.0,27.2,1.5,51.4,0.0
13981509,Napoli,Eljif Elmas,miss,assisted,4241,23.4,46.2,0,0,41.5,19.4,,,
13981509,Napoli,Frank Anguissa,goal,set-piece,4100,7.5,49.8,0,0,54.1,21.5,,,
13981509,Napoli,Juan Jesus,block,corner,3965,7.3,54.5,0,0,51.3,19.0,6.2,53.6,0.0
13981509,Lecce,Medon Berisha,block,free-kick,3657,10.4,84.7,0,0,48.2,19.0,7.5,75.5,0.0
13981509,Lecce,Francesco Camarda,save,penalty,3353,11.5,50.0,0,0,53.8,12.7,1.8,49.8,0.0
13981509,Lecce,Kialonda Gaspar,block,corner,3020,9.8,48.2,0,0,50.6,19.0,6.8,48.6,0.0
13981509,Napoli,Matteo Politano,miss,regular,2912,27.8,80.7,0,0,69.7,15.3,18.0,59.9,0.0
13981509,Lecce,Tiago Gabriel,miss,corner,2769,5.8,49.1,0,0,89.6,51.4,3.1,19.7,0.0
13981509,Napoli,Lorenzo Lucca,miss,regular,2104,10.4,54.6,0,0,35.3,8.3,,,
13981509,Napoli,Billy Gilmour,block,assisted,2101,15.3,34.7,0,0,51.2,19.0,12.0,37.7,0.0
13981509,Napoli,Mathías Olivera,save,assisted,2091,4.4,35.6,0,0,53.1,2.5,1.1,45.1,0.0
13981509,Napoli,Matteo Politano,miss,regular,1794,9.2,68.0,0,0,51.3,70.8,,,
13981509,Lecce,Medon Berisha,miss,assisted,1509,16.4,53.1,0,0,59.8,2.8,,,
13981509,Napoli,Matteo Politano,block,assisted,1032,13.8,70.8,0,0,51.1,19.0,6.8,59.7,0.0
13981509,Napoli,Mathías Olivera,miss,corner,924,4.7,58.8,0,0,43.7,73.6,,,
13981509,Napoli,Billy Gilmour,block,regular,708,25.6,48.7,0,0,54.3,6.9,13.7,48.7,0.0
13981509,Napoli,Lorenzo Lucca,block,assisted,228,27.2,53.3,0,0,51.1,19.0,25.8,53.1,0.0
13981505,Genoa,Patrizio Masini,miss,regular,5701,22.0,66.0,0,0,36.6,81.9,,,
13981505,Genoa,Vitinha,block,assisted,5698,12.6,27.6,0,0,49.5,19.0,9.8,32.7,0.0
13981505,Genoa,Morten Frendrup,miss,corner,5624,7.6,37.4,0,0,56.0,48.6,,,
13981505,Genoa,Caleb Ekuban,block,corner,5622,4.8,43.7,0,0,50.9,19.0,2.4,46.4,0.0
13981505,Genoa,Brooke Norton-Cuffy,block,assisted,5596,11.0,54.8,0,0,48.8,19.0,9.3,54.2,0.0
13981505,Genoa,Caleb Ekuban,miss,corner,5527,3.1,50.9,0,0,50.8,54.2,,,
13981505,Genoa,Morten Frendrup,save,assisted,4940,11.9,58.7,0,0,48.6,1.9,1.2,52.2,0.0
13981505,Genoa,Caleb Ekuban,miss,assisted,4635,18.5,49.5,0,0,59.0,84.7,,,
13981505,Cremonese,Filippo Terracciano,miss,set-piece,4366,4.2,52.8,0,0,44.0,81.9,,,
13981505,Genoa,Ruslan Malinovskyi,miss,corner,4072,26.9,72.9,0,0,42.4,38.9,,,
13981505,Cremonese,Tommaso Barbieri,miss,fast-break,3285,19.4,67.9,0,0,59.0,40.3,,,
13981505,Cremonese,Jari Vandeputte,save,fast-break,3180,15.7,46.7,0,0,50.0,5.7,1.2,49.6,0.0
13981505,Cremonese,Federico Bonazzoli,goal,corner,2899,4.8,58.3,0,0,46.9,12.0,,,
13981505,Genoa,Leo Østigård,miss,corner,2940,7.1,44.9,0,0,38.5,16.7,,,
13981505,Cremonese,Federico Bonazzoli,save,fast-break,2850,14.1,59.1,0,0,46.3,0.6,1.0,51.6,0.0
13981505,Genoa,Patrizio Masini,miss,assisted,2655,22.6,31.7,0,0,58.7,4.2,,,
13981505,Genoa,Mikael Ellertsson,block,assisted,2613,24.0,51.5,0,0,51.7,19.0,19.2,50.9,0.0
13981505,Genoa,Maxwel Cornet,block,set-piece,2447,7.4,52.3,0,0,49.3,19.0,5.5,51.9,0.0
13981505,Genoa,Aarón Martín,block,free-kick,2445,17.8,57.6,0,0,53.0,19.0,11.1,53.6,0.0
13981505,Genoa,Valentín Carboni,block,assisted,2141,14.3,45.7,0,0,48.5,19.0,12.3,46.5,0.0
13981505,Cremonese,Federico Bonazzoli,miss,assisted,2070,10.1,61.3,0,0,64.7,9.7,4.1,50.0,0.0
13981505,Genoa,Jeff Ekhator,miss,assisted,1789,8.7,64.9,0,0,62.4,5.6,,,
13981505,Cremonese,Warren Bondo,miss,regular,1547,24.2,62.0,0,0,68.4,6.9,,,
13981505,Cremonese,Jari Vandeputte,miss,assisted,1161,25.1,47.4,0,0,95.1,5.6,,,
13981505,Cremonese,Filippo Terracciano,miss,regular,1084,27.4,73.8,0,0,45.7,65.3,,,
13981505,Cremonese,Federico Bonazzoli,goal,corner,194,6.5,48.2,0,0,50.4,32.3,,,
13981505,Cremonese,Matteo Bianchetti,miss,corner,193,10.5,53.2,0,0,63.5,15.3,6.7,48.4,0.0
13981504,Bologna,Benjamín Domínguez,miss,assisted,4811,24.6,23.4,0,0,40.2,65.3,,,
13981504,Torino,Nikola Vlašić,miss,regular,4650,25.1,44.5,0,0,40.0,2.8,,,
13981504,Bologna,Nadir Zortea,miss,assisted,4601,27.7,63.6,0,0,61.5,68.1,,,
13981504,Torino,Guillermo Maripán,save,set-piece,4312,9.2,55.7,0,0,48.2,3.2,1.8,51.4,0.0
13981504,Torino,Giovanni Simeone,save,assisted,4189,24.6,33.6,0,0,51.0,3.8,2.4,48.4,0.0
13981504,Torino,Cesare Casadei,block,regular,4174,19.0,52.2,0,0,51.2,19.0,15.8,51.6,0.0
13981504,Torino,Cesare Casadei,block,assisted,3869,9.8,49.7,0,0,51.3,19.0,7.3,49.5,0.0
13981504,Bologna,Charalampos Lykogiannis,miss,assisted,3202,19.9,26.5,0,0,57.1,22.2,,,
13981504,Bologna,Nadir Zortea,miss,assisted,3138,21.9,67.8,0,0,44.5,75.0,,,
13981504,Bologna,Nicolò Cambiaghi,miss,assisted,3068,6.8,59.0,0,0,40.5,83.3,,,
13981504,Torino,Cyril Ngonge,miss,assisted,2940,29.3,52.2,0,0,59.5,93.1,,,
13981504,Bologna,Martin Vitík,miss,corner,2883,4.7,40.4,0,0,58.8,23.6,1.8,43.3,0.0
13981504,Bologna,Santiago Castro,block,corner,2851,13.4,55.4,0,0,51.3,19.0,11.6,54.5,0.0
13981504,Bologna,Federico Bernardeschi,save,corner,2834,21.3,65.2,0,0,52.9,25.9,2.7,52.9,0.0
13981504,Torino,Cesare Casadei,miss,assisted,2663,9.4,53.4,0,0,37.5,40.3,,,
13981504,Bologna,Federico Bernardeschi,miss,corner,1549,22.9,70.1,0,0,40.3,15.3,,,
13981504,Bologna,Charalampos Lykogiannis,save,set-piece,1506,27.1,54.2,0,0,53.8,29.7,2.7,51.1,0.0
13981504,Torino,Che Adams,post,regular,1395,10.2,56.4,0,0,52.9,39.2,,,
13981504,Bologna,Charalampos Lykogiannis,block,assisted,398,14.5,25.2,0,0,53.4,19.0,11.8,29.2,0.0
13981506,Inter,Federico Dimarco,block,corner,5526,8.3,31.5,0,0,52.6,19.0,7.2,33.6,0.0
13981506,Inter,Hakan Çalhanoğlu,goal,penalty,5236,11.5,50.0,0,0,53.7,16.5,,,
13981506,Fiorentina,Moise Kean,save,assisted,4941,11.2,37.8,0,0,50.2,2.5,4.7,44.6,0.0
13981506,Fiorentina,Pietro Comuzzo,miss,corner,4809,3.3,47.1,0,0,50.8,63.9,,,
13981506,Fiorentina,Jacopo Fazzini,block,regular,4694,18.1,29.7,0,0,53.8,19.0,16.4,31.2,0.0
13981506,Fiorentina,Jacopo Fazzini,block,throw-in-set-piece,4681,18.1,46.7,0,0,51.9,19.0,10.3,47.3,0.0
13981506,Fiorentina,Dodô,miss,assisted,4412,9.7,59.3,0,0,41.8,6.9,,,
13981506,Inter,Petar Sučić,goal,assisted,4225,8.2,46.6,0,0,54.5,5.1,,,
13981506,Fiorentina,Moise Kean,miss,assisted,4059,9.2,38.7,0,0,65.9,4.2,,,
13981506,Inter,Hakan Çalhanoğlu,goal,assisted,3951,24.4,57.7,0,0,53.9,12.7,,,
13981506,Fiorentina,Moise Kean,block,fast-break,3659,10.9,33.0,0,0,50.8,19.0,9.4,35.2,0.0
13981506,Inter,Francesco Pio Esposito,save,corner,3407,7.9,51.7,0,0,48.1,27.8,1.4,50.9,0.0
13981506,Inter,Yann Bisseck,save,corner,3385,13.8,57.3,0,0,51.9,31.6,1.2,51.4,0.0
13981506,Inter,Lautaro Martínez,block,corner,3383,9.2,52.1,0,0,50.4,19.0,8.1,51.8,0.0
13981506,Inter,Denzel Dumfries,save,regular,3353,5.0,57.9,0,0,47.1,12.0,1.0,53.6,0.0
13981506,Inter,Lautaro Martínez,block,assisted,3341,13.8,53.1,0,0,49.8,19.0,12.8,52.9,0.0
13981506,Inter,Federico Dimarco,block,regular,3160,15.1,30.3,0,0,53.0,19.0,12.1,33.6,0.0
13981506,Inter,Denzel Dumfries,block,assisted,2962,5.5,62.2,0,0,48.4,19.0,3.6,58.5,0.0
13981506,Inter,Nicolò Barella,block,assisted,2748,16.0,62.0,0,0,53.8,19.0,6.4,52.5,0.0
13981506,Inter,Hakan Çalhanoğlu,miss,fast-break,2743,19.8,61.3,0,0,63.2,2.8,9.4,49.8,0.0
13981506,Fiorentina,Moise Kean,save,fast-break,2726,6.0,32.3,0,0,52.7,8.2,0.90000000000001,46.2,0.0
13981506,Inter,Federico Dimarco,save,assisted,2099,13.0,48.3,0,0,51.6,4.4,1.0,50.0,0.0
13981506,Fiorentina,Rolando Mandragora,block,assisted,1940,26.0,66.9,0,0,50.2,19.0,24.7,66.1,0.0
13981506,Inter,Lautaro Martínez,miss,assisted,1745,10.1,54.6,0,0,79.8,5.6,1.4,27.2,0.0
13981506,Inter,Alessandro Bastoni,save,regular,1614,5.2,41.5,0,0,50.0,11.4,2.5,44.2,0.0
13981506,Inter,Francesco Pio Esposito,miss,corner,1577,8.9,50.5,0,0,65.7,45.8,7.7,43.1,0.0
13981506,Inter,Francesco Pio Esposito,block,assisted,1540,5.5,66.2,0,0,53.5,19.0,5.0,64.4,0.0
13981506,Fiorentina,Dodô,block,corner,1127,21.0,68.3,0,0,49.2,19.0,11.4,60.3,0.0
13981506,Inter,Yann Bisseck,miss,corner,883,8.9,43.6,0,0,41.8,20.8,3.7,51.4,0.0
13981506,Inter,Lautaro Martínez,miss,corner,606,8.4,50.5,0,0,48.9,75.0,,,
13981506,Inter,Petar Sučić,block,regular,387,23.1,52.6,0,0,51.8,19.0,18.9,51.8,0.0
13981506,Inter,Lautaro Martínez,miss,set-piece,347,14.6,51.0,0,0,43.7,73.6,,,
13981503,Sassuolo,Luca Moro,miss,set-piece,5630,12.8,56.6,0,0,64.0,13.9,4.0,47.3,0.0
13981503,Sassuolo,Alieu Fadera,block,assisted,4836,14.9,47.6,0,0,50.6,19.0,12.9,47.8,0.0
13981503,Sassuolo,Cristian Volpato,post,assisted,4664,4.6,69.0,0,0,44.6,24.1,,,
13981503,Sassuolo,Alieu Fadera,miss,free-kick,4533,29.3,23.7,0,0,39.7,68.1,,,
13981503,Cagliari,Sebastiano Esposito,goal,fast-break,4324,8.2,53.6,0,0,46.3,1.9,,,
13981503,Sassuolo,Andrea Pinamonti,goal,assisted,3857,9.9,58.9,0,0,46.9,3.2,,,
13981503,Cagliari,Gennaro Borrelli,block,assisted,3579,7.5,55.8,0,0,49.4,19.0,6.2,54.9,0.0
13981503,Cagliari,Gabriele Zappa,post,regular,3379,20.3,68.3,0,0,50.7,39.9,,,
13981503,Sassuolo,Ismael Koné,miss,assisted,3310,26.8,43.1,0,0,46.9,58.3,,,
13981503,Sassuolo,Armand Laurienté,goal,free-kick,3215,23.2,63.9,0,0,48.2,23.4,,,
13981503,Cagliari,Marco Palestra,miss,fast-break,2998,10.4,73.3,0,0,61.7,62.5,,,
13981503,Sassuolo,Cristian Volpato,save,assisted,2584,5.8,71.4,0,0,48.9,1.9,1.0,54.9,0.0
13981503,Sassuolo,Kristian Thorstvedt,save,assisted,2467,24.4,61.7,0,0,51.3,20.3,5.0,52.7,0.0
13981503,Sassuolo,Cristian Volpato,miss,assisted,1814,18.9,72.6,0,0,61.8,72.2,,,
13981503,Sassuolo,Cristian Volpato,block,corner,1392,18.7,54.9,0,0,51.7,19.0,9.9,51.8,0.0
13981503,Cagliari,Marco Palestra,block,assisted,1276,20.5,53.4,0,0,48.0,19.0,15.8,53.1,0.0
13981503,Sassuolo,Armand Laurienté,block,assisted,1100,4.1,30.0,0,0,54.6,19.0,3.6,31.9,0.0
13981503,Cagliari,Sebastiano Esposito,block,free-kick,612,26.9,37.9,0,0,51.0,19.0,12.4,43.9,0.0
13981503,Cagliari,Michel Adopo,miss,set-piece,317,7.7,43.3,0,0,51.4,75.0,,,
13981503,Cagliari,Matteo Prati,block,assisted,251,28.1,28.0,0,0,53.3,19.0,15.1,36.6,0.0
13981511,Lazio,Pedro,save,set-piece,5393,15.8,26.1,0,0,49.4,20.9,2.5,46.4,0.0
13981511,Lazio,Matías Vecino,miss,regular,5115,17.9,55.6,0,0,59.5,4.2,,,
13981511,Pisa,Stefano Moreo,block,assisted,4758,10.1,63.8,0,0,49.1,19.0,7.3,60.3,0.0
13981511,Pisa,Idrissa Touré,miss,assisted,4593,8.6,59.6,0,0,58.8,18.1,,,
13981511,Pisa,Stefano Moreo,save,corner,4340,8.0,56.3,0,0,49.3,19.6,0.59999999999999,50.9,0.0
13981511,Pisa,M'Bala Nzola,block,assisted,4146,7.9,53.1,0,0,50.2,19.0,5.7,52.2,0.0
13981511,Lazio,Gustav Isaksen,save,set-piece,3922,22.6,50.1,0,0,50.6,16.5,2.8,49.3,0.0
13981511,Lazio,Gustav Isaksen,miss,assisted,3698,6.6,70.5,0,0,42.2,8.3,,,
13981511,Lazio,Danilo Cataldi,miss,corner,3306,25.6,49.7,0,0,36.0,88.9,,,
13981511,Pisa,Matteo Tramoni,miss,corner,3129,7.0,50.9,0,0,69.2,15.3,,,
13981511,Pisa,Matteo Tramoni,block,assisted,3053,8.7,57.6,0,0,49.3,19.0,4.1,54.0,0.0
13981511,Pisa,Matteo Tramoni,save,throw-in-set-piece,2907,13.2,80.7,0,0,46.2,29.7,2.8,56.7,0.0
13981511,Pisa,Juan Cuadrado,miss,assisted,2392,22.9,27.4,0,0,29.4,83.3,,,
13981511,Lazio,Toma Bašić,miss,assisted,2331,25.3,34.5,0,0,40.8,1.4,,,
13981511,Lazio,Luca Pellegrini,miss,throw-in-set-piece,2177,10.8,10.5,0,0,62.2,27.8,,,
13981511,Lazio,Toma Bašić,save,assisted,2146,24.9,71.7,0,0,46.0,10.1,2.2,54.0,0.0
13981511,Lazio,Gustav Isaksen,save,assisted,1859,10.8,60.1,0,0,49.7,5.7,1.0,50.9,0.0
13981511,Lazio,Gustav Isaksen,save,assisted,1745,5.9,70.8,0,0,48.5,0.6,0.90000000000001,53.2,0.0
13981511,Pisa,Idrissa Touré,miss,assisted,1448,5.4,58.1,0,0,66.7,9.7,,,
13981511,Lazio,Toma Bašić,save,assisted,1303,12.8,28.6,0,0,48.7,3.2,1.5,46.6,0.0
13981511,Pisa,Matteo Tramoni,miss,assisted,399,19.2,50.3,0,0,69.1,9.7,,,
13981508,Juventus,Kenan Yıldız,block,fast-break,5908,11.7,36.0,0,0,49.2,5.6,8.1,39.5,0.0
13981508,Juventus,Jonathan David,save,fast-break,5902,7.9,31.1,0,0,54.5,21.5,0.90000000000001,45.8,0.0
13981508,Juventus,Kenan Yıldız,goal,penalty,5725,11.5,50.0,0,0,52.4,5.7,,,
13981508,Juventus,Kenan Yıldız,miss,assisted,5461,10.8,37.4,0,0,45.2,62.5,,,
13981508,Udinese,Vakoun Bayo,miss,corner,5342,6.4,50.3,0,0,43.5,8.3,,,
13981508,Udinese,Hassane Kamara,block,regular,5144,21.7,36.4,0,0,53.1,19.0,12.3,41.0,0.0
13981508,Juventus,Kenan Yıldız,post,fast-break,4663,19.2,27.6,0,0,55.5,2.5,,,
13981508,Juventus,Kenan Yıldız,save,regular,4141,15.2,62.1,0,0,47.7,25.3,2.0,51.1,0.0
13981508,Juventus,Federico Gatti,goal,corner,3966,4.3,41.9,0,0,53.4,5.7,,,
13981508,Juventus,Weston McKennie,block,corner,3960,3.7,63.6,0,0,53.9,19.0,3.2,61.2,0.0
13981508,Juventus,Pierre Kalulu,save,assisted,3937,17.2,64.1,0,0,47.3,24.7,1.4,52.0,0.0
13981508,Juventus,Dušan Vlahović,miss,fast-break,3850,21.2,66.9,0,0,43.2,8.3,,,
13981508,Juventus,Loïs Openda,save,fast-break,3650,9.7,71.1,0,0,51.4,7.0,1.6,54.0,0.0
13981508,Juventus,Weston McKennie,miss,set-piece,3494,14.4,42.5,0,0,35.1,16.7,9.2,47.1,0.0
13981508,Juventus,Manuel Locatelli,miss,corner,3220,22.7,46.7,0,0,40.8,75.0,,,
13981508,Juventus,Loïs Openda,block,corner,3179,5.4,49.3,0,0,48.0,19.0,4.4,49.8,0.0
13981508,Juventus,Dušan Vlahović,block,corner,3174,10.5,51.6,0,0,54.5,23.6,8.8,51.3,0.0
13981508,Juventus,Kenan Yıldız,block,corner,3170,14.7,20.1,0,0,52.6,19.0,6.6,35.2,0.0
13981508,Juventus,Loïs Openda,block,assisted,3144,5.1,44.8,0,0,49.9,19.0,3.6,46.4,0.0
13981508,Udinese,Saba Goglichidze,miss,corner,2956,8.6,43.0,0,0,53.8,80.6,,,
13981508,Udinese,Saba Goglichidze,save,set-piece,2920,7.0,60.5,0,0,46.1,17.7,0.7,53.8,0.0
13981508,Udinese,Nicolò Zaniolo,goal,regular,2735,13.3,50.7,0,0,53.5,1.9,,,
13981508,Udinese,Adam Buksa,block,regular,2733,12.0,37.6,0,0,50.8,11.1,8.6,40.2,0.0
13981508,Juventus,Dušan Vlahović,save,assisted,2454,18.9,55.4,0,0,52.6,1.3,1.4,50.7,0.0
13981508,Juventus,Manuel Locatelli,save,regular,2335,14.4,43.0,0,0,50.1,3.2,2.0,49.6,0.0
13981508,Juventus,Dušan Vlahović,save,regular,2320,11.7,61.5,0,0,52.9,1.9,2.5,52.7,0.0
13981508,Juventus,Filip Kostić,save,throw-in-set-piece,2275,24.1,46.1,0,0,48.1,3.8,1.5,49.8,0.0
13981508,Juventus,Kenan Yıldız,block,fast-break,2062,20.6,34.8,0,0,52.2,19.0,15.1,39.2,0.0
13981508,Juventus,Dušan Vlahović,miss,corner,1969,8.2,50.0,0,0,49.1,68.1,,,
13981508,Udinese,Hassane Kamara,miss,corner,1127,12.0,30.9,0,0,55.5,95.8,,,
13981508,Udinese,Nicolò Zaniolo,block,regular,1088,16.1,46.2,0,0,53.8,19.0,13.2,46.2,0.0
13981508,Juventus,Loïs Openda,miss,assisted,572,9.8,36.8,0,0,57.3,20.8,,,
13981508,Juventus,Dušan Vlahović,goal,penalty,269,11.5,50.0,0,0,53.7,1.9,,,
13981514,Napoli,Alessandro Buongiorno,save,corner,5316,9.3,50.7,0,0,48.7,13.3,0.90000000000001,49.6,0.0
13981514,Como,Assane Diao,block,assisted,5020,22.2,33.9,0,0,53.5,19.0,18.6,35.9,0.0
13981514,Napoli,Rasmus Højlund,save,assisted,4744,7.8,44.1,0,0,53.6,29.7,0.90000000000001,49.6,0.0
13981514,Napoli,Scott McTominay,save,assisted,4139,22.8,45.8,0,0,47.5,3.8,4.0,50.4,0.0
13981514,Como,Jacobo Ramón,block,corner,3724,13.6,52.0,0,0,50.2,19.0,12.4,51.8,0.0
13981514,Como,Álvaro Morata,block,assisted,3684,9.0,53.7,0,0,51.3,19.0,7.9,53.1,0.0
13981514,Como,Ivan Smolčić,block,assisted,3624,19.8,51.3,0,0,50.2,19.0,17.0,51.1,0.0
13981514,Napoli,Matteo Politano,save,assisted,3513,22.9,55.2,0,0,52.2,3.8,0.3,49.5,0.0
13981514,Napoli,Matteo Politano,save,assisted,3381,13.2,67.1,0,0,46.8,6.3,1.8,52.3,0.0
13981514,Napoli,Scott McTominay,miss,regular,3259,28.4,19.1,0,0,42.0,2.8,,,
13981514,Napoli,Miguel Gutiérrez,miss,regular,2804,20.3,30.5,0,0,55.5,70.8,,,
13981514,Como,Diego Carlos,miss,assisted,2923,31.7,28.3,0,0,41.8,79.2,,,
13981514,Como,Nico Paz,miss,assisted,2806,26.1,53.2,0,0,50.4,87.5,,,
13981514,Como,Nico Paz,block,assisted,2796,23.0,65.4,0,0,51.5,19.0,20.7,63.7,0.0
13981514,Como,Assane Diao,miss,regular,2715,29.2,32.5,0,0,60.5,4.2,,,
13981514,Napoli,Eljif Elmas,save,regular,2694,26.3,64.9,0,0,53.7,4.4,1.4,51.3,0.0
13981514,Napoli,Matteo Politano,miss,corner,2542,19.5,62.2,0,0,60.0,93.1,,,
13981514,Napoli,Scott McTominay,block,assisted,2507,11.3,45.4,0,0,50.2,19.0,9.7,46.0,0.0
13981514,Napoli,Scott McTominay,save,assisted,1903,33.8,40.8,0,0,47.0,19.0,3.7,48.9,0.0
13981514,Napoli,Scott McTominay,save,throw-in-set-piece,1588,13.2,29.0,0,0,51.3,3.2,1.2,47.7,0.0
13981514,Como,Álvaro Morata,miss,set-piece,1534,9.1,46.4,0,0,63.9,9.7,6.6,44.9,0.0
13981514,Como,Álvaro Morata,save,penalty,1530,11.5,50.0,0,0,48.9,12.0,0.3,49.8,0.0
13981514,Como,Nico Paz,block,free-kick,1289,31.3,63.1,0,0,51.4,19.0,22.9,59.2,0.0
13981514,Como,Nico Paz,miss,regular,902,19.5,32.5,0,0,0.8,1.4,15.7,46.2,0.0
13981514,Como,Maxence Caqueret,save,regular,257,17.9,38.0,0,0,51.9,3.8,2.0,46.9,0.0
13981514,Napoli,Amir Rrahmani,miss,set-piece,142,13.6,50.3,0,0,65.4,13.9,,,
13981516,Udinese,Jakub Piotrowski,miss,free-kick,5656,26.0,64.6,0,0,55.0,61.1,,,
13981516,Atalanta,Raoul Bellanova,block,corner,4857,21.0,65.8,0,0,47.5,19.0,1.2,53.1,0.0
13981516,Udinese,Vakoun Bayo,miss,fast-break,4357,13.8,68.9,0,0,48.9,73.6,,,
13981516,Atalanta,Nikola Krstović,miss,assisted,3710,9.8,53.8,0,0,40.2,9.7,,,
13981516,Udinese,Nicolò Zaniolo,save,free-kick,3419,31.0,72.6,0,0,49.7,20.9,2.5,51.4,0.0
13981516,Atalanta,Gianluca Scamacca,block,free-kick,3251,26.3,44.2,0,0,51.0,19.0,15.4,46.2,0.0
13981516,Udinese,Jesper Karlström,save,regular,2575,23.8,67.1,0,0,51.6,24.1,1.9,52.5,0.0
13981516,Udinese,Nicolò Zaniolo,goal,assisted,2374,12.1,46.2,0,0,53.4,17.7,,,
13981516,Atalanta,Éderson,block,assisted,2244,15.9,59.9,0,0,49.8,19.0,11.5,57.2,0.0
13981516,Udinese,Hassane Kamara,miss,set-piece,1872,17.5,41.5,0,0,45.9,81.9,,,
13981516,Udinese,Hassane Kamara,save,assisted,1153,33.6,40.1,0,0,52.9,10.1,1.1,49.6,0.0
13981516,Udinese,Arthur Atta,miss,assisted,1027,23.2,44.8,0,0,58.2,6.9,,,
13981516,Udinese,Nicolò Zaniolo,block,assisted,1011,13.0,41.8,0,0,51.9,19.0,11.0,42.8,0.0
13981516,Udinese,Nicolò Zaniolo,save,assisted,874,28.1,51.1,0,0,50.9,22.2,2.5,48.6,0.0
13981516,Udinese,Arthur Atta,block,assisted,815,22.9,36.6,0,0,49.9,19.0,19.2,38.8,0.0
13981516,Atalanta,Berat Djimsiti,block,corner,71,6.4,52.2,0,0,49.3,19.0,4.7,51.8,0.0
13981510,Cremonese,Dennis Johnsen,miss,set-piece,5206,27.7,53.8,0,0,61.0,1.4,,,
13981510,Cremonese,Jamie Vardy,goal,fast-break,4950,11.2,62.3,0,0,52.5,1.9,,,
13981510,Juventus,Dušan Vlahović,block,fast-break,4926,22.9,48.7,0,0,46.7,19.0,18.6,48.4,0.0
13981510,Cremonese,Mikayil Faye,block,assisted,4667,14.2,26.2,0,0,48.9,19.0,9.7,34.1,0.0
13981510,Cremonese,Franco Vázquez,block,assisted,4660,24.0,69.7,0,0,52.1,19.0,20.2,66.2,0.0
13981510,Juventus,Francisco Conceição,block,set-piece,4206,13.0,61.7,0,0,47.4,19.0,7.9,58.1,0.0
13981510,Juventus,Andrea Cambiaso,goal,regular,4028,10.8,53.8,0,0,48.2,34.2,,,
13981510,Juventus,Dušan Vlahović,miss,assisted,3953,5.7,50.1,0,0,41.2,2.8,,,
13981510,Juventus,Loïs Openda,miss,assisted,3564,25.4,63.9,0,0,44.2,83.3,,,
13981510,Juventus,Dušan Vlahović,miss,assisted,3457,8.8,45.7,0,0,36.1,5.6,1.6,63.9,0.0
13981510,Juventus,Weston McKennie,miss,assisted,3454,9.5,53.3,0,0,75.5,13.9,7.0,26.5,0.0
13981510,Cremonese,Federico Bonazzoli,save,assisted,3426,14.2,58.7,0,0,53.2,27.2,1.0,51.1,0.0
13981510,Cremonese,Jari Vandeputte,block,free-kick,3297,26.2,29.3,0,0,50.7,19.0,11.4,40.6,0.0
13981510,Cremonese,Tommaso Barbieri,block,corner,3173,15.3,58.9,0,0,51.3,19.0,13.3,57.6,0.0
13981510,Juventus,Loïs Openda,miss,regular,2837,17.7,53.3,0,0,58.0,4.2,,,
13981510,Cremonese,Martín Payero,miss,assisted,2366,28.3,69.1,0,0,38.5,98.6,,,
13981510,Cremonese,Jamie Vardy,block,assisted,2197,12.6,60.1,0,0,48.9,19.0,10.6,58.7,0.0
13981510,Juventus,Manuel Locatelli,miss,assisted,2121,21.5,44.2,0,0,50.3,56.9,,,
13981510,Juventus,Loïs Openda,miss,assisted,2071,5.2,33.3,0,0,58.0,23.6,,,
13981510,Juventus,Dušan Vlahović,save,assisted,1848,28.7,51.7,0,0,53.5,8.9,1.4,50.4,0.0
13981510,Juventus,Manuel Locatelli,save,assisted,1517,19.5,64.0,0,0,54.3,2.5,2.4,51.4,0.0
13981510,Juventus,Dušan Vlahović,save,assisted,1206,10.1,70.4,0,0,49.5,17.1,1.2,53.4,0.0
13981510,Juventus,Loïs Openda,block,regular,535,16.4,39.1,0,0,49.5,19.0,14.7,40.2,0.0
13981510,Juventus,Filip Kostić,goal,regular,85,8.0,41.9,0,0,46.7,0.6,,,
13981513,Fiorentina,Roberto Piccoli,miss,assisted,5743,13.2,52.3,0,0,68.9,8.3,,,
13981513,Fiorentina,Simon Sohm,miss,regular,5554,15.2,53.6,0,0,50.1,63.9,,,
13981513,Fiorentina,Marin Pongračić,block,set-piece,4985,9.2,50.5,0,0,50.1,19.0,7.2,50.4,0.0
13981513,Fiorentina,Dodô,miss,regular,4850,24.8,63.2,0,0,55.1,75.0,,,
13981513,Fiorentina,Moise Kean,save,corner,4685,4.9,52.6,0,0,48.4,3.8,1.1,50.2,0.0
13981513,Fiorentina,Marin Pongračić,miss,corner,4683,7.1,43.8,0,0,38.0,8.3,3.6,51.3,0.0
13981513,Fiorentina,Albert Guðmundsson,miss,regular,4290,9.1,29.5,0,0,49.9,63.9,,,
13981513,Lecce,Lassana Coulibaly,miss,fast-break,3929,9.2,69.5,0,0,68.6,6.9,,,
13981513,Fiorentina,Moise Kean,miss,corner,3653,8.7,51.7,0,0,44.9,68.1,,,
13981513,Fiorentina,Moise Kean,block,assisted,3604,27.5,37.0,0,0,50.6,19.0,18.6,41.2,0.0
13981513,Lecce,Tete Morente,save,assisted,3501,26.3,72.8,0,0,50.8,3.8,2.0,52.3,0.0
13981513,Lecce,Medon Berisha,block,free-kick,3468,25.0,46.7,0,0,51.0,19.0,14.6,47.7,0.0
13981513,Lecce,Lameck Banda,miss,assisted,3207,23.8,32.3,0,0,36.1,70.8,,,
13981513,Lecce,Tete Morente,miss,set-piece,2872,19.3,66.5,0,0,69.2,72.2,,,
13981513,Lecce,Kialonda Gaspar,miss,corner,2633,5.0,51.5,0,0,55.3,68.1,,,
13981513,Fiorentina,Luca Ranieri,miss,corner,2521,4.2,42.8,0,0,50.3,56.9,,,
13981513,Fiorentina,Moise Kean,block,corner,2519,8.3,46.1,0,0,49.7,19.0,6.3,47.1,0.0
13981513,Fiorentina,Edin Džeko,save,set-piece,2220,7.5,48.3,0,0,50.3,27.2,0.7,49.6,0.0
13981513,Fiorentina,Moise Kean,save,regular,1854,14.5,47.4,0,0,51.8,4.4,3.5,49.8,0.0
13981513,Lecce,Lameck Banda,save,fast-break,1571,14.9,28.3,0,0,52.2,6.3,2.5,46.7,0.0
13981513,Lecce,Ylber Ramadani,save,assisted,1543,27.6,56.8,0,0,49.7,20.9,3.2,50.2,0.0
13981513,Fiorentina,Moise Kean,block,assisted,1500,24.8,60.5,0,0,48.9,19.0,19.8,58.5,0.0
13981513,Lecce,Medon Berisha,goal,regular,1337,6.3,44.6,0,0,53.1,8.2,,,
13981513,Lecce,Medon Berisha,block,free-kick,947,25.6,62.4,0,0,49.4,19.0,14.7,57.4,0.0
13981513,Lecce,Tete Morente,miss,assisted,559,12.0,53.8,0,0,60.2,33.3,,,
13981513,Fiorentina,Niccolò Fortini,save,assisted,91,19.2,34.8,0,0,53.0,15.2,1.9,48.7,0.0
13981520,Torino,Cyril Ngonge,block,regular,5407,9.2,44.8,0,0,52.5,19.0,7.5,45.3,0.0
13981520,Torino,Cesare Casadei,block,assisted,5405,13.1,55.4,0,0,49.6,19.0,11.2,54.7,0.0
13981520,Torino,Cyril Ngonge,block,regular,5146,4.8,67.9,0,0,46.7,19.0,3.8,65.0,0.0
13981520,Torino,Duván Zapata,block,assisted,5043,15.0,65.9,0,0,48.1,19.0,11.9,63.0,0.0
13981520,Pisa,Ebenezer Akinsanmiro,miss,fast-break,4634,13.3,54.0,0,0,38.0,16.7,,,
13981520,Pisa,Arturo Calabresi,save,assisted,4436,9.1,66.3,0,0,45.9,1.3,1.9,53.6,0.0
13981520,Pisa,Michel Aebischer,miss,set-piece,4335,24.1,49.9,0,0,50.1,77.8,,,
13981520,Torino,Gvidas Gineitis,miss,throw-in-set-piece,4137,26.6,53.2,0,0,97.5,16.7,,,
13981520,Pisa,Ebenezer Akinsanmiro,miss,regular,3699,30.7,59.1,0,0,62.4,23.6,,,
13981520,Pisa,Henrik Wendel Meister,block,fast-break,3578,9.3,59.1,0,0,49.9,19.0,7.7,57.6,0.0
13981520,Torino,Ardian Ismajli,miss,corner,3132,14.1,56.2,0,0,31.8,16.7,8.1,64.8,0.0
13981520,Torino,Saúl Coco,miss,corner,3122,9.2,51.1,0,0,40.8,16.7,7.3,53.1,0.0
13981520,Torino,Cyril Ngonge,miss,corner,3016,18.2,56.6,0,0,40.3,19.4,,,
13981520,Pisa,Mehdi Léris,block,regular,2740,11.8,43.9,0,0,49.4,19.0,8.4,45.8,0.0
13981520,Pisa,Arturo Calabresi,miss,assisted,2738,26.5,72.9,0,0,68.2,15.3,10.3,48.2,0.0
13981520,Torino,Che Adams,goal,regular,2840,8.9,56.6,0,0,52.9,28.5,,,
13981520,Torino,Giovanni Simeone,goal,regular,2502,10.2,58.5,0,0,53.9,2.5,,,
13981520,Torino,Giovanni Simeone,miss,set-piece,2140,14.4,67.1,0,0,60.8,1.4,,,
13981520,Pisa,Stefano Moreo,goal,penalty,1731,11.5,50.0,0,0,53.3,2.5,,,
13981520,Torino,Giovanni Simeone,miss,assisted,1481,14.7,40.9,0,0,64.5,73.6,,,
13981520,Pisa,Stefano Moreo,goal,assisted,735,10.5,45.8,0,0,46.7,1.3,,,
13981520,Pisa,Ebenezer Akinsanmiro,post,assisted,732,4.4,55.7,0,0,49.6,39.9,,,
13981520,Pisa,Stefano Moreo,miss,assisted,729,10.2,44.4,0,0,29.7,13.9,4.9,56.1,0.0
13981520,Torino,Che Adams,save,assisted,467,10.6,55.8,0,0,49.9,3.8,1.5,52.2,0.0
13981520,Torino,Che Adams,block,assisted,402,20.0,51.0,0,0,51.1,19.0,17.3,50.7,0.0
13981520,Torino,Che Adams,block,assisted,269,27.7,38.5,0,0,54.0,19.0,25.9,39.0,0.0
13981522,Bologna,Juan Miranda,goal,assisted,5464,3.7,29.8,0,0,50.1,32.9,,,
13981522,Bologna,Nicolò Cambiaghi,miss,assisted,5385,2.3,34.4,0,0,56.3,15.3,,,
13981522,Bologna,Thijs Dallinga,miss,assisted,5286,7.4,43.4,0,0,58.8,9.7,,,
13981522,Parma,Oliver Sørensen,block,set-piece,4955,27.4,48.1,0,0,53.9,19.0,4.4,46.4,0.0
13981522,Bologna,Santiago Castro,goal,regular,4024,7.6,52.2,0,0,47.1,3.2,,,
13981522,Bologna,Tommaso Pobega,miss,assisted,3370,13.2,57.4,0,0,32.1,15.3,,,
13981522,Parma,Adrian Benedyczak,miss,assisted,3281,10.4,66.1,0,0,57.5,8.3,,,
13981522,Bologna,Tommaso Pobega,save,regular,3247,27.8,56.0,0,0,53.9,17.1,1.8,49.8,0.0
13981522,Bologna,Santiago Castro,miss,fast-break,3066,14.9,64.0,0,0,42.2,2.8,,,
13981522,Parma,Enrico Delprato,block,regular,3008,9.0,31.0,0,0,50.8,19.0,8.0,33.0,0.0
13981522,Bologna,Jens Odgaard,miss,assisted,2750,13.0,44.7,0,0,54.5,56.9,,,
13981522,Bologna,Jens Odgaard,miss,regular,2931,8.3,52.7,0,0,50.3,66.7,,,
13981522,Bologna,Jonathan Rowe,miss,fast-break,2652,27.8,48.7,0,0,42.2,6.9,,,
13981522,Bologna,Jens Odgaard,miss,corner,2203,22.6,51.6,0,0,43.4,1.4,,,
13981522,Bologna,Santiago Castro,miss,regular,2025,7.7,44.8,0,0,56.8,75.0,,,
13981522,Bologna,Santiago Castro,save,assisted,2024,10.7,45.4,0,0,50.0,19.0,3.7,47.7,0.0
13981522,Parma,Adrian Benedyczak,block,regular,1807,14.4,39.4,0,0,50.6,19.0,10.3,42.2,0.0
13981522,Bologna,Riccardo Orsolini,save,assisted,1770,10.1,56.8,0,0,48.2,4.4,1.2,52.3,0.0
13981522,Bologna,Riccardo Orsolini,block,set-piece,1707,8.6,72.6,0,0,50.4,19.0,6.7,67.5,0.0
13981522,Bologna,Riccardo Orsolini,block,free-kick,1705,9.5,80.3,0,0,47.8,19.0,4.6,65.9,0.0
13981522,Bologna,Riccardo Orsolini,block,regular,1581,22.8,49.8,0,0,49.3,19.0,21.3,49.9,0.0
13981522,Bologna,Riccardo Orsolini,miss,corner,1198,23.2,67.1,0,0,64.5,69.4,,,
13981522,Bologna,Santiago Castro,goal,assisted,998,4.4,51.2,0,0,46.8,3.2,,,
13981522,Parma,Sascha Britschgi,post,assisted,892,28.1,39.3,0,0,52.4,39.2,,,
13981522,Bologna,Riccardo Orsolini,miss,assisted,800,10.8,66.7,0,0,44.0,1.4,,,
13981522,Bologna,Jens Odgaard,miss,assisted,677,6.7,46.2,0,0,57.5,33.3,,,
13981522,Bologna,Riccardo Orsolini,miss,assisted,676,12.6,64.2,0,0,65.2,34.7,6.6,47.1,0.0
13981522,Parma,Adrián Bernabé,goal,regular,13,12.5,60.7,0,0,54.0,1.9,,,
13981522,Parma,Adrián Bernabé,miss,regular,10,16.2,69.7,0,0,39.3,11.1,8.5,66.6,0.0
13981524,Genoa,Leo Østigård,goal,set-piece,5535,3.7,49.0,0,0,51.3,29.1,,,
13981524,Genoa,Junior Messias,miss,assisted,5311,12.3,46.6,0,0,61.2,8.3,,,
13981524,Genoa,Johan Vásquez,miss,corner,5234,12.2,52.6,0,0,42.0,23.6,,,
13981524,Genoa,Junior Messias,miss,assisted,4696,10.5,50.9,0,0,49.9,75.0,,,
13981524,Genoa,Caleb Ekuban,block,assisted,4591,19.6,33.4,0,0,49.4,19.0,18.4,34.5,0.0
13981524,Genoa,Leo Østigård,save,corner,3636,12.7,54.3,0,0,53.3,12.7,1.4,50.4,0.0
13981524,Genoa,Lorenzo Colombo,miss,assisted,3413,12.5,46.6,0,0,51.8,80.6,,,
13981524,Sassuolo,Tarik Muharemović,block,assisted,3367,30.9,39.3,0,0,47.1,19.0,29.2,40.1,0.0
13981524,Sassuolo,Armand Laurienté,block,regular,3329,12.0,38.0,0,0,49.0,19.0,4.7,45.8,0.0
13981524,Sassuolo,Kristian Thorstvedt,save,assisted,3325,2.9,33.9,0,0,52.8,10.8,1.0,46.6,0.0
13981524,Sassuolo,Kristian Thorstvedt,miss,assisted,3114,20.7,34.0,0,0,42.5,11.1,,,
13981524,Sassuolo,Armand Laurienté,miss,assisted,2983,22.9,31.3,0,0,28.4,51.4,,,
13981524,Sassuolo,Domenico Berardi,goal,corner,2800,3.5,58.1,0,0,47.8,1.3,,,
13981524,Sassuolo,Armand Laurienté,miss,free-kick,2593,25.2,27.4,0,0,46.6,65.3,,,
13981524,Sassuolo,Armand Laurienté,miss,assisted,2452,10.5,32.5,0,0,59.5,63.9,,,
13981524,Genoa,Lorenzo Colombo,miss,regular,2299,12.0,61.1,0,0,62.7,61.1,,,
13981524,Sassuolo,Domenico Berardi,miss,assisted,2198,13.9,67.9,0,0,60.2,86.1,,,
13981524,Genoa,Brooke Norton-Cuffy,miss,regular,2073,18.8,74.6,0,0,62.4,27.8,,,
13981524,Sassuolo,Andrea Pinamonti,save,assisted,2041,8.4,48.1,0,0,49.8,12.0,1.2,50.4,0.0
13981524,Sassuolo,Andrea Pinamonti,miss,assisted,1953,9.5,46.9,0,0,48.7,61.1,,,
13981524,Genoa,Lorenzo Colombo,block,corner,1810,7.4,62.4,0,0,46.3,19.0,5.9,60.7,0.0
13981524,Genoa,Vitinha,save,assisted,1766,20.0,42.0,0,0,46.1,7.0,1.2,48.6,0.0
13981524,Genoa,Lorenzo Colombo,miss,assisted,1651,15.3,66.7,0,0,57.5,86.1,,,
13981524,Sassuolo,Ismael Koné,miss,assisted,1583,19.1,48.8,0,0,42.5,22.2,,,
13981524,Sassuolo,Andrea Pinamonti,save,assisted,1512,13.2,51.2,0,0,49.0,19.6,1.9,51.3,0.0
13981524,Genoa,Ruslan Malinovskyi,goal,corner,1037,23.7,41.2,0,0,46.8,23.4,,,
13981524,Genoa,Vitinha,miss,fast-break,930,18.2,53.2,0,0,71.1,22.2,12.7,48.2,0.0
13981524,Genoa,Lorenzo Colombo,miss,assisted,859,10.7,42.5,0,0,49.9,79.2,,,
13981524,Genoa,Vitinha,save,assisted,845,3.6,33.6,0,0,52.1,19.0,3.1,35.7,0.0
13981515,Cagliari,Matteo Prati,miss,assisted,5547,12.5,54.0,0,0,37.6,11.1,,,
13981515,Lazio,Mattia Zaccagni,goal,regular,5438,13.6,42.8,0,0,46.1,27.8,,,
13981515,Lazio,Mattia Zaccagni,miss,fast-break,5308,15.7,56.9,0,0,40.2,51.4,,,
13981515,Cagliari,Mattia Felici,block,corner,5107,17.8,38.3,0,0,51.1,19.0,12.4,41.5,0.0
13981515,Cagliari,Leonardo Pavoletti,block,corner,5104,12.5,47.8,0,0,48.1,19.0,8.5,49.1,0.0
13981515,Cagliari,Matteo Prati,block,throw-in-set-piece,5056,21.9,47.2,0,0,52.4,19.0,16.7,47.3,0.0
13981515,Cagliari,Leonardo Pavoletti,miss,assisted,4907,4.8,51.3,0,0,40.7,4.2,,,
13981515,Cagliari,Matteo Prati,miss,assisted,4906,17.5,37.0,0,0,37.1,6.9,5.4,52.0,0.0
13981515,Cagliari,Michel Adopo,save,assisted,4493,23.0,29.4,0,0,47.9,3.2,1.8,48.9,0.0
13981515,Lazio,Gustav Isaksen,goal,assisted,3886,16.3,58.7,0,0,54.1,13.9,,,
13981515,Cagliari,Yerry Mina,save,set-piece,3130,10.5,54.1,0,0,50.7,22.2,1.8,51.1,0.0
13981515,Cagliari,Gianluca Gaetano,save,fast-break,3061,14.3,39.7,0,0,50.3,5.1,3.8,46.9,0.0
13981515,Cagliari,Gennaro Borrelli,miss,assisted,2884,17.9,69.0,0,0,44.0,77.8,,,
13981515,Lazio,Danilo Cataldi,miss,set-piece,2792,30.0,40.7,0,0,42.5,86.1,,,
13981515,Cagliari,Michael Folorunsho,miss,set-piece,2677,20.8,67.0,0,0,71.3,33.3,,,
13981515,Cagliari,Sebastiano Luperto,block,set-piece,2581,11.9,38.0,0,0,52.0,19.0,7.1,42.1,0.0
13981515,Cagliari,Michael Folorunsho,save,set-piece,2580,3.6,32.7,0,0,52.4,8.9,1.0,45.1,0.0
13981515,Cagliari,Gennaro Borrelli,block,set-piece,2577,8.9,44.5,0,0,49.3,19.0,7.0,45.8,0.0
13981515,Lazio,Adam Marušić,save,throw-in-set-piece,1814,19.8,20.7,0,0,47.1,19.0,2.0,46.2,0.0
13981515,Lazio,Mattia Zaccagni,miss,assisted,1740,9.7,50.5,0,0,57.1,8.3,,,
13981515,Lazio,Toma Bašić,miss,assisted,1638,10.5,46.0,0,0,51.6,50.0,,,
13981515,Lazio,Adam Marušić,miss,corner,1592,10.7,46.7,0,0,96.5,20.8,7.3,30.5,0.0
13981515,Cagliari,Sebastiano Esposito,miss,regular,1171,18.2,46.6,0,0,55.5,81.9,,,
13981515,Cagliari,Michael Folorunsho,save,assisted,868,13.9,36.9,0,0,51.3,1.9,1.4,48.0,0.0
13981515,Cagliari,Matteo Prati,miss,corner,185,27.3,60.1,0,0,44.0,84.7,,,
13981517,Roma,Evan Ndicka,miss,assisted,5534,13.5,49.9,0,0,40.2,9.7,,,
13981517,Roma,Paulo Dybala,save,penalty,4888,11.5,50.0,0,0,47.1,12.0,0.90000000000001,49.8,0.0
13981517,Roma,Lorenzo Pellegrini,block,free-kick,4786,18.7,50.7,0,0,48.9,19.0,9.7,50.9,0.0
13981517,Roma,Lorenzo Pellegrini,block,assisted,4638,18.1,51.7,0,0,51.7,19.0,16.8,51.5,0.0
13981517,Milan,Davide Bartesaghi,miss,set-piece,4536,26.6,43.4,0,0,42.0,93.1,,,
13981517,Roma,Leon Bailey,block,corner,4175,4.1,43.3,0,0,52.6,19.0,3.3,44.1,0.0
13981517,Roma,Zeki Çelik,block,assisted,4145,13.3,65.0,0,0,49.3,19.0,11.6,63.2,0.0
13981517,Milan,Rafael Leão,save,regular,4042,4.0,53.8,0,0,49.1,19.0,0.3,51.2,0.0
13981517,Milan,Samuele Ricci,save,regular,4040,3.5,47.4,0,0,50.9,2.5,2.0,48.0,0.0
13981517,Milan,Davide Bartesaghi,save,assisted,4038,10.2,26.2,0,0,50.9,3.8,1.1,46.6,0.0
13981517,Roma,Lorenzo Pellegrini,save,assisted,3754,17.6,35.4,0,0,52.8,1.3,2.0,48.6,0.0
13981517,Roma,Mario Hermoso,miss,corner,3561,13.5,52.8,0,0,41.8,25.0,1.6,56.0,0.0
13981517,Roma,Bryan Cristante,miss,corner,3340,8.0,56.8,0,0,62.2,15.3,,,
13981517,Milan,Rafael Leão,block,regular,3148,13.8,36.6,0,0,49.3,19.0,11.2,39.2,0.0
13981517,Milan,Samuele Ricci,save,assisted,3086,21.8,51.3,0,0,52.4,13.9,1.6,50.9,0.0
13981517,Milan,Christopher Nkunku,post,corner,2977,2.9,48.1,0,0,55.2,8.9,,,
13981517,Milan,Rafael Leão,save,fast-break,2922,10.8,33.6,0,0,52.7,19.0,1.4,47.5,0.0
13981517,Milan,Youssouf Fofana,save,regular,2795,9.5,49.3,0,0,50.9,4.4,3.8,49.5,0.0
13981517,Milan,Samuele Ricci,miss,regular,2714,24.3,42.3,0,0,58.7,18.1,,,
13981517,Milan,Rafael Leão,miss,assisted,2716,27.2,48.1,0,0,35.1,75.0,,,
13981517,Milan,Youssouf Fofana,miss,fast-break,2664,9.2,53.4,0,0,58.0,29.2,,,
13981517,Milan,Christopher Nkunku,save,assisted,2606,15.3,67.5,0,0,48.4,25.3,1.5,53.2,0.0
13981517,Milan,Strahinja Pavlović,goal,fast-break,2324,7.0,46.6,0,0,49.7,3.2,,,
13981517,Milan,Matteo Gabbia,miss,corner,2253,4.0,44.8,0,0,55.0,83.3,,,
13981517,Roma,Evan Ndicka,miss,set-piece,2135,11.4,57.7,0,0,38.3,16.7,,,
13981517,Roma,Paulo Dybala,miss,fast-break,1862,21.8,40.5,0,0,53.4,90.3,,,
13981517,Roma,Matías Soulé,save,set-piece,1705,20.9,54.4,0,0,54.2,2.5,1.9,50.4,0.0
13981517,Milan,Rafael Leão,block,fast-break,1578,6.1,30.7,0,0,50.8,19.0,4.7,34.9,0.0
13981517,Roma,Neil El Aynaoui,miss,assisted,1476,14.7,45.8,0,0,40.3,6.9,,,
13981517,Milan,Strahinja Pavlović,miss,corner,1195,3.6,41.7,0,0,63.2,19.4,,,
13981517,Roma,Wesley,save,assisted,1136,13.3,33.4,0,0,49.7,5.7,1.2,48.6,0.0
13981517,Roma,Matías Soulé,miss,assisted,1107,9.7,61.5,0,0,39.7,37.5,,,
13981517,Roma,Paulo Dybala,miss,fast-break,1004,13.0,40.7,0,0,41.2,41.7,,,
13981517,Roma,Wesley,save,assisted,847,8.0,30.9,0,0,52.0,19.6,1.1,47.3,0.0
13981517,Roma,Evan Ndicka,miss,set-piece,560,8.5,48.7,0,0,57.6,13.9,,,
13981517,Roma,Neil El Aynaoui,save,regular,377,24.4,53.6,0,0,49.0,18.4,1.5,50.2,0.0
13981517,Roma,Bryan Cristante,miss,assisted,50,15.6,50.3,0,0,43.0,2.8,,,
13981518,Hellas Verona,Abdou Harroui,block,assisted,5697,28.4,63.2,0,0,50.0,19.0,21.4,59.9,0.0
13981518,Inter,Martin Frese,goal,regular,5579,10.1,49.7,0,0,53.4,3.8,,,
13981518,Inter,Davide Frattesi,miss,corner,5363,8.8,58.8,0,0,43.2,20.8,,,
13981518,Inter,Nicolò Barella,miss,corner,5196,19.7,61.7,0,0,59.0,8.3,,,
13981518,Inter,Francesco Pio Esposito,miss,corner,5053,11.6,40.9,0,0,56.0,73.6,,,
13981518,Inter,Hakan Çalhanoğlu,block,corner,5040,24.1,58.1,0,0,47.9,19.0,22.0,57.6,0.0
13981518,Inter,Lautaro Martínez,block,assisted,5006,10.2,46.4,0,0,52.4,19.0,8.8,46.6,0.0
13981518,Inter,Hakan Çalhanoğlu,block,assisted,4892,26.9,64.0,0,0,49.2,19.0,22.7,61.9,0.0
13981518,Inter,Federico Dimarco,save,assisted,4405,3.2,32.5,0,0,50.6,17.1,0.3,46.6,0.0
13981518,Inter,Francesco Pio Esposito,miss,assisted,4313,8.8,59.7,0,0,48.9,65.3,,,
13981518,Inter,Hakan Çalhanoğlu,block,set-piece,3930,23.7,57.0,0,0,50.6,19.0,20.5,56.0,0.0
13981518,Inter,Hakan Çalhanoğlu,block,free-kick,3927,27.7,62.2,0,0,50.2,19.0,16.6,57.2,0.0
13981518,Inter,Hakan Çalhanoğlu,miss,throw-in-set-piece,3143,14.4,34.4,0,0,38.8,9.7,,,
13981518,Inter,Lautaro Martínez,block,regular,2866,19.4,69.9,0,0,50.4,19.0,15.9,66.2,0.0
13981518,Hellas Verona,Gift Orban,post,assisted,2839,6.5,57.7,0,0,55.2,1.3,,,
13981518,Hellas Verona,Giovane,goal,fast-break,2345,12.2,68.2,0,0,52.6,25.9,,,
13981518,Hellas Verona,Gift Orban,miss,assisted,2263,5.7,67.6,0,0,42.7,20.8,,,
13981518,Inter,Yann Bisseck,block,corner,1852,7.2,53.4,0,0,50.7,19.0,6.3,52.9,0.0
13981518,Hellas Verona,Martin Frese,save,corner,1718,6.7,61.7,0,0,48.2,23.4,0.90000000000001,52.7,0.0
13981518,Hellas Verona,Giovane,block,assisted,1682,26.3,66.4,0,0,51.6,19.0,23.7,64.6,0.0
13981518,Inter,Carlos Augusto,block,regular,1555,8.7,32.8,0,0,51.0,19.0,7.6,34.8,0.0
13981518,Inter,Alessandro Bastoni,save,assisted,1552,11.2,48.3,0,0,52.2,15.8,1.2,51.1,0.0
13981518,Hellas Verona,Domagoj Bradarić,miss,regular,1411,8.2,40.5,0,0,21.8,11.1,6.7,59.4,0.0
13981518,Hellas Verona,Rafik Belghali,miss,assisted,1247,18.2,59.3,0,0,44.5,63.9,,,
13981518,Inter,Piotr Zieliński,goal,corner,939,19.0,52.2,0,0,52.7,31.0,,,
13981518,Inter,Lautaro Martínez,block,assisted,724,19.4,51.0,0,0,50.3,19.0,17.7,50.9,0.0
13981518,Inter,Lautaro Martínez,save,assisted,685,16.4,54.0,0,0,48.6,3.8,0.5,51.6,0.0
13981518,Inter,Ange-Yoan Bonny,miss,corner,452,7.3,55.1,0,0,39.7,22.2,,,
13981518,Inter,Lautaro Martínez,save,assisted,395,11.1,66.7,0,0,53.8,19.0,0.59999999999999,47.3,0.0
13981518,Inter,Piotr Zieliński,save,assisted,170,8.3,26.2,0,0,49.9,5.1,1.1,44.4,0.0
13981523,Udinese,Keinan Davis,block,assisted,5474,13.8,41.8,0,0,48.5,19.0,12.1,43.0,0.0
13981523,Udinese,Arthur Atta,block,assisted,5282,14.3,56.2,0,0,49.7,19.0,11.1,54.9,0.0
13981523,Udinese,Vakoun Bayo,save,corner,5083,7.1,52.3,0,0,45.9,20.9,1.0,51.3,0.0
13981523,Roma,Stephan El Shaarawy,save,assisted,4706,6.2,28.5,0,0,45.8,2.5,0.59999999999999,45.7,0.0
13981523,Roma,Tommaso Baldanzi,block,assisted,4643,11.8,62.7,0,0,49.4,19.0,10.3,61.2,0.0
13981523,Udinese,Nicolò Zaniolo,save,regular,4318,13.2,51.5,0,0,51.8,17.7,7.1,50.7,0.0
13981523,Roma,Zeki Çelik,goal,assisted,3636,8.8,65.4,0,0,51.6,26.6,,,
13981523,Udinese,Jesper Karlström,block,fast-break,3565,6.3,64.6,0,0,47.9,19.0,5.4,62.8,0.0
13981523,Udinese,Adam Buksa,save,regular,3032,18.6,51.1,0,0,50.4,25.9,1.9,50.2,0.0
13981523,Roma,Tommaso Baldanzi,block,assisted,2601,14.2,44.8,0,0,50.4,19.0,11.1,45.8,0.0
13981523,Udinese,Jesper Karlström,block,regular,2584,29.3,53.8,0,0,51.7,19.0,27.3,53.4,0.0
13981523,Roma,Lorenzo Pellegrini,goal,penalty,2494,11.5,50.0,0,0,46.9,1.3,,,
13981523,Udinese,Jesper Karlström,block,set-piece,2089,13.0,52.5,0,0,48.2,19.0,10.3,52.3,0.0
13981523,Udinese,Hassane Kamara,save,set-piece,2085,33.9,31.6,0,0,50.0,21.5,1.4,49.3,0.0
13981523,Roma,Bryan Cristante,block,regular,1755,19.1,51.5,0,0,49.7,19.0,15.3,51.3,0.0
13981523,Roma,Artem Dovbyk,block,assisted,1752,12.3,37.6,0,0,51.2,19.0,11.0,38.8,0.0
13981523,Udinese,Arthur Atta,miss,fast-break,1541,11.7,68.7,0,0,59.8,5.6,,,
13981523,Roma,Lorenzo Pellegrini,miss,regular,1369,14.3,51.0,0,0,39.0,8.3,,,
13981523,Roma,Matías Soulé,block,assisted,1367,21.3,69.5,0,0,48.1,19.0,19.5,68.1,0.0
13981523,Roma,Zeki Çelik,miss,assisted,1231,7.0,52.3,0,0,57.1,5.6,,,
13981523,Roma,Lorenzo Pellegrini,block,regular,1224,15.0,47.9,0,0,48.2,19.0,13.2,48.4,0.0
13981523,Roma,Manu Koné,save,assisted,753,9.3,36.6,0,0,51.9,1.3,1.1,47.5,0.0
13981523,Roma,Manu Koné,block,regular,751,14.8,34.6,0,0,48.2,19.0,4.5,46.6,0.0
13981531,Juventus,Loïs Openda,miss,assisted,5522,14.1,26.8,0,0,39.2,13.9,,,
13981531,Juventus,Kenan Yıldız,save,assisted,4919,13.3,25.2,0,0,47.2,26.6,2.0,44.8,0.0
13981531,Torino,Che Adams,block,assisted,4883,9.2,61.1,0,0,47.2,19.0,4.5,56.9,0.0
13981531,Juventus,Edon Zhegrova,block,assisted,4652,19.7,69.1,0,0,49.4,19.0,13.2,63.0,0.0
13981531,Juventus,Federico Gatti,miss,corner,4616,8.6,58.2,0,0,62.5,15.3,3.6,46.6,0.0
13981531,Juventus,Jonathan David,block,assisted,4561,13.1,28.3,0,0,49.3,19.0,9.8,33.9,0.0
13981531,Juventus,Jonathan David,block,assisted,4545,11.9,28.2,0,0,51.6,19.0,10.3,30.9,0.0
13981531,Juventus,Weston McKennie,miss,corner,4459,6.4,46.7,0,0,34.8,6.9,3.2,53.4,0.0
13981531,Juventus,Kenan Yıldız,block,assisted,4444,18.5,35.2,0,0,50.1,19.0,11.2,41.0,0.0
13981531,Juventus,Kenan Yıldız,save,assisted,4327,13.7,27.6,0,0,50.3,19.0,2.2,46.0,0.0
13981531,Torino,Kristjan Asllani,miss,assisted,4213,14.7,61.5,0,0,51.1,56.9,,,
13981531,Juventus,Weston McKennie,save,assisted,4042,9.7,52.3,0,0,49.0,17.1,2.4,50.4,0.0
13981531,Juventus,Jonathan David,save,fast-break,3990,2.5,40.3,0,0,52.8,1.9,1.5,43.3,0.0
13981531,Juventus,Edon Zhegrova,block,assisted,3889,8.9,72.8,0,0,46.7,19.0,7.5,69.7,0.0
13981531,Torino,Che Adams,save,regular,3717,14.5,46.2,0,0,48.4,2.5,3.1,49.1,0.0
13981531,Torino,Giovanni Simeone,save,assisted,3587,13.7,45.6,0,0,50.1,23.4,2.2,50.0,0.0
13981531,Torino,Che Adams,miss,regular,3399,4.3,43.6,0,0,60.8,9.7,,,
13981531,Torino,Giovanni Simeone,block,assisted,3397,14.6,59.1,0,0,50.1,19.0,13.1,58.1,0.0
13981531,Torino,Che Adams,miss,fast-break,2998,54.0,45.6,0,0,37.8,15.3,,,
13981531,Juventus,Kenan Yıldız,block,assisted,2960,12.5,38.3,0,0,51.0,19.0,10.9,39.7,0.0
13981531,Juventus,Dušan Vlahović,save,assisted,2673,9.5,50.7,0,0,52.2,22.8,7.7,50.5,0.0
13981531,Juventus,Francisco Conceição,miss,assisted,2417,13.1,74.2,0,0,57.5,6.9,,,
13981531,Juventus,Dušan Vlahović,miss,assisted,2265,19.4,45.7,0,0,37.8,19.4,11.0,51.8,0.0
13981531,Juventus,Weston McKennie,block,assisted,2260,15.2,51.1,0,0,52.4,19.0,13.6,50.7,0.0
13981531,Juventus,Khéphren Thuram,save,regular,1797,21.4,46.9,0,0,49.2,13.3,7.7,49.1,0.0
13981531,Juventus,Dušan Vlahović,block,assisted,1556,8.5,57.0,0,0,49.3,19.0,7.1,56.0,0.0
13981531,Torino,Saúl Coco,save,throw-in-set-piece,1387,8.9,50.8,0,0,50.1,15.8,2.3,50.4,0.0
13981531,Juventus,Manuel Locatelli,miss,regular,387,23.5,64.2,0,0,50.1,84.7,,,
13981531,Juventus,Francisco Conceição,block,assisted,384,12.0,64.0,0,0,53.5,19.0,4.0,51.1,0.0
13981531,Juventus,Manuel Locatelli,block,assisted,46,20.3,44.4,0,0,48.7,19.0,17.1,45.5,0.0
13981529,Cagliari,Zito Luvumbo,save,regular,5212,6.7,34.6,0,0,48.9,16.5,5.1,37.5,0.0
13981529,Como,Jesús Rodriguez,save,corner,3477,5.3,27.9,0,0,47.1,17.1,0.59999999999999,44.9,0.0
13981529,Como,Nico Paz,save,assisted,3435,30.2,45.4,0,0,45.8,7.0,3.1,49.6,0.0
13981529,Como,Álvaro Morata,save,corner,3195,3.1,50.4,0,0,49.8,19.6,0.5,49.6,0.0
13981529,Como,Ivan Smolčić,miss,corner,3193,8.9,61.2,0,0,63.2,13.9,3.5,49.3,0.0
13981529,Como,Nico Paz,save,assisted,2788,24.7,58.7,0,0,53.1,24.7,1.6,50.4,0.0
13981529,Como,Nico Paz,block,assisted,2850,25.6,44.2,0,0,51.1,19.0,20.6,45.1,0.0
13981529,Cagliari,Michael Folorunsho,miss,fast-break,2762,6.9,55.2,0,0,41.3,1.4,,,
13981529,Como,Álex Valle,block,assisted,2368,9.5,43.8,0,0,49.1,19.0,7.7,45.1,0.0
13981529,Cagliari,Mattia Felici,save,assisted,2317,9.7,30.9,0,0,47.1,5.1,1.8,44.8,0.0
13981529,Como,Jacobo Ramón,miss,corner,2291,9.5,48.7,0,0,6.2,36.1,10.1,75.6,0.0
13981529,Como,Nico Paz,save,corner,2250,24.0,49.9,0,0,53.4,17.7,1.2,50.0,0.0
13981529,Como,Jayden Addai,save,assisted,1909,22.2,73.9,0,0,46.8,13.3,4.0,52.7,0.0
13981529,Cagliari,Mattia Felici,miss,assisted,784,9.3,49.1,0,0,67.2,48.6,,,
13981528,Milan,Luka Modrić,save,regular,5399,19.1,54.6,0,0,51.9,4.4,1.9,51.3,0.0
13981528,Milan,Alexis Saelemaekers,miss,fast-break,4873,10.8,55.8,0,0,42.5,73.6,,,
13981528,Milan,Alexis Saelemaekers,miss,regular,4728,5.2,58.3,0,0,41.5,20.8,,,
13981528,Parma,Mandela Keita,miss,corner,4670,26.5,60.5,0,0,0.3,6.9,19.7,67.9,0.0
13981528,Milan,Christian Pulišić,miss,assisted,4547,13.5,49.6,0,0,43.5,2.8,,,
13981528,Milan,Matteo Gabbia,miss,corner,3928,11.0,48.7,0,0,58.3,13.9,,,
13981528,Parma,Enrico Delprato,goal,throw-in-set-piece,3674,3.6,55.8,0,0,49.0,8.2,,,
13981528,Parma,Mateo Pellegrino,post,assisted,3654,13.8,54.6,0,0,44.7,36.7,,,
13981528,Parma,Adrián Bernabé,miss,fast-break,3430,12.7,59.6,0,0,59.7,80.6,,,
13981528,Parma,Enrico Delprato,miss,throw-in-set-piece,3363,4.9,55.5,0,0,62.0,11.1,,,
13981528,Parma,Enrico Delprato,save,throw-in-set-piece,3165,2.5,41.4,0,0,53.6,3.2,0.59999999999999,45.5,0.0
13981528,Parma,Adrián Bernabé,goal,assisted,2752,14.5,72.4,0,0,53.7,27.2,,,
13981528,Milan,Christopher Nkunku,save,assisted,2669,13.6,58.5,0,0,47.8,19.0,1.5,52.5,0.0
13981528,Parma,Abdoulaye Ndiaye,miss,assisted,2390,31.9,36.2,0,0,72.8,1.4,,,
13981528,Parma,Enrico Delprato,save,throw-in-set-piece,2284,7.0,55.0,0,0,51.6,12.7,1.5,52.3,0.0
13981528,Milan,Luka Modrić,save,assisted,2209,21.2,60.7,0,0,47.1,5.1,2.0,51.8,0.0
13981528,Parma,Abdoulaye Ndiaye,miss,throw-in-set-piece,1770,28.6,59.7,0,0,33.1,6.9,23.2,60.8,0.0
13981528,Milan,Rafael Leão,goal,penalty,1491,11.5,50.0,0,0,54.2,2.5,,,
13981528,Parma,Oliver Sørensen,block,corner,1003,16.0,43.4,0,0,51.2,19.0,6.7,47.1,0.0
13981528,Parma,Patrick Cutrone,block,throw-in-set-piece,970,6.9,42.1,0,0,52.1,19.0,5.0,43.7,0.0
13981528,Milan,Alexis Saelemaekers,goal,assisted,715,23.4,62.8,0,0,53.3,4.4,,,
13981528,Parma,Mateo Pellegrino,block,regular,25,22.1,38.9,0,0,47.2,19.0,18.5,41.2,0.0
13981528,Parma,Patrick Cutrone,block,assisted,22,20.4,45.0,0,0,50.0,19.0,17.0,45.8,0.0
13981525,Cremonese,Tommaso Barbieri,block,throw-in-set-piece,5194,13.6,38.3,0,0,50.4,19.0,6.3,43.0,0.0
13981525,Pisa,Simone Canestrelli,miss,set-piece,4730,4.9,55.4,0,0,52.6,52.8,,,
13981525,Pisa,M'Bala Nzola,miss,assisted,4632,8.0,53.6,0,0,58.3,9.7,,,
13981525,Pisa,Idrissa Touré,goal,assisted,4488,7.0,49.0,0,0,45.7,13.3,,,
13981525,Cremonese,Federico Baschirotto,save,corner,4236,6.9,42.1,0,0,51.3,34.2,0.2,47.3,0.0
13981525,Cremonese,Jamie Vardy,save,fast-break,4151,15.1,71.0,0,0,48.4,17.1,0.7,53.4,0.0
13981525,Cremonese,Warren Bondo,miss,assisted,4071,19.1,50.0,0,0,38.7,15.3,,,
13981525,Cremonese,Franco Vázquez,save,corner,3717,5.7,64.4,0,0,46.4,3.2,0.90000000000001,54.2,0.0
13981525,Cremonese,Tommaso Barbieri,miss,assisted,3629,5.2,58.7,0,0,89.6,16.7,,,
13981525,Cremonese,Franco Vázquez,post,assisted,3627,15.0,73.5,0,0,53.2,40.5,,,
13981525,Pisa,Antonio Caracciolo,save,corner,3543,11.5,43.7,0,0,49.7,21.5,1.4,49.3,0.0
13981525,Pisa,M'Bala Nzola,save,assisted,3505,4.8,75.7,0,0,47.4,13.9,4.2,73.5,0.0
13981525,Pisa,M'Bala Nzola,miss,assisted,3163,13.4,27.1,0,0,60.0,91.7,,,
13981525,Pisa,Stefano Moreo,miss,set-piece,3045,5.1,35.4,0,0,57.6,68.1,,,
13981525,Pisa,Isak Vural,miss,throw-in-set-piece,2739,10.7,43.4,0,0,52.1,73.6,,,
13981525,Cremonese,Mikayil Faye,block,set-piece,2575,17.6,33.5,0,0,50.0,19.0,9.4,41.2,0.0
13981525,Cremonese,Franco Vázquez,miss,corner,2142,14.1,36.5,0,0,30.8,87.5,,,
13981525,Cremonese,Jari Vandeputte,block,regular,1935,17.6,52.2,0,0,53.4,19.0,9.0,49.5,0.0
13981525,Cremonese,Jamie Vardy,block,assisted,1933,14.1,54.5,0,0,51.0,19.0,12.3,53.8,0.0
13981525,Pisa,Ebenezer Akinsanmiro,save,assisted,1394,25.7,52.7,0,0,48.3,3.2,1.1,50.2,0.0
13981525,Pisa,Idrissa Touré,miss,assisted,1352,2.0,58.7,0,0,43.0,23.6,,,
13981525,Pisa,Antonio Caracciolo,save,set-piece,1302,7.6,62.1,0,0,48.4,24.1,1.2,52.9,0.0
13981525,Cremonese,Franco Vázquez,miss,corner,859,5.0,66.7,0,0,53.8,79.2,,,
13981525,Cremonese,Franco Vázquez,miss,fast-break,821,18.3,48.3,0,0,56.5,15.3,0.7,43.1,0.0
13981525,Pisa,M'Bala Nzola,save,regular,595,26.0,54.0,0,0,48.3,1.9,1.6,49.6,0.0
13981525,Pisa,Idrissa Touré,miss,regular,163,3.3,65.5,0,0,43.2,52.8,,,
13981526,Lecce,Francesco Camarda,block,regular,5019,11.4,37.8,0,0,50.7,19.0,9.8,39.4,0.0
13981526,Lecce,Riccardo Sottil,save,regular,5015,20.4,35.4,0,0,51.4,20.3,1.5,49.5,0.0
13981526,Lecce,Francesco Camarda,save,assisted,4937,22.5,60.7,0,0,50.3,8.2,1.8,51.8,0.0
13981526,Hellas Verona,Martin Frese,miss,assisted,4533,7.3,47.0,0,0,61.3,12.5,,,
13981526,Lecce,Tiago Gabriel,block,corner,4323,9.5,48.0,0,0,51.5,19.0,8.1,48.1,0.0
13981526,Hellas Verona,Rafik Belghali,save,assisted,4051,7.1,51.0,0,0,52.9,20.9,1.1,49.5,0.0
13981526,Lecce,Nikola Štulić,save,fast-break,3868,19.4,43.6,0,0,49.8,5.7,1.9,49.5,0.0
13981526,Lecce,Medon Berisha,save,fast-break,2420,46.6,14.8,0,0,47.3,23.4,14.9,45.8,0.0
13981526,Hellas Verona,Gift Orban,save,assisted,1671,5.7,66.7,0,0,49.6,14.6,1.4,54.9,0.0
13981526,Lecce,Lameck Banda,save,fast-break,1391,19.5,35.0,0,0,48.1,24.7,1.6,48.2,0.0
13981526,Hellas Verona,Rafik Belghali,miss,regular,1144,3.0,66.2,0,0,43.5,29.2,,,
13981526,Hellas Verona,Abdou Harroui,block,assisted,996,24.0,47.4,0,0,51.0,19.0,14.9,48.0,0.0
13981526,Lecce,Tete Morente,block,assisted,896,10.9,61.8,0,0,49.5,19.0,9.8,60.6,0.0
13981526,Lecce,Medon Berisha,miss,assisted,809,8.9,66.7,0,0,43.5,19.4,,,
13981526,Lecce,Medon Berisha,block,regular,560,22.8,43.0,0,0,50.4,19.0,19.4,44.0,0.0
13981526,Lecce,Lameck Banda,save,assisted,327,8.9,34.4,0,0,50.4,2.5,1.5,47.1,0.0
13981530,Genoa,Patrizio Masini,save,throw-in-set-piece,5441,11.7,56.4,0,0,51.6,13.3,1.4,52.0,0.0
13981530,Fiorentina,Roberto Piccoli,save,assisted,4405,11.6,64.4,0,0,50.6,24.1,1.1,52.9,0.0
13981530,Genoa,Lorenzo Colombo,goal,set-piece,3570,11.6,37.6,0,0,50.0,3.8,,,
13981530,Genoa,Leo Østigård,save,set-piece,3566,4.5,42.7,0,0,51.3,24.7,4.0,43.3,0.0
13981530,Genoa,Morten Thorsby,miss,set-piece,3565,14.1,50.5,0,0,65.7,5.6,4.9,45.1,0.0
13981530,Fiorentina,Roberto Piccoli,goal,assisted,3409,12.5,45.2,0,0,47.2,10.8,,,
13981530,Fiorentina,Niccolò Fortini,block,corner,3142,25.4,55.2,0,0,48.0,19.0,18.5,54.3,0.0
13981530,Genoa,Johan Vásquez,miss,corner,3068,8.8,51.1,0,0,50.1,80.6,,,
13981530,Genoa,Lorenzo Colombo,save,penalty,2989,11.5,50.0,0,0,46.8,1.9,0.5,50.0,0.0
13981530,Fiorentina,Niccolò Fortini,block,regular,2758,20.7,42.5,0,0,50.8,19.0,17.7,43.5,0.0
13981530,Genoa,Lorenzo Colombo,miss,assisted,2641,8.2,57.5,0,0,32.1,62.5,,,
13981530,Genoa,Alessandro Marcandalli,save,corner,2562,8.8,48.1,0,0,50.7,20.3,0.90000000000001,49.3,0.0
13981530,Genoa,Vitinha,block,regular,1701,28.2,55.2,0,0,50.3,19.0,26.9,54.9,0.0
13981530,Fiorentina,Albert Guðmundsson,goal,penalty,1148,11.5,50.0,0,0,47.0,20.9,,,
13981530,Fiorentina,Roberto Piccoli,miss,assisted,1015,9.4,56.4,0,0,79.7,9.7,9.0,55.4,0.0
13981530,Genoa,Leo Østigård,goal,set-piece,842,8.0,47.9,0,0,45.9,8.9,,,
13981530,Fiorentina,Pablo Marí,miss,corner,293,16.7,34.2,0,0,52.8,98.6,,,
13981521,Atalanta,Gianluca Scamacca,miss,assisted,5333,24.4,69.1,0,0,43.2,81.9,,,
13981521,Atalanta,Gianluca Scamacca,miss,corner,5223,18.4,45.0,0,0,51.3,72.2,,,
13981521,Atalanta,Nicola Zalewski,miss,assisted,5085,12.1,33.1,0,0,43.0,8.3,,,
13981521,Atalanta,Gianluca Scamacca,miss,free-kick,4748,26.1,52.7,0,0,51.6,84.7,,,
13981521,Sassuolo,Domenico Berardi,goal,assisted,3906,13.7,54.3,0,0,53.2,8.9,,,
13981521,Sassuolo,Kristian Thorstvedt,miss,regular,3316,8.6,56.6,0,0,42.4,27.8,,,
13981521,Atalanta,Nikola Krstović,miss,assisted,3264,8.3,41.3,0,0,41.2,2.8,,,
13981521,Atalanta,Ademola Lookman,block,assisted,3144,15.1,33.1,0,0,50.8,15.3,13.4,34.5,0.0
13981521,Atalanta,Nikola Krstović,block,assisted,3120,7.8,52.2,0,0,48.7,18.1,6.2,51.3,0.0
13981521,Sassuolo,Fali Candé,miss,fast-break,3059,27.1,31.9,0,0,59.8,84.7,,,
13981521,Atalanta,Davide Zappacosta,block,corner,3046,26.5,35.8,0,0,50.1,19.4,12.5,43.5,0.0
13981521,Atalanta,Ademola Lookman,save,assisted,3017,20.3,38.5,0,0,51.1,13.3,1.9,49.3,0.0
13981521,Atalanta,Lazar Samardžić,miss,assisted,2857,22.2,43.9,0,0,52.3,75.0,,,
13981521,Sassuolo,Andrea Pinamonti,goal,fast-break,2782,10.1,45.1,0,0,46.7,22.2,,,
13981521,Atalanta,Mario Pašalić,miss,assisted,2449,6.0,54.2,0,0,39.8,9.7,,,
13981521,Sassuolo,Fali Candé,miss,assisted,2296,14.1,46.6,0,0,34.3,95.8,,,
13981521,Atalanta,Davide Zappacosta,block,assisted,2081,13.5,28.0,0,0,52.8,13.9,3.5,43.7,0.0
13981521,Sassuolo,Domenico Berardi,goal,penalty,1731,11.5,50.0,0,0,46.6,6.3,,,
13981521,Atalanta,Nikola Krstović,block,assisted,612,19.1,53.1,0,0,51.5,19.0,17.5,52.7,0.0
13981521,Atalanta,Ademola Lookman,save,regular,476,12.9,44.0,0,0,48.1,19.0,2.2,50.5,0.0
13981521,Sassuolo,Nemanja Matić,save,regular,217,34.0,70.9,0,0,49.0,15.2,4.4,51.6,0.0
13981521,Sassuolo,Kristian Thorstvedt,block,fast-break,40,13.9,51.7,0,0,52.6,5.6,12.0,51.3,0.0
13981519,Bologna,Federico Bernardeschi,miss,assisted,5348,18.9,40.3,0,0,37.1,61.1,,,
13981519,Bologna,Juan Miranda,block,assisted,5085,2.7,33.8,0,0,53.6,19.0,2.3,35.7,0.0
13981519,Bologna,Federico Bernardeschi,miss,set-piece,4338,22.3,59.1,0,0,48.6,90.3,,,
13981519,Bologna,Nicolò Cambiaghi,block,set-piece,4334,24.3,24.7,0,0,49.2,19.0,11.0,39.0,0.0
13981519,Napoli,Scott McTominay,block,free-kick,4118,21.3,69.6,0,0,51.3,19.0,13.8,62.3,0.0
13981519,Bologna,Jhon Lucumí,goal,set-piece,3946,5.7,51.9,0,0,46.8,25.3,,,
13981519,Bologna,Riccardo Orsolini,save,set-piece,3448,8.9,77.1,0,0,46.4,23.4,0.5,54.2,0.0
13981519,Bologna,Thijs Dallinga,goal,assisted,2952,3.8,42.5,0,0,53.2,17.7,,,
13981519,Napoli,Scott McTominay,miss,corner,2956,8.3,50.8,0,0,0.7,12.5,6.7,60.1,0.0
13981519,Bologna,Thijs Dallinga,miss,assisted,2047,10.8,51.8,0,0,39.2,20.8,,,
13981519,Bologna,Jonathan Rowe,save,assisted,1904,28.2,45.0,0,0,52.8,13.9,1.9,47.5,0.0
13981519,Bologna,Jhon Lucumí,miss,corner,1284,6.0,54.2,0,0,44.2,61.1,,,
13981519,Bologna,Jonathan Rowe,block,assisted,1167,27.7,41.1,0,0,50.9,19.0,25.0,41.9,0.0
13981519,Napoli,Eljif Elmas,save,fast-break,1133,20.8,33.3,0,0,47.2,9.5,2.7,47.3,0.0
13981519,Napoli,Rasmus Højlund,block,assisted,993,20.6,41.2,0,0,52.0,19.0,18.0,42.1,0.0
13981527,Lazio,Luca Pellegrini,save,assisted,5195,3.6,37.0,0,0,51.3,21.5,2.2,42.4,0.0
13981527,Lazio,Tijjani Noslin,save,assisted,4967,14.1,27.3,0,0,51.9,4.4,1.5,47.7,0.0
13981527,Inter,Carlos Augusto,save,assisted,4688,6.6,73.8,0,0,49.1,0.6,1.6,54.9,0.0
13981527,Lazio,Mario Gila Fuentes,save,set-piece,4611,8.9,45.2,0,0,50.0,19.0,0.90000000000001,48.7,0.0
13981527,Lazio,Pedro,miss,assisted,4418,20.1,64.6,0,0,59.2,12.5,,,
13981527,Inter,Ange-Yoan Bonny,goal,assisted,3660,3.6,51.6,0,0,48.7,10.8,,,
13981527,Inter,Lautaro Martínez,miss,assisted,3430,14.4,51.9,0,0,40.8,68.1,,,
13981527,Lazio,Mattéo Guendouzi,save,assisted,3128,18.4,55.4,0,0,53.1,0.6,2.3,50.9,0.0
13981527,Lazio,Gustav Isaksen,miss,set-piece,1984,28.8,56.0,0,0,38.8,4.2,15.7,58.5,0.0
13981527,Lazio,Gustav Isaksen,save,assisted,1726,26.0,60.1,0,0,49.7,22.8,1.6,50.7,0.0
13981527,Inter,Manuel Akanji,miss,assisted,1685,18.9,64.5,0,0,49.9,56.9,,,
13981527,Inter,Petar Sučić,miss,fast-break,1448,11.7,38.4,0,0,42.7,4.2,,,
13981527,Lazio,Mattia Zaccagni,miss,assisted,1037,18.5,50.5,0,0,48.7,83.3,,,
13981527,Inter,Lautaro Martínez,miss,set-piece,479,2.3,51.3,0,0,49.4,55.6,,,
13981527,Inter,Lautaro Martínez,goal,assisted,124,12.5,30.4,0,0,47.3,28.5,,,
13981527,Inter,Nicolò Barella,block,regular,66,12.8,59.4,0,0,46.6,19.0,11.6,58.8,0.0
13981538,Inter,Marcus Thuram,block,assisted,5510,22.1,30.6,0,0,50.1,19.0,20.7,31.9,0.0
13981538,Inter,Ange-Yoan Bonny,miss,assisted,5311,18.2,47.0,0,0,50.9,86.1,,,
13981538,Inter,Andy Diouf,save,assisted,5247,25.0,59.3,0,0,51.0,7.6,2.2,51.1,0.0
13981538,Inter,Francesco Acerbi,miss,corner,4854,3.6,48.5,0,0,35.5,5.6,1.5,58.1,0.0
13981538,Inter,Federico Dimarco,save,regular,4475,10.7,26.8,0,0,54.2,1.9,1.2,47.7,0.0
13981538,Inter,Hakan Çalhanoğlu,save,penalty,4382,11.5,50.0,0,0,53.0,9.5,0.5,50.0,0.0
13981538,Milan,Youssouf Fofana,save,assisted,4073,11.4,71.4,0,0,52.3,3.2,1.2,53.2,0.0
13981538,Inter,Alessandro Bastoni,miss,assisted,3504,12.8,33.6,0,0,46.9,81.9,,,
13981538,Inter,Hakan Çalhanoğlu,block,regular,3483,28.8,58.7,0,0,50.8,19.0,5.1,50.9,0.0
13981538,Milan,Christian Pulišić,goal,fast-break,3192,3.6,44.6,0,0,52.4,12.7,,,
13981538,Milan,Alexis Saelemaekers,save,fast-break,3190,21.6,62.4,0,0,53.2,0.6,3.3,52.9,0.0
13981538,Inter,Marcus Thuram,save,assisted,3051,14.4,31.9,0,0,48.1,19.6,2.5,46.9,0.0
13981538,Inter,Nicolò Barella,block,assisted,2950,10.4,65.8,0,0,50.0,19.0,9.4,64.2,0.0
13981538,Milan,Christian Pulišić,miss,regular,2588,23.7,48.1,0,0,43.0,15.3,,,
13981538,Milan,Alexis Saelemaekers,miss,regular,2414,16.1,63.6,0,0,58.5,93.1,,,
13981538,Inter,Lautaro Martínez,save,throw-in-set-piece,2188,12.3,52.8,0,0,47.3,5.7,1.2,49.5,0.0
13981538,Inter,Carlos Augusto,block,assisted,2146,10.8,67.9,0,0,49.0,19.0,9.1,65.2,0.0
13981538,Inter,Hakan Çalhanoğlu,miss,assisted,1739,20.1,56.8,0,0,63.9,27.8,,,
13981538,Inter,Francesco Acerbi,post,corner,1587,3.9,41.3,0,0,55.4,32.3,,,
13981538,Milan,Youssouf Fofana,miss,assisted,1447,25.3,53.4,0,0,62.7,83.3,,,
13981538,Milan,Davide Bartesaghi,miss,regular,930,12.8,34.8,0,0,36.5,9.7,,,
13981538,Inter,Petar Sučić,miss,corner,874,19.2,44.0,0,0,54.8,76.4,,,
13981538,Inter,Federico Dimarco,block,assisted,836,22.5,39.1,0,0,50.3,19.0,19.5,40.5,0.0
13981538,Inter,Lautaro Martínez,block,assisted,830,11.6,49.1,0,0,49.5,19.0,10.3,49.3,0.0
13981538,Inter,Manuel Akanji,miss,corner,746,9.9,43.4,0,0,33.1,11.1,7.7,51.6,0.0
13981538,Inter,Marcus Thuram,save,corner,185,8.8,55.2,0,0,46.4,14.6,1.2,50.7,0.0
13981538,Inter,Nicolò Barella,miss,corner,172,20.4,62.2,0,0,65.4,15.3,10.1,48.9,0.0
13981541,Cremonese,Francesco Folino,goal,corner,5557,7.0,47.2,0,0,52.4,13.9,,,
13981541,Roma,Zeki Çelik,miss,assisted,5411,12.7,78.3,0,0,42.9,86.1,,,
13981541,Cremonese,Franco Vázquez,block,assisted,4296,25.1,51.2,0,0,50.7,19.0,21.2,50.9,0.0
13981541,Roma,Manu Koné,block,assisted,4230,21.0,45.2,0,0,49.4,19.0,17.1,46.2,0.0
13981541,Roma,Wesley,goal,assisted,4101,13.9,35.4,0,0,48.1,5.7,,,
13981541,Cremonese,Federico Bonazzoli,miss,assisted,4028,14.4,63.2,0,0,43.7,4.2,,,
13981541,Roma,Evan Ferguson,goal,assisted,3830,13.0,44.8,0,0,47.1,12.0,,,
13981541,Roma,Matías Soulé,miss,fast-break,3508,18.4,55.4,0,0,57.6,23.6,,,
13981541,Roma,Gianluca Mancini,block,set-piece,3214,5.4,47.1,0,0,52.1,19.0,4.1,47.3,0.0
13981541,Cremonese,Federico Bonazzoli,block,assisted,3066,26.8,45.0,0,0,54.6,20.8,22.7,44.9,0.0
13981541,Cremonese,Tommaso Barbieri,block,throw-in-set-piece,2755,10.5,15.2,0,0,50.7,19.0,6.2,29.2,0.0
13981541,Roma,Tommaso Baldanzi,save,assisted,2483,26.3,59.7,0,0,51.0,3.2,1.9,51.4,0.0
13981541,Roma,Lorenzo Pellegrini,save,throw-in-set-piece,2310,10.8,54.6,0,0,49.3,32.3,2.2,52.0,0.0
13981541,Roma,Zeki Çelik,miss,regular,2251,13.3,57.7,0,0,57.5,90.3,,,
13981541,Cremonese,Jari Vandeputte,save,regular,1796,3.5,41.9,0,0,49.2,7.0,1.5,45.3,0.0
13981541,Cremonese,Jari Vandeputte,save,assisted,1793,10.8,51.2,0,0,49.8,5.7,1.6,51.3,0.0
13981541,Roma,Tommaso Baldanzi,save,assisted,1548,17.2,47.2,0,0,50.6,23.4,2.2,49.6,0.0
13981541,Roma,Matías Soulé,goal,assisted,974,17.6,44.7,0,0,54.0,6.3,,,
13981541,Cremonese,Federico Bonazzoli,save,assisted,851,9.6,45.3,0,0,48.4,3.8,2.0,48.6,0.0
13981541,Cremonese,Martín Payero,miss,assisted,657,23.2,64.2,0,0,40.3,16.7,,,
13981541,Roma,Bryan Cristante,block,assisted,573,22.5,55.8,0,0,51.3,19.0,13.8,53.1,0.0
13981533,Atalanta,Nicola Zalewski,miss,assisted,5623,20.9,39.3,0,0,34.5,51.4,,,
13981533,Napoli,Lorenzo Lucca,block,assisted,5518,13.8,36.9,0,0,52.4,19.0,12.3,38.1,0.0
13981533,Napoli,Matteo Politano,miss,corner,5299,24.0,52.7,0,0,56.8,8.3,9.2,51.4,0.0
13981533,Napoli,Giovanni Di Lorenzo,save,corner,5296,3.9,35.9,0,0,52.6,6.3,0.7,45.8,0.0
13981533,Atalanta,Gianluca Scamacca,miss,assisted,5209,13.1,54.7,0,0,64.0,26.4,,,
13981533,Atalanta,Ademola Lookman,save,assisted,4828,26.3,36.0,0,0,50.5,8.9,2.5,49.3,0.0
13981533,Atalanta,Ademola Lookman,block,assisted,4215,13.9,61.2,0,0,47.6,19.0,11.9,59.9,0.0
13981533,Atalanta,Berat Djimsiti,miss,set-piece,4064,11.4,42.6,0,0,60.7,15.3,,,
13981533,Atalanta,Raoul Bellanova,miss,corner,3968,28.4,64.8,0,0,47.9,86.1,,,
13981533,Atalanta,Gianluca Scamacca,save,assisted,3943,21.3,49.8,0,0,46.1,11.4,2.8,49.1,0.0
13981533,Atalanta,Charles De Ketelaere,miss,assisted,3866,16.7,73.6,0,0,53.9,61.1,,,
13981533,Atalanta,Davide Zappacosta,block,assisted,3659,17.8,31.1,0,0,54.2,19.0,16.6,32.1,0.0
13981533,Atalanta,Gianluca Scamacca,goal,assisted,3109,9.1,54.2,0,0,46.4,12.7,,,
13981533,Atalanta,Charles De Ketelaere,miss,assisted,3060,15.1,34.2,0,0,37.0,1.4,,,
13981533,Napoli,Scott McTominay,save,free-kick,2854,18.7,51.8,0,0,51.2,2.5,2.4,50.7,0.0
13981533,Napoli,Scott McTominay,block,corner,2777,3.2,52.6,0,0,49.3,19.0,2.2,52.0,0.0
13981533,Napoli,Scott McTominay,save,assisted,2745,6.4,66.1,0,0,48.5,17.1,1.1,55.1,0.0
13981533,Napoli,Noa Lang,goal,assisted,2654,2.3,45.8,0,0,51.6,15.2,,,
13981533,Atalanta,Davide Zappacosta,miss,assisted,2601,18.8,69.9,0,0,60.5,16.7,,,
13981533,Napoli,David Neres,goal,assisted,2263,13.6,37.1,0,0,47.4,2.5,,,
13981533,Atalanta,Mario Pašalić,miss,fast-break,2100,18.7,46.6,0,0,42.5,80.6,,,
13981533,Atalanta,Charles De Ketelaere,miss,assisted,1912,21.3,57.6,0,0,59.8,87.5,,,
13981533,Napoli,Scott McTominay,miss,assisted,1737,26.6,44.0,0,0,33.1,69.4,,,
13981533,Napoli,David Neres,goal,assisted,964,12.7,57.1,0,0,52.5,3.8,,,
13981533,Napoli,Giovanni Di Lorenzo,miss,regular,188,7.0,66.0,0,0,42.4,4.2,,,
13981532,Parma,Mateo Pellegrino,save,assisted,5539,27.1,67.3,0,0,48.9,15.2,1.8,52.2,0.0
13981532,Parma,Mateo Pellegrino,goal,regular,4773,14.3,53.6,0,0,51.9,17.7,,,
13981532,Hellas Verona,Daniel Mosquera,miss,fast-break,4317,15.0,34.5,0,0,1.5,2.8,8.6,100.0,0.0
13981532,Parma,Lautaro Valenti,save,free-kick,4221,31.1,46.3,0,0,47.9,3.2,1.0,50.0,0.0
13981532,Hellas Verona,Martin Frese,block,free-kick,4102,25.0,64.3,0,0,49.2,20.8,12.7,56.7,0.0
13981532,Hellas Verona,Giovane,goal,assisted,3861,8.2,52.1,0,0,50.8,19.6,,,
13981532,Parma,Mateo Pellegrino,block,throw-in-set-piece,3844,19.3,55.3,0,0,54.3,9.7,12.4,52.9,0.0
13981532,Parma,Mateo Pellegrino,block,set-piece,3782,13.9,60.0,0,0,53.8,16.7,12.4,58.3,0.0
13981532,Parma,Adrián Bernabé,block,free-kick,3780,24.0,50.5,0,0,46.7,19.0,12.7,49.5,0.0
13981532,Parma,Patrick Cutrone,save,assisted,3683,20.9,61.7,0,0,52.6,5.7,4.1,53.1,0.0
13981532,Hellas Verona,Giovane,save,assisted,3476,24.6,60.7,0,0,52.4,14.6,1.5,52.2,0.0
13981532,Parma,Mateo Pellegrino,block,assisted,3335,12.9,61.2,0,0,49.1,19.0,10.9,59.6,0.0
13981532,Parma,Adrián Bernabé,block,assisted,3030,19.1,50.5,0,0,49.0,19.0,17.5,50.5,0.0
13981532,Parma,Patrick Cutrone,save,regular,3020,14.2,68.4,0,0,50.7,15.8,2.2,53.2,0.0
13981532,Hellas Verona,Gift Orban,block,assisted,2978,19.8,61.1,0,0,52.7,19.0,18.1,59.9,0.0
13981532,Parma,Mandela Keita,save,regular,2957,24.7,68.1,0,0,45.6,2.5,1.5,52.0,0.0
13981532,Parma,Oliver Sørensen,miss,assisted,2922,12.6,48.1,0,0,41.7,12.5,,,
13981532,Hellas Verona,Antoine Bernede,miss,assisted,1794,19.9,33.7,0,0,40.3,62.5,,,
13981532,Parma,Mateo Pellegrino,goal,throw-in-set-piece,1064,7.7,48.8,0,0,50.3,24.1,,,
13981532,Parma,Oliver Sørensen,post,throw-in-set-piece,1063,6.5,50.3,0,0,52.5,39.2,,,
13981532,Parma,Oliver Sørensen,miss,assisted,807,21.6,49.5,0,0,41.3,12.5,,,
13981532,Hellas Verona,Gift Orban,miss,regular,697,12.9,64.6,0,0,41.8,11.1,,,
13981532,Hellas Verona,Gift Orban,block,assisted,696,12.3,66.7,0,0,53.6,4.2,10.7,64.4,0.0
13981532,Hellas Verona,Jean-Daniel Akpa Akpro,block,corner,83,6.0,48.5,0,0,51.2,19.0,4.7,48.6,0.0
13981532,Hellas Verona,Giovane,block,assisted,26,18.5,66.4,0,0,52.1,15.3,10.6,59.6,0.0
13981536,Sassuolo,Kristian Thorstvedt,goal,assisted,5655,5.5,48.3,0,0,53.4,3.2,,,
13981536,Sassuolo,Josh Doig,save,assisted,5564,26.9,34.8,0,0,50.4,28.5,2.3,49.3,0.0
13981536,Sassuolo,Andrea Pinamonti,miss,assisted,5436,8.7,39.2,0,0,45.4,79.2,,,
13981536,Sassuolo,Domenico Berardi,miss,assisted,5304,8.3,62.1,0,0,76.0,19.4,1.9,18.4,0.0
13981536,Sassuolo,Andrea Pinamonti,block,assisted,5205,11.0,57.1,0,0,49.9,19.0,8.9,55.8,0.0
13981536,Sassuolo,Andrea Pinamonti,save,assisted,5149,10.4,36.0,0,0,51.0,1.3,1.5,47.5,0.0
13981536,Sassuolo,Domenico Berardi,miss,assisted,4939,6.6,66.5,0,0,63.2,12.5,2.3,51.1,0.0
13981536,Pisa,Henrik Wendel Meister,goal,fast-break,4824,11.0,35.1,0,0,52.3,13.9,,,
13981536,Sassuolo,Woyo Coulibaly,save,assisted,4198,21.6,65.6,0,0,51.6,8.2,2.2,50.2,0.0
13981536,Sassuolo,Ismael Koné,miss,assisted,4057,20.7,57.9,0,0,46.1,69.4,,,
13981536,Pisa,Henrik Wendel Meister,save,assisted,3931,8.3,64.0,0,0,48.6,3.2,7.0,61.9,0.0
13981536,Sassuolo,Armand Laurienté,miss,free-kick,3804,27.4,37.8,0,0,46.7,58.3,,,
13981536,Sassuolo,Woyo Coulibaly,miss,assisted,3675,9.8,74.2,0,0,43.5,30.6,,,
13981536,Sassuolo,Armand Laurienté,block,regular,3669,20.9,37.6,0,0,50.6,19.0,18.0,39.5,0.0
13981536,Sassuolo,Kristian Thorstvedt,block,assisted,3649,13.0,31.8,0,0,52.0,19.0,7.2,39.0,0.0
13981536,Sassuolo,Andrea Pinamonti,block,assisted,3327,10.0,66.8,0,0,49.5,19.0,8.8,64.8,0.0
13981536,Sassuolo,Andrea Pinamonti,save,fast-break,3078,6.2,45.7,0,0,53.3,3.2,1.2,48.4,0.0
13981536,Pisa,Mehdi Léris,miss,regular,3061,16.6,30.1,0,0,59.8,20.8,10.1,37.5,0.0
13981536,Sassuolo,Domenico Berardi,save,regular,2864,24.7,62.0,0,0,51.8,0.6,2.0,49.8,0.0
13981536,Sassuolo,Fali Candé,miss,throw-in-set-piece,2819,21.0,37.8,0,0,54.8,68.1,,,
13981536,Sassuolo,Alieu Fadera,block,assisted,2660,23.4,36.2,0,0,47.9,19.0,18.5,39.5,0.0
13981536,Pisa,Antonio Caracciolo,miss,set-piece,2382,8.5,55.6,0,0,49.9,62.5,,,
13981536,Sassuolo,Tarik Muharemović,miss,corner,2091,7.9,54.4,0,0,34.8,13.9,,,
13981536,Sassuolo,Alieu Fadera,miss,assisted,1882,4.0,36.2,0,0,61.5,16.7,,,
13981536,Sassuolo,Kristian Thorstvedt,miss,corner,1815,6.6,53.4,0,0,40.2,95.8,,,
13981536,Pisa,Matteo Tramoni,miss,throw-in-set-piece,1341,13.9,55.2,0,0,52.9,72.2,,,
13981536,Pisa,Matteo Tramoni,miss,assisted,1128,13.8,46.0,0,0,31.9,8.3,,,
13981536,Pisa,Antonio Caracciolo,miss,corner,960,8.1,45.3,0,0,68.1,12.5,,,
13981536,Pisa,Mehdi Léris,block,fast-break,927,14.8,30.5,0,0,49.2,19.0,13.2,32.6,0.0
13981536,Pisa,Gabriele Piccinini,block,set-piece,867,11.1,44.8,0,0,50.1,19.0,9.0,45.8,0.0
13981536,Sassuolo,Nemanja Matić,goal,corner,349,14.4,45.5,0,0,45.8,10.1,,,
13981536,Pisa,M'Bala Nzola,goal,penalty,211,11.5,50.0,0,0,47.1,25.9,,,
13981537,Lazio,Tijjani Noslin,goal,regular,5696,3.1,58.3,0,0,47.2,6.3,,,
13981537,Lazio,Tijjani Noslin,save,assisted,5694,11.9,57.6,0,0,48.3,12.0,6.4,54.5,0.0
13981537,Lecce,Mohamed Kaba,block,assisted,5424,17.8,51.3,0,0,50.9,19.0,16.6,51.2,0.0
13981537,Lazio,Toma Bašić,miss,assisted,5073,27.9,54.0,0,0,60.0,8.3,,,
13981537,Lecce,Lameck Banda,block,free-kick,4829,21.5,58.1,0,0,50.0,19.0,15.8,56.0,0.0
13981537,Lazio,Mattia Zaccagni,post,assisted,4266,11.4,45.1,0,0,44.5,9.5,,,
13981537,Lazio,Mattéo Guendouzi,save,assisted,4259,19.0,52.9,0,0,46.1,5.7,1.1,50.9,0.0
13981537,Lecce,Tiago Gabriel,save,regular,4037,18.7,39.7,0,0,50.1,1.3,1.2,47.3,0.0
13981537,Lecce,Santiago Pierotti,miss,assisted,3904,8.3,57.3,0,0,61.8,61.1,,,
13981537,Lazio,Gustav Isaksen,miss,assisted,3437,8.9,32.1,0,0,36.3,2.8,,,
13981537,Lazio,Toma Bašić,miss,corner,3356,19.5,27.4,0,0,52.6,58.3,,,
13981537,Lazio,Gustav Isaksen,save,corner,3309,13.3,56.8,0,0,47.7,19.0,1.4,51.8,0.0
13981537,Lazio,Adam Marušić,save,corner,3306,4.3,58.3,0,0,49.4,0.6,0.7,53.8,0.0
13981537,Lecce,Kialonda Gaspar,block,corner,2784,11.1,43.8,0,0,51.0,19.0,10.2,44.2,0.0
13981537,Lazio,Mattéo Guendouzi,miss,assisted,2475,17.2,62.2,0,0,57.5,26.4,,,
13981537,Lazio,Boulaye Dia,block,corner,2356,14.7,45.2,0,0,50.0,19.0,11.6,46.2,0.0
13981537,Lazio,Toma Bašić,save,regular,2148,24.4,46.0,0,0,49.2,2.5,2.0,50.7,0.0
13981537,Lazio,Gustav Isaksen,block,assisted,2144,18.4,71.4,0,0,51.7,19.0,14.8,67.4,0.0
13981537,Lazio,Mattéo Guendouzi,goal,throw-in-set-piece,1734,14.4,53.6,0,0,54.6,9.5,,,
13981537,Lazio,Boulaye Dia,save,regular,1533,8.4,60.5,0,0,50.6,1.9,0.7,53.4,0.0
13981537,Lazio,Toma Bašić,block,assisted,1156,24.4,49.9,0,0,52.0,19.0,21.1,49.6,0.0
13981537,Lazio,Gustav Isaksen,miss,throw-in-set-piece,948,8.2,62.1,0,0,39.2,8.3,,,
13981537,Lazio,Boulaye Dia,block,fast-break,845,6.7,69.1,0,0,49.6,19.0,4.8,63.8,0.0
13981537,Lazio,Mattéo Guendouzi,save,assisted,506,21.6,53.8,0,0,47.4,3.8,2.2,50.0,0.0
13981535,Como,Martin Baturina,goal,regular,5135,15.5,37.1,0,0,47.4,5.7,,,
13981535,Torino,Alieu Njie,save,assisted,4887,8.5,33.6,0,0,47.1,4.4,6.2,37.0,0.0
13981535,Como,Nico Paz,miss,fast-break,4843,16.2,32.8,0,0,57.1,56.9,,,
13981535,Torino,Kristjan Asllani,miss,assisted,4773,26.8,33.3,0,0,42.0,83.3,,,
13981535,Como,Nico Paz,goal,assisted,4522,7.6,38.7,0,0,52.9,1.9,,,
13981535,Torino,Nikola Vlašić,miss,assisted,4437,13.5,55.2,0,0,46.6,70.8,,,
13981535,Como,Jacobo Ramón,goal,corner,4248,6.7,54.3,0,0,54.3,15.8,,,
13981535,Como,Mërgim Vojvoda,block,corner,4236,9.6,62.5,0,0,47.3,19.0,6.6,59.4,0.0
13981535,Como,Jesús Rodriguez,miss,assisted,4152,10.2,58.9,0,0,32.6,65.3,,,
13981535,Como,Jayden Addai,goal,assisted,3097,18.7,55.8,0,0,46.7,8.9,,,
13981535,Torino,Duván Zapata,miss,assisted,2911,9.6,45.3,0,0,61.2,61.1,,,
13981535,Torino,Cesare Casadei,miss,regular,2829,12.2,58.6,0,0,50.9,61.1,,,
13981535,Como,Lucas Da Cunha,block,regular,2758,19.2,59.4,0,0,53.2,19.0,7.9,52.0,0.0
13981535,Como,Álvaro Morata,miss,regular,2839,10.0,51.9,0,0,46.6,54.2,,,
13981535,Torino,Nikola Vlašić,goal,penalty,2775,11.5,50.0,0,0,53.7,14.6,,,
13981535,Como,Jacobo Ramón,block,corner,2486,8.0,47.7,0,0,50.8,19.0,6.3,48.0,0.0
13981535,Como,Jayden Addai,miss,fast-break,2254,15.6,72.7,0,0,41.7,6.9,,,
13981535,Como,Jayden Addai,goal,assisted,2151,7.3,54.9,0,0,48.7,19.6,,,
13981535,Torino,Kristjan Asllani,miss,assisted,2102,22.9,64.6,0,0,60.3,22.2,,,
13981535,Torino,Adrien Tameze,miss,regular,2081,14.4,67.1,0,0,65.4,11.1,9.7,54.7,0.0
13981535,Como,Álvaro Morata,save,set-piece,1528,4.3,47.7,0,0,50.3,10.1,2.3,48.2,0.0
13981535,Como,Ivan Smolčić,save,set-piece,1525,5.0,50.3,0,0,49.5,19.0,3.1,50.4,0.0
13981535,Torino,Adrien Tameze,miss,corner,884,3.2,42.4,0,0,43.7,65.3,,,
13981535,Torino,Kristjan Asllani,block,regular,845,22.8,35.6,0,0,52.3,19.0,20.8,36.6,0.0
13981535,Como,Álvaro Morata,miss,assisted,288,10.3,49.8,0,0,41.7,13.9,,,
13981539,Juventus,Pierre Kalulu,block,assisted,5558,8.2,61.8,0,0,50.3,19.0,6.6,59.4,0.0
13981539,Juventus,Francisco Conceição,block,assisted,5555,15.6,71.4,0,0,50.3,19.0,8.3,61.2,0.0
13981539,Juventus,Teun Koopmeiners,block,corner,5441,10.4,44.4,0,0,54.1,19.0,9.2,44.6,0.0
13981539,Juventus,Weston McKennie,save,regular,4790,6.0,51.1,0,0,48.6,32.3,1.6,49.8,0.0
13981539,Juventus,Manuel Locatelli,block,regular,4749,17.7,50.0,0,0,49.4,11.1,16.4,49.8,0.0
13981539,Juventus,Francisco Conceição,block,assisted,4691,5.5,68.3,0,0,53.6,11.1,4.2,64.3,0.0
13981539,Juventus,Fabio Miretti,miss,set-piece,4492,9.9,71.8,0,0,43.5,13.9,,,
13981539,Juventus,Dušan Vlahović,miss,assisted,4296,12.9,43.8,0,0,38.3,88.9,,,
13981539,Fiorentina,Moise Kean,miss,fast-break,3990,10.8,38.5,0,0,40.3,4.2,6.7,40.2,0.0
13981539,Juventus,Khéphren Thuram,block,assisted,3881,18.9,40.0,0,0,51.7,19.0,16.7,41.0,0.0
13981539,Fiorentina,Niccolò Fortini,miss,corner,3692,24.3,66.6,0,0,58.7,22.2,,,
13981539,Juventus,Kenan Yıldız,save,fast-break,3386,18.8,48.1,0,0,48.3,6.3,3.5,49.8,0.0
13981539,Juventus,Dušan Vlahović,block,free-kick,3265,23.7,32.8,0,0,52.8,19.0,12.9,39.3,0.0
13981539,Fiorentina,Fabiano Parisi,block,corner,3133,13.8,47.3,0,0,50.5,19.0,11.6,47.7,0.0
13981539,Fiorentina,Moise Kean,save,assisted,3057,22.9,62.4,0,0,54.5,2.5,1.9,51.6,0.0
13981539,Juventus,Manuel Locatelli,save,regular,3029,18.5,55.2,0,0,50.9,14.6,1.0,50.5,0.0
13981539,Juventus,Weston McKennie,miss,regular,3012,13.9,46.2,0,0,19.3,12.5,12.5,48.2,0.0
13981539,Fiorentina,Rolando Mandragora,goal,assisted,2865,26.7,50.6,0,0,46.5,29.7,,,
13981539,Fiorentina,Roberto Piccoli,block,assisted,2735,12.4,57.6,0,0,48.3,19.0,10.9,56.9,0.0
13981539,Juventus,Filip Kostić,goal,assisted,3000,25.1,33.1,0,0,47.3,7.0,,,
13981539,Juventus,Manuel Locatelli,block,regular,2997,24.6,47.0,0,0,50.9,19.0,14.6,47.8,0.0
13981539,Fiorentina,Moise Kean,block,fast-break,2712,7.0,30.3,0,0,49.4,19.0,6.3,32.3,0.0
13981539,Fiorentina,Moise Kean,miss,assisted,2541,16.7,52.1,0,0,54.8,87.5,,,
13981539,Fiorentina,Fabiano Parisi,miss,corner,2284,17.9,44.0,0,0,60.2,31.9,,,
13981539,Juventus,Dušan Vlahović,miss,regular,2073,2.7,40.7,0,0,56.5,16.7,,,
13981539,Fiorentina,Rolando Mandragora,miss,free-kick,1838,21.5,65.1,0,0,42.5,25.0,,,
13981539,Fiorentina,Moise Kean,post,fast-break,1454,12.8,66.3,0,0,46.2,39.2,,,
13981539,Juventus,Andrea Cambiaso,block,assisted,1418,16.8,47.6,0,0,49.6,19.0,13.2,48.2,0.0
13981542,Cagliari,Gianluca Gaetano,save,regular,5451,8.2,30.3,0,0,50.9,3.8,0.7,46.4,0.0
13981542,Cagliari,Yerry Mina,miss,corner,5423,9.3,57.2,0,0,74.3,13.9,1.4,30.9,0.0
13981542,Genoa,Valentín Carboni,miss,set-piece,5185,8.8,52.6,0,0,3.9,12.5,4.7,62.8,0.0
13981542,Genoa,Aarón Martín,goal,free-kick,4959,39.9,86.9,0,0,52.2,26.6,,,
13981542,Cagliari,Gennaro Borrelli,goal,assisted,3587,6.0,45.4,0,0,51.8,20.9,,,
13981542,Cagliari,Gennaro Borrelli,block,assisted,3455,24.4,26.8,0,0,47.7,13.9,22.0,28.9,0.0
13981542,Genoa,Johan Vásquez,save,set-piece,3215,11.6,40.9,0,0,51.0,27.2,1.4,48.9,0.0
13981542,Genoa,Johan Vásquez,miss,corner,3094,9.7,40.7,0,0,4.9,13.9,6.6,50.2,0.0
13981542,Genoa,Lorenzo Colombo,save,assisted,2936,23.7,39.9,0,0,46.2,17.1,1.5,49.8,0.0
13981542,Cagliari,Matteo Prati,miss,assisted,2831,25.0,54.6,0,0,53.4,75.0,,,
13981542,Genoa,Johan Vásquez,miss,set-piece,2694,13.0,52.3,0,0,31.4,2.8,,,
13981542,Cagliari,Sebastiano Esposito,goal,assisted,2559,14.2,46.8,0,0,53.0,26.6,,,
13981542,Genoa,Leo Østigård,goal,assisted,2436,11.0,50.5,0,0,46.3,15.8,,,
13981542,Genoa,Leo Østigård,block,set-piece,2421,14.1,52.1,0,0,47.4,19.0,12.3,52.2,0.0
13981542,Cagliari,Matteo Prati,miss,assisted,2342,20.9,61.7,0,0,63.4,65.3,,,
13981542,Cagliari,Sebastiano Esposito,miss,regular,2163,9.5,53.6,0,0,62.4,11.1,,,
13981542,Cagliari,Gennaro Borrelli,goal,corner,1957,4.5,47.0,0,0,52.6,5.7,,,
13981542,Genoa,Lorenzo Colombo,save,assisted,1551,9.5,45.4,0,0,53.5,3.2,2.2,49.1,0.0
13981542,Cagliari,Gennaro Borrelli,block,assisted,1349,8.7,62.3,0,0,49.3,19.0,7.7,61.0,0.0
13981542,Genoa,Vitinha,goal,assisted,1074,9.5,56.0,0,0,52.9,10.8,,,
13981542,Genoa,Brooke Norton-Cuffy,save,regular,485,11.0,53.8,0,0,49.2,19.0,2.3,51.4,0.0
13981542,Genoa,Vitinha,save,regular,482,10.8,30.1,0,0,45.9,12.7,1.5,46.0,0.0
13981542,Genoa,Ruslan Malinovskyi,miss,assisted,304,22.0,81.8,0,0,65.4,48.6,,,
13981542,Cagliari,Alessandro Deiola,save,corner,189,12.6,43.6,0,0,51.9,2.5,1.1,50.0,0.0
13981534,Bologna,Federico Bernardeschi,goal,regular,5620,4.5,54.3,0,0,48.2,8.9,,,
13981534,Bologna,Federico Bernardeschi,save,fast-break,5543,11.5,66.1,0,0,45.8,6.3,1.8,52.3,0.0
13981534,Udinese,Vakoun Bayo,miss,corner,5442,8.7,52.4,0,0,63.0,88.9,,,
13981534,Udinese,Vakoun Bayo,miss,assisted,5072,27.8,71.8,0,0,46.4,86.1,,,
13981534,Udinese,Nicolò Bertola,miss,assisted,4914,4.7,44.6,0,0,60.0,20.8,,,
13981534,Bologna,Benjamín Domínguez,block,fast-break,4783,5.5,35.1,0,0,51.9,19.0,4.6,37.2,0.0
13981534,Bologna,Nadir Zortea,miss,free-kick,4597,10.4,19.1,0,0,50.9,56.9,,,
13981534,Udinese,Jakub Piotrowski,miss,set-piece,4428,21.0,61.7,0,0,44.7,87.5,,,
13981534,Bologna,Giovanni Fabbian,miss,assisted,4165,7.0,51.5,0,0,38.8,16.7,,,
13981534,Udinese,Jürgen Ekkelenkamp,miss,regular,4105,25.7,74.0,0,0,65.0,4.2,18.5,50.9,0.0
13981534,Bologna,Tommaso Pobega,goal,regular,3536,12.5,40.5,0,0,48.4,1.3,,,
13981534,Bologna,Tommaso Pobega,goal,fast-break,3190,13.8,46.6,0,0,53.8,3.2,,,
13981534,Udinese,Jürgen Ekkelenkamp,save,free-kick,3036,7.2,14.0,0,0,49.3,33.5,0.0,49.1,0.0
13981534,Udinese,Arthur Atta,miss,regular,2703,13.2,54.0,0,0,63.0,13.9,8.8,57.0,0.0
13981534,Udinese,Nicolò Zaniolo,block,assisted,2701,11.1,42.7,0,0,49.6,19.0,9.7,43.7,0.0
13981534,Bologna,Riccardo Orsolini,save,penalty,2409,11.5,50.0,0,0,52.6,14.6,1.4,50.2,0.0
13981534,Bologna,Tommaso Pobega,miss,regular,2136,22.5,27.0,0,0,66.7,29.2,14.9,29.2,0.0
13981534,Udinese,Arthur Atta,block,assisted,1645,8.5,32.7,0,0,53.9,19.0,7.6,34.1,0.0
13981534,Bologna,Riccardo Orsolini,miss,assisted,1440,14.1,69.4,0,0,67.1,8.3,,,
13981534,Udinese,Jürgen Ekkelenkamp,save,assisted,778,4.5,46.6,0,0,51.6,6.3,3.2,47.3,0.0
13981534,Udinese,Hassane Kamara,save,assisted,366,26.8,27.9,0,0,53.2,7.6,1.1,47.8,0.0
13981534,Udinese,Keinan Davis,miss,assisted,203,8.2,56.1,0,0,36.3,36.1,,,
13981545,Lazio,Adam Marušić,block,assisted,5138,22.8,75.2,0,0,52.1,19.0,8.4,57.9,0.0
13981545,Milan,Strahinja Pavlović,save,set-piece,5082,9.7,66.0,0,0,47.6,5.1,1.2,52.5,0.0
13981545,Lazio,Toma Bašić,save,regular,4981,28.2,56.2,0,0,50.4,4.4,2.3,49.6,0.0
13981545,Milan,Rafael Leão,save,assisted,4800,21.5,29.9,0,0,47.2,17.1,1.4,48.2,0.0
13981545,Lazio,Fisayo Dele-Bashiru,miss,regular,4664,14.5,36.8,0,0,39.5,11.1,9.3,47.8,0.0
13981545,Milan,Alexis Saelemaekers,block,corner,4487,19.0,37.0,0,0,51.9,19.0,3.8,45.8,0.0
13981545,Milan,Davide Bartesaghi,block,free-kick,4455,24.3,63.2,0,0,49.8,19.0,15.1,58.3,0.0
13981545,Lazio,Valentín Castellanos,save,assisted,4231,10.5,49.1,0,0,53.4,3.2,2.9,50.4,0.0
13981545,Milan,Ruben Loftus-Cheek,miss,assisted,3974,9.2,50.1,0,0,31.8,8.3,,,
13981545,Milan,Strahinja Pavlović,block,assisted,3798,20.7,29.1,0,0,50.4,19.0,18.0,31.8,0.0
13981545,Milan,Rafael Leão,save,assisted,3752,8.3,54.4,0,0,51.2,23.4,0.7,51.3,0.0
13981545,Lazio,Gustav Isaksen,miss,assisted,3634,23.4,60.1,0,0,56.5,68.1,,,
13981545,Milan,Youssouf Fofana,miss,regular,3285,15.3,68.7,0,0,61.3,8.3,,,
13981545,Milan,Adrien Rabiot,miss,assisted,3166,16.1,26.8,0,0,36.0,8.3,,,
13981545,Milan,Rafael Leão,goal,assisted,3058,4.9,50.9,0,0,52.0,3.2,,,
13981545,Milan,Adrien Rabiot,block,fast-break,3023,14.4,28.2,0,0,51.6,19.0,10.9,33.2,0.0
13981545,Lazio,Mattia Zaccagni,miss,assisted,2841,8.2,38.3,0,0,40.8,4.2,2.7,50.2,0.0
13981545,Milan,Rafael Leão,block,regular,2765,24.4,44.2,0,0,49.4,19.0,19.2,45.6,0.0
13981545,Milan,Fikayo Tomori,miss,assisted,2521,11.8,61.2,0,0,61.5,5.6,,,
13981545,Lazio,Mattia Zaccagni,save,assisted,1876,4.9,30.7,0,0,49.5,4.4,1.0,46.0,0.0
13981545,Milan,Rafael Leão,block,assisted,1145,14.0,64.6,0,0,48.9,19.0,10.9,61.6,0.0
13981545,Lazio,Gustav Isaksen,miss,regular,543,18.4,53.2,0,0,44.9,90.3,,,
13981545,Milan,Matteo Gabbia,miss,set-piece,323,12.8,44.8,0,0,93.6,9.7,6.0,26.9,0.0
13981545,Milan,Alexis Saelemaekers,block,assisted,200,13.8,55.2,0,0,50.2,19.0,6.6,52.3,0.0
13981545,Lazio,Mario Gila Fuentes,save,set-piece,82,7.0,55.2,0,0,51.1,24.7,1.2,52.0,0.0
13981549,Fiorentina,Amir Richardson,miss,assisted,5611,15.2,54.0,0,0,8.2,4.2,,,
13981549,Atalanta,Nikola Krstović,miss,assisted,5366,13.9,55.8,0,0,41.8,16.7,,,
13981549,Atalanta,Nicola Zalewski,block,assisted,5101,10.8,37.0,0,0,49.2,19.4,9.0,38.4,0.0
13981549,Fiorentina,Rolando Mandragora,miss,free-kick,5033,29.5,48.6,0,0,41.3,5.6,,,
13981549,Fiorentina,Moise Kean,post,set-piece,4542,11.4,50.7,0,0,55.5,19.6,,,
13981549,Atalanta,Éderson,block,fast-break,3933,11.7,46.4,0,0,50.9,19.0,9.4,46.9,0.0
13981549,Fiorentina,Moise Kean,block,corner,3829,8.2,53.2,0,0,52.0,19.0,0.90000000000001,48.4,0.0
13981549,Fiorentina,Dodô,block,regular,3777,13.8,40.9,0,0,48.8,19.0,10.3,43.5,0.0
13981549,Fiorentina,Rolando Mandragora,block,corner,3664,14.4,45.2,0,0,51.4,19.0,10.9,46.0,0.0
13981549,Fiorentina,Moise Kean,miss,assisted,3623,10.1,38.7,0,0,66.4,13.9,8.1,38.1,0.0
13981549,Fiorentina,Fabiano Parisi,block,assisted,3464,26.6,49.3,0,0,50.8,19.0,18.4,49.3,0.0
13981549,Atalanta,Gianluca Scamacca,miss,assisted,3405,25.7,67.2,0,0,62.2,95.8,,,
13981549,Atalanta,Marten de Roon,save,assisted,3215,8.9,45.8,0,0,48.0,7.0,1.2,49.6,0.0
13981549,Fiorentina,Moise Kean,miss,assisted,3145,10.8,41.3,0,0,55.1,76.4,,,
13981549,Atalanta,Ademola Lookman,goal,corner,3059,3.0,57.5,0,0,48.4,32.3,,,
13981549,Atalanta,Charles De Ketelaere,save,corner,3058,7.1,51.9,0,0,48.4,7.0,0.7,52.0,0.0
13981549,Fiorentina,Moise Kean,miss,fast-break,2868,11.1,28.4,0,0,37.0,79.2,,,
13981549,Atalanta,Charles De Ketelaere,save,assisted,2857,11.0,63.4,0,0,46.4,0.6,1.6,52.7,0.0
13981549,Fiorentina,Moise Kean,miss,assisted,2769,5.0,50.8,0,0,76.8,31.9,4.0,48.0,0.0
13981549,Atalanta,Ademola Lookman,miss,assisted,2679,19.1,47.4,0,0,59.5,9.7,,,
13981549,Atalanta,Gianluca Scamacca,miss,set-piece,2623,12.2,53.6,0,0,100.0,36.1,2.2,4.3,0.0
13981549,Atalanta,Odilon Kossounou,goal,assisted,2417,20.3,74.1,0,0,53.4,26.6,,,
13981549,Atalanta,Berat Djimsiti,miss,set-piece,2262,8.3,43.7,0,0,49.9,58.3,,,
13981549,Atalanta,Charles De Ketelaere,save,assisted,2166,18.1,64.8,0,0,52.6,1.9,1.8,50.5,0.0
13981549,Fiorentina,Roberto Piccoli,save,assisted,2119,7.6,33.1,0,0,51.2,1.3,1.6,44.9,0.0
13981549,Atalanta,Charles De Ketelaere,block,assisted,1885,13.5,46.6,0,0,50.3,19.0,11.2,47.1,0.0
13981549,Atalanta,Davide Zappacosta,save,assisted,1618,2.7,36.0,0,0,52.5,6.3,1.4,42.4,0.0
13981549,Fiorentina,Simon Sohm,miss,assisted,1190,10.2,22.0,0,0,68.7,81.9,,,
13981549,Atalanta,Gianluca Scamacca,block,corner,1074,7.4,44.0,0,0,51.4,19.0,6.2,44.8,0.0
13981549,Atalanta,Odilon Kossounou,miss,assisted,902,21.5,59.5,0,0,62.9,6.9,,,
13981549,Atalanta,Charles De Ketelaere,save,assisted,735,18.9,38.7,0,0,48.7,6.3,2.2,48.0,0.0
13981549,Atalanta,Gianluca Scamacca,save,assisted,701,13.8,55.2,0,0,48.9,7.0,1.8,50.9,0.0
13981549,Atalanta,Ademola Lookman,block,assisted,490,20.6,31.7,0,0,50.3,19.0,17.6,34.8,0.0
13981549,Atalanta,Odilon Kossounou,block,assisted,453,12.0,64.0,0,0,47.6,19.0,9.3,61.4,0.0
13981549,Fiorentina,Roberto Piccoli,save,regular,246,4.0,46.8,0,0,50.6,4.4,1.4,48.0,0.0
13981549,Fiorentina,Moise Kean,save,assisted,245,4.6,31.3,0,0,52.7,13.9,1.4,44.6,0.0
13981540,Roma,Mario Hermoso,block,corner,5389,7.5,60.0,0,0,51.6,19.0,6.0,57.8,0.0
13981540,Roma,Tommaso Baldanzi,save,assisted,5363,15.3,51.3,0,0,47.4,8.9,4.4,50.5,0.0
13981540,Roma,Lorenzo Pellegrini,miss,assisted,4606,24.3,49.9,0,0,46.7,69.4,,,
13981540,Napoli,Matteo Politano,save,assisted,4529,25.7,56.4,0,0,52.7,17.1,2.8,49.3,0.0
13981540,Roma,Zeki Çelik,miss,corner,4099,28.7,54.8,0,0,51.8,87.5,,,
13981540,Napoli,Scott McTominay,save,corner,2981,2.6,52.1,0,0,48.1,18.4,1.5,50.9,0.0
13981540,Roma,Matías Soulé,miss,assisted,2745,14.9,62.4,0,0,55.3,63.9,,,
13981540,Napoli,David Neres,miss,fast-break,2288,18.8,27.3,0,0,37.1,6.9,15.9,33.4,0.0
13981540,Napoli,David Neres,goal,fast-break,2106,15.4,51.3,0,0,48.1,5.7,,,
13981540,Roma,Evan Ferguson,miss,assisted,1977,9.1,50.5,0,0,42.5,86.1,,,
13981540,Roma,Evan Ferguson,miss,assisted,1829,24.0,52.6,0,0,49.4,93.1,,,
13981540,Roma,Gianluca Mancini,save,throw-in-set-piece,1284,14.8,69.4,0,0,46.8,22.8,0.3,52.7,0.0
13981540,Napoli,Giovanni Di Lorenzo,miss,assisted,1045,9.5,64.9,0,0,42.9,11.1,,,
13981540,Napoli,Rasmus Højlund,save,regular,503,27.1,39.9,0,0,48.7,20.3,13.1,45.3,0.0
13981540,Napoli,Noa Lang,save,assisted,500,21.7,38.5,0,0,51.0,1.9,19.8,39.2,0.0
13981550,Bologna,Tommaso Pobega,save,regular,5827,26.2,36.0,0,0,48.1,7.0,2.3,49.1,0.0
13981550,Bologna,Jhon Lucumí,miss,regular,5709,19.1,47.8,0,0,41.2,8.3,2.8,57.0,0.0
13981550,Bologna,Tommaso Pobega,block,corner,5473,8.8,54.0,0,0,49.9,19.0,7.1,53.2,0.0
13981550,Bologna,Thijs Dallinga,block,corner,5471,11.0,60.3,0,0,49.5,19.0,9.2,58.7,0.0
13981550,Bologna,Emil Holm,miss,corner,5442,10.1,39.7,0,0,38.5,6.9,6.7,51.6,0.0
13981550,Bologna,Thijs Dallinga,block,regular,5421,18.4,35.2,0,0,50.0,19.0,11.2,41.0,0.0
13981550,Bologna,Emil Holm,miss,assisted,5074,19.1,64.8,0,0,56.3,66.7,,,
13981550,Bologna,Santiago Castro,save,regular,4952,7.4,55.8,0,0,48.1,2.5,1.5,52.3,0.0
13981550,Bologna,Tommaso Pobega,miss,assisted,4882,9.9,45.0,0,0,52.9,65.3,,,
13981550,Bologna,Thijs Dallinga,block,assisted,4824,20.4,44.0,0,0,50.2,19.0,17.1,44.9,0.0
13981550,Cremonese,Filippo Terracciano,miss,corner,4690,3.6,49.5,0,0,49.9,63.9,,,
13981550,Bologna,Santiago Castro,miss,throw-in-set-piece,4547,9.5,42.3,0,0,51.3,56.9,,,
13981550,Bologna,Jhon Lucumí,save,corner,4352,4.3,57.7,0,0,48.3,10.1,1.9,54.3,0.0
13981550,Bologna,Riccardo Orsolini,save,assisted,4200,6.4,65.4,0,0,51.2,33.5,1.4,53.1,0.0
13981550,Bologna,Nicolò Cambiaghi,miss,assisted,3935,10.2,32.3,0,0,0.5,2.8,2.7,100.0,0.0
13981550,Bologna,Tommaso Pobega,miss,corner,3873,4.5,60.5,0,0,65.7,11.1,,,
13981550,Cremonese,Martín Payero,block,corner,3442,21.0,66.4,0,0,51.0,19.0,17.3,63.4,0.0
13981550,Cremonese,Jamie Vardy,block,corner,3436,8.7,60.5,0,0,48.3,19.0,4.2,56.0,0.0
13981550,Cremonese,Martín Payero,save,corner,3434,3.9,63.4,0,0,46.8,24.1,1.1,54.2,0.0
13981550,Cremonese,Filippo Terracciano,save,corner,3406,7.9,52.1,0,0,50.2,32.9,0.7,50.5,0.0
13981550,Cremonese,Tommaso Barbieri,block,regular,3311,21.6,63.4,0,0,49.9,19.0,18.9,61.7,0.0
13981550,Bologna,Riccardo Orsolini,miss,assisted,3265,12.1,55.5,0,0,56.0,73.6,,,
13981550,Bologna,Riccardo Orsolini,miss,corner,3188,19.4,49.5,0,0,50.9,50.0,12.3,49.5,0.0
13981550,Bologna,Tommaso Pobega,block,assisted,3152,19.0,49.3,0,0,50.9,19.0,17.1,49.3,0.0
13981550,Cremonese,Jamie Vardy,goal,assisted,2988,2.0,56.4,0,0,47.2,3.2,,,
13981550,Bologna,Riccardo Orsolini,goal,penalty,2844,11.5,50.0,0,0,46.2,10.8,,,
13981550,Cremonese,Martín Payero,miss,corner,2688,3.0,58.9,0,0,45.2,68.1,,,
13981550,Bologna,Tommaso Pobega,miss,assisted,2472,29.5,52.9,0,0,43.5,5.6,,,
13981550,Bologna,Nicolò Casale,miss,set-piece,2246,6.3,45.4,0,0,41.3,54.2,,,
13981550,Cremonese,Jamie Vardy,goal,assisted,2097,15.6,56.4,0,0,50.0,3.8,,,
13981550,Cremonese,Martín Payero,goal,assisted,1825,18.7,51.9,0,0,47.1,7.6,,,
13981550,Bologna,Nicolò Casale,miss,corner,1209,7.3,43.2,0,0,42.9,5.6,2.0,51.4,0.0
13981550,Bologna,Tommaso Pobega,block,assisted,1127,11.1,44.2,0,0,49.2,19.0,7.7,46.2,0.0
13981550,Bologna,Jens Odgaard,block,regular,1122,13.6,27.8,0,0,53.7,19.0,12.3,29.6,0.0
13981550,Bologna,Riccardo Orsolini,miss,regular,1068,7.7,68.9,0,0,41.0,56.9,,,
13981550,Bologna,Santiago Castro,block,assisted,1066,9.3,65.6,0,0,47.7,19.0,7.9,63.5,0.0
13981550,Bologna,Santiago Castro,save,assisted,610,10.5,44.7,0,0,49.8,15.8,4.0,46.7,0.0
13981550,Bologna,Benjamín Domínguez,save,assisted,478,19.8,25.3,0,0,48.3,19.0,1.5,48.4,0.0
13981550,Bologna,Riccardo Orsolini,post,set-piece,134,15.5,68.5,0,0,55.3,3.8,,,
13981543,Inter,Lautaro Martínez,post,assisted,5117,3.0,56.2,0,0,44.8,17.7,,,
13981543,Inter,Lautaro Martínez,goal,corner,4953,3.0,45.8,0,0,49.4,16.5,,,
13981543,Pisa,M'Bala Nzola,block,assisted,4596,10.7,47.4,0,0,50.6,19.0,9.3,47.7,0.0
13981543,Inter,Lautaro Martínez,goal,assisted,4122,12.0,44.7,0,0,52.6,29.1,,,
13981543,Pisa,M'Bala Nzola,miss,fast-break,3743,14.9,41.8,0,0,41.0,4.2,,,
13981543,Pisa,Gabriele Piccinini,save,assisted,3565,22.6,36.2,0,0,50.6,7.0,0.59999999999999,48.9,0.0
13981543,Inter,Federico Dimarco,block,corner,3406,18.8,67.8,0,0,49.6,19.0,17.0,66.1,0.0
13981543,Inter,Nicolò Barella,block,assisted,3337,13.5,40.9,0,0,50.7,19.0,11.7,42.0,0.0
13981543,Pisa,Henrik Wendel Meister,miss,assisted,3303,2.7,45.8,0,0,60.7,15.3,,,
13981543,Pisa,Henrik Wendel Meister,block,assisted,3055,4.0,51.1,0,0,49.8,19.0,2.4,50.7,0.0
13981543,Inter,Marcus Thuram,block,assisted,2963,7.6,53.4,0,0,50.2,19.0,6.7,53.0,0.0
13981543,Inter,Piotr Zieliński,block,assisted,2796,22.3,34.4,0,0,51.4,19.0,15.4,38.8,0.0
13981543,Pisa,Idrissa Touré,save,throw-in-set-piece,2735,11.9,61.5,0,0,51.9,13.9,1.5,52.3,0.0
13981543,Inter,Lautaro Martínez,miss,assisted,2364,14.4,49.6,0,0,51.6,75.0,,,
13981543,Inter,Petar Sučić,block,corner,2244,14.5,54.6,0,0,50.9,19.0,9.6,52.7,0.0
13981543,Inter,Lautaro Martínez,miss,assisted,1954,11.5,53.7,0,0,47.4,77.8,,,
13981543,Inter,Marcus Thuram,miss,assisted,1770,12.6,33.1,0,0,40.7,33.3,,,
13981543,Pisa,Gabriele Piccinini,miss,set-piece,1714,11.7,60.5,0,0,59.5,4.2,,,
13981543,Inter,Lautaro Martínez,miss,set-piece,1592,11.6,56.2,0,0,58.0,9.7,,,
13981543,Pisa,Henrik Wendel Meister,miss,assisted,762,14.2,35.2,0,0,37.3,29.2,,,
13981543,Inter,Federico Dimarco,save,free-kick,618,23.3,66.3,0,0,51.5,14.6,1.2,50.9,0.0
13981543,Pisa,Antonio Caracciolo,block,assisted,468,24.4,68.3,0,0,49.2,19.0,19.3,64.6,0.0
13981543,Inter,Hakan Çalhanoğlu,miss,assisted,382,24.1,60.7,0,0,46.6,83.3,,,
13981543,Pisa,M'Bala Nzola,miss,regular,100,7.3,66.2,0,0,39.7,9.7,,,
13981546,Lecce,Tete Morente,block,free-kick,5581,24.1,34.2,0,0,51.2,19.0,15.0,39.7,0.0
13981546,Torino,Kristjan Asllani,save,penalty,5402,11.5,50.0,0,0,46.7,1.3,0.90000000000001,50.5,0.0
13981546,Lecce,Riccardo Sottil,block,free-kick,5019,23.3,70.3,0,0,54.2,19.0,11.9,58.3,0.0
13981546,Lecce,Kialonda Gaspar,miss,corner,4728,9.4,57.3,0,0,47.2,91.7,,,
13981546,Torino,Niels Nkounkou,miss,regular,3711,22.1,35.8,0,0,55.1,75.0,,,
13981546,Torino,Che Adams,goal,fast-break,3389,13.6,62.0,0,0,54.0,22.8,,,
13981546,Torino,Cesare Casadei,block,assisted,3315,25.0,50.3,0,0,51.2,19.0,22.5,50.1,0.0
13981546,Lecce,Nikola Štulić,block,assisted,3177,9.7,47.2,0,0,49.2,19.0,8.0,47.8,0.0
13981546,Torino,Niels Nkounkou,block,regular,2760,10.1,35.6,0,0,49.6,19.0,8.8,37.5,0.0
13981546,Torino,Duván Zapata,save,fast-break,2692,9.0,52.7,0,0,50.3,5.1,1.2,50.7,0.0
13981546,Torino,Kristjan Asllani,miss,regular,2645,42.4,31.7,0,0,32.8,9.7,,,
13981546,Torino,Kristjan Asllani,block,regular,2529,18.9,50.1,0,0,49.1,19.0,12.9,50.4,0.0
13981546,Torino,Marcus Pedersen,save,assisted,2489,8.0,61.2,0,0,50.1,8.2,0.7,52.3,0.0
13981546,Torino,Che Adams,miss,regular,2445,23.4,35.2,0,0,59.2,5.6,0.59999999999999,42.6,0.0
13981546,Torino,Cesare Casadei,miss,corner,2381,13.8,49.3,0,0,53.1,76.4,,,
13981546,Torino,Cesare Casadei,block,corner,2378,9.0,50.1,0,0,51.0,19.0,6.7,49.8,0.0
13981546,Torino,Saúl Coco,save,corner,2275,9.9,46.8,0,0,49.5,4.4,0.3,50.4,0.0
13981546,Lecce,Kialonda Gaspar,miss,corner,1821,4.3,57.9,0,0,61.0,34.7,,,
13981546,Lecce,Nikola Štulić,block,fast-break,1648,11.4,39.7,0,0,52.0,19.0,9.2,41.3,0.0
13981546,Lecce,Lameck Banda,goal,assisted,1265,4.3,42.7,0,0,54.2,13.9,,,
13981546,Lecce,Lassana Coulibaly,goal,corner,1170,3.0,61.7,0,0,48.9,21.5,,,
13981546,Lecce,Medon Berisha,block,assisted,1019,25.4,64.4,0,0,50.1,19.0,11.9,56.7,0.0
13981546,Torino,Che Adams,save,throw-in-set-piece,855,7.3,51.9,0,0,50.2,22.2,0.5,50.9,0.0
13981546,Torino,Che Adams,miss,regular,736,39.4,20.0,0,0,36.8,16.7,,,
13981546,Lecce,Medon Berisha,miss,assisted,153,39.5,28.9,0,0,0.5,9.7,5.7,94.4,0.0
13981548,Como,Nico Paz,save,free-kick,5790,30.3,48.0,0,0,50.6,17.1,1.6,50.2,0.0
13981548,Sassuolo,Tarik Muharemović,block,corner,5685,13.3,60.8,0,0,52.3,19.0,6.2,53.8,0.0
13981548,Como,Nicolas-Gerrit Kühn,save,assisted,5250,8.4,69.3,0,0,49.0,7.6,2.4,56.0,0.0
13981548,Como,Lucas Da Cunha,save,assisted,4743,22.8,38.6,0,0,47.7,28.5,2.3,48.9,0.0
13981548,Como,Máximo Perrone,save,assisted,4728,5.5,60.7,0,0,49.7,15.8,2.7,54.9,0.0
13981548,Sassuolo,Cristian Volpato,miss,assisted,4584,7.3,63.6,0,0,43.9,36.1,,,
13981548,Sassuolo,Luca Moro,miss,assisted,4583,7.9,41.5,0,0,0.8,27.8,9.4,67.2,0.0
13981548,Sassuolo,Tarik Muharemović,miss,corner,4459,9.2,53.4,0,0,48.9,86.1,,,
13981548,Como,Nico Paz,save,assisted,4035,8.3,50.6,0,0,50.0,26.6,1.5,50.5,0.0
13981548,Sassuolo,Andrea Pinamonti,save,set-piece,3932,12.5,70.3,0,0,46.1,14.6,1.6,52.0,0.0
13981548,Como,Nico Paz,miss,assisted,3681,26.7,50.5,0,0,69.4,16.7,20.5,45.7,0.0
13981548,Como,Anastasios Douvikas,save,assisted,3364,2.8,34.5,0,0,45.7,8.9,2.4,36.5,0.0
13981548,Como,Alberto Moreno,goal,assisted,3130,13.4,48.0,0,0,51.8,24.1,,,
13981548,Sassuolo,Armand Laurienté,save,assisted,2897,14.7,70.3,0,0,50.3,10.8,1.6,50.9,0.0
13981548,Como,Nico Paz,save,assisted,2333,15.1,46.8,0,0,48.3,29.7,1.0,49.8,0.0
13981548,Sassuolo,Nemanja Matić,save,assisted,1893,20.7,32.3,0,0,52.9,5.1,2.0,47.3,0.0
13981548,Como,Jayden Addai,save,fast-break,1694,15.5,59.9,0,0,49.5,5.7,2.0,52.7,0.0
13981548,Como,Jesús Rodriguez,save,assisted,1553,15.7,27.5,0,0,50.4,13.9,1.8,46.4,0.0
13981548,Como,Nico Paz,miss,assisted,1160,21.0,74.4,0,0,28.2,47.2,,,
13981548,Sassuolo,Nemanja Matić,save,corner,1093,2.3,40.7,0,0,49.4,12.7,0.3,46.2,0.0
13981548,Sassuolo,Andrea Pinamonti,block,regular,1042,18.4,49.1,0,0,50.9,19.0,14.5,49.1,0.0
13981548,Como,Anastasios Douvikas,goal,corner,802,6.7,47.9,0,0,52.8,6.3,,,
13981548,Como,Alberto Moreno,block,corner,800,14.5,29.7,0,0,47.6,19.0,8.0,39.9,0.0
13981548,Sassuolo,Armand Laurienté,block,fast-break,731,12.8,32.1,0,0,52.3,19.0,9.8,35.7,0.0
13981548,Sassuolo,Domenico Berardi,save,assisted,593,7.9,76.4,0,0,50.9,19.6,0.59999999999999,55.1,0.0
13981548,Como,Nico Paz,save,assisted,562,23.5,65.2,0,0,49.8,22.2,1.4,51.6,0.0
13981548,Como,Jayden Addai,block,regular,560,15.3,53.0,0,0,50.5,19.0,10.9,52.0,0.0
13981548,Como,Jesús Rodriguez,save,assisted,558,14.6,31.7,0,0,50.3,8.2,0.59999999999999,47.8,0.0
13981548,Como,Alberto Moreno,miss,assisted,476,18.9,46.7,0,0,58.7,8.3,,,
13981548,Sassuolo,Armand Laurienté,block,regular,343,20.4,32.3,0,0,47.9,19.0,15.0,37.5,0.0
13981551,Juventus,Andrea Cambiaso,miss,assisted,5334,23.4,46.2,0,0,51.1,81.9,,,
13981551,Cagliari,Mattia Felici,save,fast-break,5272,9.2,33.5,0,0,53.3,5.7,1.5,46.9,0.0
13981551,Juventus,Francisco Conceição,save,assisted,4620,13.6,56.6,0,0,48.7,12.7,2.8,51.3,0.0
13981551,Juventus,Francisco Conceição,miss,assisted,4271,13.6,46.0,0,0,53.9,73.6,,,
13981551,Cagliari,Riyad Idrissi,save,assisted,3477,6.0,32.8,0,0,53.9,10.8,1.2,45.1,0.0
13981551,Juventus,Teun Koopmeiners,miss,corner,3118,13.2,55.3,0,0,42.5,2.8,,,
13981551,Juventus,Francisco Conceição,block,assisted,3075,17.2,60.5,0,0,49.8,19.0,13.8,58.5,0.0
13981551,Juventus,Francisco Conceição,save,assisted,2801,14.2,45.0,0,0,50.3,3.8,10.6,45.5,0.0
13981551,Cagliari,Michael Folorunsho,miss,assisted,2761,22.3,34.2,0,0,62.4,4.2,,,
13981551,Juventus,Kenan Yıldız,goal,assisted,2731,11.1,44.7,0,0,47.6,0.6,,,
13981551,Juventus,Teun Koopmeiners,miss,set-piece,2637,14.0,40.0,0,0,61.2,9.7,,,
13981551,Juventus,Francisco Conceição,block,assisted,2581,10.1,69.9,0,0,49.3,19.0,8.3,66.2,0.0
13981551,Juventus,Weston McKennie,miss,assisted,2197,18.7,47.7,0,0,44.5,77.8,,,
13981551,Juventus,Francisco Conceição,save,assisted,1887,8.9,45.2,0,0,51.1,21.5,0.5,48.6,0.0
13981551,Juventus,Dušan Vlahović,save,assisted,1685,17.5,33.6,0,0,48.0,3.2,2.4,46.4,0.0
13981551,Juventus,Kenan Yıldız,goal,regular,1600,12.8,47.7,0,0,46.3,3.2,,,
13981551,Cagliari,Sebastiano Esposito,goal,assisted,1508,6.5,50.0,0,0,46.0,3.8,,,
13981551,Cagliari,Marco Palestra,block,fast-break,1346,17.6,56.6,0,0,51.1,19.0,12.0,54.2,0.0
13981551,Juventus,Francisco Conceição,block,regular,384,15.3,48.9,0,0,49.3,19.0,13.6,49.1,0.0
13981547,Hellas Verona,Giovane,save,assisted,5298,8.6,56.7,0,0,48.1,1.9,0.59999999999999,53.1,0.0
13981547,Hellas Verona,Daniel Oyegoke,miss,throw-in-set-piece,4999,14.7,71.8,0,0,41.3,50.0,,,
13981547,Hellas Verona,Mutassim Al-Musrati,block,throw-in-set-piece,4995,17.8,50.2,0,0,49.2,19.0,13.1,50.4,0.0
13981547,Hellas Verona,Gift Orban,block,throw-in-set-piece,4993,2.5,51.6,0,0,49.0,19.0,1.9,51.4,0.0
13981547,Hellas Verona,Roberto Gagliardini,block,throw-in-set-piece,4990,3.7,48.6,0,0,51.4,19.0,2.9,48.6,0.0
13981547,Hellas Verona,Martin Frese,post,throw-in-set-piece,4988,2.8,42.1,0,0,51.4,41.8,,,
13981547,Genoa,Ruslan Malinovskyi,miss,set-piece,4508,18.9,53.0,0,0,65.9,12.5,,,
13981547,Genoa,Patrizio Masini,block,assisted,4423,18.5,50.4,0,0,52.0,19.0,16.8,50.2,0.0
13981547,Genoa,Alessandro Marcandalli,miss,set-piece,4252,7.9,58.5,0,0,40.5,19.4,,,
13981547,Hellas Verona,Gift Orban,save,assisted,4136,4.1,45.9,0,0,49.0,3.2,2.2,46.9,0.0
13981547,Genoa,Leo Østigård,save,corner,4065,11.0,55.7,0,0,46.8,16.5,1.1,51.3,0.0
13981547,Genoa,Mikael Ellertsson,block,regular,4011,13.2,52.8,0,0,49.2,19.0,11.4,52.5,0.0
13981547,Genoa,Morten Thorsby,block,assisted,4008,13.6,49.9,0,0,49.3,19.0,11.9,50.0,0.0
13981547,Genoa,Mikael Ellertsson,save,regular,3864,14.6,70.8,0,0,47.7,1.9,2.2,54.7,0.0
13981547,Genoa,Morten Thorsby,goal,set-piece,3681,2.9,44.8,0,0,53.9,10.1,,,
13981547,Genoa,Leo Østigård,post,set-piece,3664,7.7,46.8,0,0,55.3,15.2,,,
13981547,Genoa,Morten Thorsby,miss,set-piece,3143,6.6,50.4,0,0,49.9,79.2,,,
13981547,Genoa,Ruslan Malinovskyi,miss,assisted,2731,18.7,50.3,0,0,45.4,69.4,,,
13981547,Hellas Verona,Daniel Mosquera,block,regular,2442,7.7,66.9,0,0,51.1,19.0,7.0,65.2,0.0
13981547,Genoa,Lorenzo Colombo,goal,assisted,2367,8.6,54.4,0,0,46.3,6.3,,,
13981547,Genoa,Morten Thorsby,miss,corner,1386,11.6,41.8,0,0,0.8,4.2,8.0,86.5,0.0
13981547,Genoa,Vitinha,block,assisted,1349,8.6,31.9,0,0,53.0,19.0,6.8,35.0,0.0
13981547,Hellas Verona,Rafik Belghali,goal,regular,1236,3.3,47.4,0,0,45.5,17.1,,,
13981547,Hellas Verona,Daniel Mosquera,save,assisted,1234,1.6,33.9,0,0,46.2,4.4,0.3,45.0,0.0
13981547,Hellas Verona,Giovane,miss,free-kick,943,22.7,62.7,0,0,51.6,79.2,,,
13981547,Genoa,Mikael Ellertsson,miss,regular,758,21.2,58.1,0,0,38.0,6.9,,,
13981547,Hellas Verona,Domagoj Bradarić,save,assisted,625,14.4,33.5,0,0,54.3,1.9,1.4,47.8,0.0
13981547,Hellas Verona,Rafik Belghali,block,assisted,481,10.2,59.7,0,0,50.8,19.0,7.1,56.5,0.0
13981544,Parma,Nahuel Estévez,block,set-piece,5586,12.3,65.8,0,0,49.6,19.0,10.2,63.2,0.0
13981544,Parma,Mathias Løvik,miss,set-piece,5215,29.2,35.6,0,0,18.2,8.3,18.0,60.5,0.0
13981544,Parma,Jacob Ondrejka,block,set-piece,5047,14.1,26.2,0,0,52.1,19.0,8.1,35.4,0.0
13981544,Parma,Nahuel Estévez,miss,assisted,4816,2.7,57.7,0,0,42.7,20.8,,,
13981544,Parma,Adrian Benedyczak,miss,assisted,4815,10.4,50.1,0,0,30.3,15.3,5.4,60.8,0.0
13981544,Udinese,Adam Buksa,block,assisted,4666,3.8,32.9,0,0,53.2,19.0,3.3,34.7,0.0
13981544,Udinese,Jakub Piotrowski,block,corner,4542,6.6,59.1,0,0,49.8,19.0,3.1,55.8,0.0
13981544,Udinese,Jesper Karlström,miss,corner,4516,6.9,39.2,0,0,24.2,19.0,6.4,42.2,0.0
13981544,Udinese,Adam Buksa,save,assisted,4477,14.5,49.6,0,0,53.6,17.1,1.6,50.0,0.0
13981544,Udinese,Nicolò Zaniolo,miss,assisted,4378,24.1,58.8,0,0,63.5,66.7,,,
13981544,Udinese,Adam Buksa,block,fast-break,4296,13.0,42.7,0,0,51.8,19.0,11.1,43.5,0.0
13981544,Parma,Nahuel Estévez,block,corner,4204,18.7,28.0,0,0,50.2,19.0,15.8,31.4,0.0
13981544,Parma,Mateo Pellegrino,block,set-piece,4152,9.5,31.5,0,0,53.0,19.0,3.7,41.0,0.0
13981544,Udinese,Keinan Davis,goal,penalty,3886,11.5,50.0,0,0,53.6,24.7,,,
13981544,Udinese,Keinan Davis,save,assisted,3594,8.9,69.1,0,0,50.3,0.6,1.0,54.9,0.0
13981544,Parma,Jacob Ondrejka,miss,regular,3486,8.2,64.4,0,0,40.2,13.9,,,
13981544,Parma,Sascha Britschgi,block,throw-in-set-piece,3197,18.2,53.1,0,0,49.3,19.0,12.5,52.3,0.0
13981544,Parma,Jacob Ondrejka,save,fast-break,2919,12.5,60.6,0,0,50.6,3.8,1.5,52.3,0.0
13981544,Udinese,Jakub Piotrowski,miss,corner,2831,7.0,54.0,0,0,47.1,69.4,,,
13981544,Parma,Emanuele Valeri,block,set-piece,2709,30.6,61.3,0,0,48.8,19.0,23.7,59.0,0.0
13981544,Udinese,Oumar Solet,save,corner,2505,10.1,46.8,0,0,51.3,30.4,1.0,49.1,0.0
13981544,Parma,Mateo Pellegrino,save,set-piece,2248,20.8,74.5,0,0,49.4,2.5,2.3,54.5,0.0
13981544,Udinese,Arthur Atta,miss,fast-break,2172,26.3,29.1,0,0,58.7,9.7,,,
13981544,Parma,Mandela Keita,miss,assisted,1685,24.6,27.4,0,0,58.8,5.6,,,
13981544,Parma,Patrick Cutrone,block,assisted,1622,19.8,68.3,0,0,53.3,19.0,18.2,66.6,0.0
13981544,Parma,Emanuele Valeri,block,corner,1457,26.3,55.0,0,0,52.3,19.0,14.7,51.8,0.0
13981544,Parma,Sascha Britschgi,block,assisted,1370,15.1,69.1,0,0,48.9,19.0,13.3,67.0,0.0
13981544,Parma,Emanuele Valeri,miss,throw-in-set-piece,1297,26.5,47.4,0,0,34.1,19.4,10.5,59.2,0.0
13981544,Udinese,Jakub Piotrowski,miss,assisted,1076,28.8,48.7,0,0,53.6,62.5,,,
13981544,Udinese,Nicolò Zaniolo,goal,assisted,606,8.7,75.0,0,0,45.8,2.5,,,
13981544,Udinese,Nicolò Zaniolo,miss,assisted,146,29.1,50.5,0,0,54.6,55.6,,,
13981559,Como,Lucas Da Cunha,miss,assisted,5534,12.0,55.9,0,0,61.8,22.2,,,
13981559,Inter,Carlos Augusto,goal,assisted,5126,9.7,57.7,0,0,46.5,30.4,,,
13981559,Como,Jacobo Ramón,miss,set-piece,4984,8.5,51.3,0,0,40.8,4.2,,,
13981559,Inter,Hakan Çalhanoğlu,goal,regular,4802,21.4,58.8,0,0,53.3,7.6,,,
13981559,Como,Jesús Rodriguez,miss,corner,4660,25.2,39.3,0,0,56.8,87.5,,,
13981559,Inter,Lautaro Martínez,save,assisted,4375,11.0,53.8,0,0,48.6,3.8,1.1,51.8,0.0
13981559,Como,Assane Diao,save,assisted,4332,28.7,35.4,0,0,51.4,10.1,1.8,48.2,0.0
13981559,Como,Nico Paz,miss,assisted,4157,26.3,27.4,0,0,59.2,19.4,,,
13981559,Como,Nico Paz,block,assisted,4132,25.1,66.7,0,0,51.7,19.0,17.6,61.2,0.0
13981559,Inter,Luís Henrique,save,assisted,4093,22.6,63.7,0,0,50.3,4.4,1.8,53.1,0.0
13981559,Como,Anastasios Douvikas,miss,assisted,4054,8.8,52.1,0,0,58.7,19.4,1.5,44.2,0.0
13981559,Como,Assane Diao,miss,corner,3981,9.8,55.8,0,0,44.5,95.8,,,
13981559,Como,Nico Paz,block,set-piece,3947,7.3,50.5,0,0,51.7,19.0,6.0,49.1,0.0
13981559,Como,Jesús Rodriguez,miss,assisted,3727,26.9,54.6,0,0,50.1,80.6,,,
13981559,Inter,Marcus Thuram,goal,corner,3534,2.3,53.8,0,0,46.0,20.9,,,
13981559,Como,Máximo Perrone,save,assisted,3386,27.7,55.4,0,0,48.6,8.2,1.6,49.6,0.0
13981559,Como,Nico Paz,save,assisted,3336,32.2,55.2,0,0,49.2,16.5,1.4,49.3,0.0
13981559,Como,Álex Valle,miss,assisted,3243,9.4,50.7,0,0,42.5,61.1,,,
13981559,Como,Anastasios Douvikas,miss,assisted,3121,4.5,45.7,0,0,50.8,63.9,,,
13981559,Inter,Lautaro Martínez,miss,assisted,3032,12.9,41.3,0,0,57.6,26.4,,,
13981559,Como,Nico Paz,miss,corner,912,14.2,49.1,0,0,99.0,8.3,14.4,17.5,0.0
13981559,Inter,Lautaro Martínez,goal,assisted,613,11.5,52.1,0,0,53.4,17.7,,,
13981559,Inter,Marcus Thuram,miss,corner,228,8.0,48.7,0,0,77.0,15.3,9.7,18.4,0.0
13981559,Inter,Marcus Thuram,block,corner,209,9.4,52.1,0,0,48.9,19.0,7.5,52.7,0.0
13981559,Inter,Nicolò Barella,save,assisted,174,15.1,52.1,0,0,46.7,5.1,11.5,51.6,0.0
13981559,Inter,Lautaro Martínez,block,assisted,19,15.1,42.5,0,0,50.6,19.0,14.1,43.0,0.0
13981554,Torino,Cyril Ngonge,block,assisted,5399,14.1,36.2,0,0,51.0,19.0,10.8,39.2,0.0
13981554,Milan,Ruben Loftus-Cheek,miss,regular,4741,12.3,67.1,0,0,72.8,4.2,,,
13981554,Milan,Christopher Nkunku,block,assisted,4739,12.5,62.8,0,0,49.7,19.0,10.9,61.2,0.0
13981554,Milan,Christian Pulišić,goal,assisted,4600,10.3,50.6,0,0,46.5,7.6,,,
13981554,Milan,Ruben Loftus-Cheek,block,assisted,4354,10.8,69.7,0,0,47.8,19.0,8.3,65.7,0.0
13981554,Torino,Kristjan Asllani,save,regular,4327,21.0,47.2,0,0,48.2,24.7,1.1,49.6,0.0
13981554,Milan,Christopher Nkunku,block,assisted,4114,9.2,38.3,0,0,51.9,19.0,8.0,39.6,0.0
13981554,Milan,Fikayo Tomori,block,regular,4091,9.7,56.0,0,0,49.6,19.0,8.3,55.2,0.0
13981554,Milan,Christian Pulišić,goal,assisted,3972,8.9,56.3,0,0,51.2,4.4,,,
13981554,Torino,Marcus Pedersen,miss,assisted,3659,17.2,69.1,0,0,62.7,26.4,,,
13981554,Torino,Nikola Vlašić,miss,assisted,3591,19.1,72.0,0,0,40.0,6.9,,,
13981554,Milan,Samuele Ricci,save,regular,3288,4.0,46.0,0,0,51.9,13.3,0.59999999999999,47.8,0.0
13981554,Milan,Davide Bartesaghi,save,assisted,3285,8.8,42.5,0,0,52.8,2.5,1.2,49.6,0.0
13981554,Milan,Davide Bartesaghi,block,free-kick,3087,24.7,35.0,0,0,50.6,19.0,14.5,41.0,0.0
13981554,Milan,Strahinja Pavlović,miss,assisted,2921,24.5,41.7,0,0,58.2,77.8,,,
13981554,Milan,Christopher Nkunku,save,assisted,2818,8.5,56.2,0,0,49.6,5.7,1.3,52.3,0.0
13981554,Torino,Adrien Tameze,block,assisted,2846,28.8,58.3,0,0,50.2,19.0,22.7,56.5,0.0
13981554,Milan,Adrien Rabiot,miss,assisted,2694,14.8,46.0,0,0,60.0,11.1,,,
13981554,Milan,Christopher Nkunku,miss,assisted,2473,13.6,45.0,0,0,39.5,23.6,3.6,56.0,0.0
13981554,Milan,Ruben Loftus-Cheek,block,corner,2219,7.1,46.0,0,0,50.7,19.0,6.0,46.5,0.0
13981554,Milan,Rafael Leão,miss,assisted,1622,25.9,57.0,0,0,61.8,6.9,,,
13981554,Milan,Adrien Rabiot,goal,assisted,1427,28.2,48.3,0,0,47.4,23.4,,,
13981554,Torino,Duván Zapata,goal,fast-break,1001,11.6,69.1,0,0,51.8,15.8,,,
13981554,Torino,Kristjan Asllani,save,corner,960,26.8,25.6,0,0,51.9,17.1,2.3,47.3,0.0
13981554,Torino,Nikola Vlašić,goal,penalty,560,11.5,50.0,0,0,46.9,8.2,,,
13981553,Hellas Verona,Abdou Harroui,block,assisted,5587,21.4,37.8,0,0,49.9,19.0,13.7,42.2,0.0
13981553,Hellas Verona,Armel Bella-Kotchap,block,corner,4996,15.2,48.0,0,0,50.6,19.0,13.1,48.2,0.0
13981553,Atalanta,Gianluca Scamacca,goal,penalty,4850,11.5,50.0,0,0,53.0,7.6,,,
13981553,Atalanta,Gianluca Scamacca,block,assisted,4609,18.2,49.3,0,0,49.1,19.0,14.4,49.6,0.0
13981553,Hellas Verona,Daniel Mosquera,save,assisted,4584,12.8,32.1,0,0,48.1,1.9,0.7,50.0,0.0
13981553,Hellas Verona,Antoine Bernede,goal,fast-break,4254,17.6,48.9,0,0,46.0,2.5,,,
13981553,Hellas Verona,Martin Frese,save,assisted,3567,4.8,56.1,0,0,46.2,10.1,0.5,52.9,0.0
13981553,Hellas Verona,Daniel Mosquera,miss,assisted,3138,12.3,60.1,0,0,39.8,4.2,,,
13981553,Atalanta,Charles De Ketelaere,save,regular,2930,3.3,40.1,0,0,52.8,7.0,0.59999999999999,48.2,0.0
13981553,Hellas Verona,Daniel Mosquera,block,assisted,2781,10.5,35.5,0,0,51.5,19.0,7.0,39.9,0.0
13981553,Atalanta,Éderson,miss,set-piece,2701,24.6,39.9,0,0,60.5,22.2,10.6,39.2,0.0
13981553,Atalanta,Nikola Krstović,save,assisted,2420,19.5,63.0,0,0,51.3,3.8,1.6,51.4,0.0
13981553,Hellas Verona,Giovane,goal,throw-in-set-piece,2142,18.1,46.4,0,0,51.0,27.8,,,
13981553,Hellas Verona,Rafik Belghali,goal,assisted,1665,8.2,57.7,0,0,47.4,24.1,,,
13981553,Atalanta,Ademola Lookman,miss,corner,1561,15.3,61.9,0,0,58.8,88.9,,,
13981553,Atalanta,Charles De Ketelaere,block,assisted,1506,16.2,46.2,0,0,50.4,11.1,13.3,46.6,0.0
13981553,Hellas Verona,Giovane,save,regular,1393,20.9,71.8,0,0,48.1,3.8,1.1,51.4,0.0
13981553,Hellas Verona,Cheikh Niasse,block,assisted,1264,20.3,53.8,0,0,50.5,19.0,17.7,53.2,0.0
13981553,Atalanta,Charles De Ketelaere,save,set-piece,968,1.9,57.4,0,0,47.3,19.0,0.7,54.5,0.0
13981553,Atalanta,Isak Hien,save,set-piece,967,10.9,48.7,0,0,46.8,9.5,1.8,50.0,0.0
13981553,Atalanta,Raoul Bellanova,block,corner,632,16.9,65.8,0,0,52.0,19.0,15.8,64.6,0.0
13981553,Atalanta,Isak Hien,block,corner,629,8.7,45.0,0,0,47.7,19.0,0.90000000000001,51.6,0.0
13981553,Atalanta,Ademola Lookman,block,assisted,602,6.7,35.6,0,0,50.1,19.0,5.8,37.5,0.0
13981553,Hellas Verona,Mutassim Al-Musrati,save,set-piece,230,18.5,49.5,0,0,51.6,24.1,1.4,50.5,0.0
13981555,Pisa,Stefano Moreo,miss,assisted,5509,13.9,52.6,0,0,39.5,8.3,,,
13981555,Pisa,Michel Aebischer,miss,assisted,5430,22.8,69.3,0,0,59.5,2.8,17.6,62.5,0.0
13981555,Pisa,Idrissa Touré,miss,corner,5361,10.7,49.3,0,0,19.0,6.9,1.9,74.9,0.0
13981555,Pisa,M'Bala Nzola,save,assisted,5345,11.1,48.8,0,0,50.3,24.1,1.5,50.0,0.0
13981555,Pisa,M'Bala Nzola,block,assisted,5257,3.7,51.4,0,0,49.6,19.0,2.5,51.1,0.0
13981555,Parma,Enrico Delprato,miss,set-piece,4967,7.4,40.3,0,0,33.9,13.9,,,
13981555,Parma,Gaetano Oristanio,block,assisted,4496,23.2,63.8,0,0,53.7,19.0,12.8,56.0,0.0
13981555,Pisa,Mehdi Léris,block,throw-in-set-piece,4285,17.5,26.2,0,0,52.9,19.0,15.3,28.9,0.0
13981555,Pisa,Idrissa Touré,miss,regular,3893,4.8,55.5,0,0,42.4,33.3,0.59999999999999,56.9,0.0
13981555,Parma,Mateo Pellegrino,miss,throw-in-set-piece,3807,6.2,42.0,0,0,52.4,54.2,,,
13981555,Pisa,Mehdi Léris,miss,corner,3696,26.6,50.9,0,0,38.3,55.6,,,
13981555,Pisa,M'Bala Nzola,miss,assisted,3425,5.1,48.9,0,0,51.8,81.9,,,
13981555,Pisa,Gabriele Piccinini,miss,assisted,3254,8.6,64.0,0,0,43.7,91.7,,,
13981555,Parma,Mateo Pellegrino,miss,throw-in-set-piece,3009,10.7,73.2,0,0,62.2,5.6,,,
13981555,Pisa,M'Bala Nzola,miss,set-piece,2964,7.7,56.4,0,0,39.8,51.4,,,
13981555,Pisa,Antonio Caracciolo,miss,assisted,2798,28.9,63.8,0,0,43.5,72.2,,,
13981555,Pisa,M'Bala Nzola,block,assisted,2762,11.9,50.7,0,0,49.1,19.0,10.7,50.7,0.0
13981555,Parma,Adrian Benedyczak,goal,penalty,2398,11.5,50.0,0,0,53.5,8.2,,,
13981555,Parma,Sascha Britschgi,block,assisted,2178,27.1,66.4,0,0,52.2,19.0,14.5,59.6,0.0
13981555,Parma,Adrián Bernabé,miss,throw-in-set-piece,1716,8.3,73.0,0,0,40.7,9.7,,,
13981555,Parma,Emanuele Valeri,miss,assisted,1402,22.0,28.6,0,0,66.2,77.8,,,
13981555,Pisa,Idrissa Touré,save,assisted,798,8.2,64.0,0,0,48.4,15.8,0.90000000000001,53.1,0.0
13981555,Parma,Adrian Benedyczak,save,assisted,764,7.4,67.1,0,0,46.2,5.7,1.2,55.4,0.0
13981556,Bologna,Lewis Ferguson,miss,assisted,5605,23.9,46.0,0,0,64.7,52.8,,,
13981556,Lazio,Matteo Cancellieri,miss,assisted,4621,12.1,62.7,0,0,57.1,50.0,,,
13981556,Lazio,Toma Bašić,miss,corner,4401,22.8,67.3,0,0,41.0,8.3,,,
13981556,Lazio,Tijjani Noslin,save,corner,4386,3.6,62.0,0,0,53.6,24.7,0.3,53.1,0.0
13981556,Lazio,Mattéo Guendouzi,save,assisted,4350,24.4,53.2,0,0,46.4,3.2,1.9,49.6,0.0
13981556,Bologna,Santiago Castro,save,assisted,4269,7.7,41.3,0,0,50.1,6.3,1.8,47.5,0.0
13981556,Bologna,Juan Miranda,block,assisted,4266,21.2,29.1,0,0,50.5,19.0,7.0,42.8,0.0
13981556,Bologna,Jens Odgaard,block,assisted,4255,18.8,71.4,0,0,51.8,19.0,15.7,67.5,0.0
13981556,Lazio,Matteo Cancellieri,save,corner,3726,11.4,56.4,0,0,46.4,17.7,1.2,49.6,0.0
13981556,Lazio,Mattéo Guendouzi,save,regular,3668,10.8,62.6,0,0,46.1,2.5,1.4,52.0,0.0
13981556,Lazio,Adam Marušić,block,assisted,3667,12.8,51.5,0,0,50.1,19.0,10.9,51.3,0.0
13981556,Lazio,Mario Gila Fuentes,miss,assisted,3493,27.9,43.6,0,0,35.8,23.6,,,
13981556,Lazio,Valentín Castellanos,save,assisted,3093,7.5,35.1,0,0,52.1,19.6,1.0,47.5,0.0
13981556,Bologna,Juan Miranda,save,assisted,2575,2.9,37.2,0,0,50.0,19.0,0.3,48.6,0.0
13981556,Bologna,Jens Odgaard,goal,regular,2393,3.3,51.9,0,0,50.1,0.6,,,
13981556,Bologna,Nadir Zortea,save,assisted,2391,9.4,66.9,0,0,51.8,15.2,1.2,54.9,0.0
13981556,Lazio,Gustav Isaksen,goal,regular,2267,3.4,59.7,0,0,47.4,3.8,,,
13981556,Lazio,Mattia Zaccagni,save,assisted,2266,5.1,32.8,0,0,47.1,12.7,0.3,47.1,0.0
13981556,Bologna,Tommaso Pobega,save,regular,1980,22.9,61.3,0,0,52.6,1.9,2.0,52.0,0.0
13981556,Bologna,Jens Odgaard,save,regular,1768,12.1,41.6,0,0,53.2,2.5,1.5,46.6,0.0
13981556,Lazio,Toma Bašić,block,assisted,1546,7.3,34.8,0,0,50.3,19.0,6.3,36.8,0.0
13981556,Bologna,Santiago Castro,miss,corner,1281,9.5,55.4,0,0,46.4,70.8,,,
13981556,Bologna,Jens Odgaard,block,assisted,1232,31.7,45.5,0,0,51.0,19.0,18.8,46.9,0.0
13981556,Lazio,Gustav Isaksen,save,assisted,895,15.0,56.6,0,0,50.2,2.5,5.9,52.5,0.0
13981556,Bologna,Jens Odgaard,miss,regular,829,15.4,65.1,0,0,42.2,4.2,,,
13981556,Lazio,Valentín Castellanos,save,regular,767,18.4,56.2,0,0,50.3,3.8,1.6,51.8,0.0
13981556,Lazio,Nuno Tavares,miss,regular,691,15.7,27.2,0,0,57.3,5.6,0.90000000000001,42.2,0.0
13981556,Lazio,Danilo Cataldi,miss,free-kick,244,28.5,44.2,0,0,54.1,63.9,,,
13981556,Bologna,Riccardo Orsolini,miss,assisted,46,15.1,67.3,0,0,43.2,5.6,,,
13981558,Fiorentina,Niccolò Fortini,miss,regular,5218,21.9,41.1,0,0,35.8,100.0,,,
13981558,Fiorentina,Cher Ndour,block,assisted,4506,9.2,48.1,0,0,51.4,19.0,7.3,48.2,0.0
13981558,Sassuolo,Ismael Koné,goal,assisted,3846,9.8,65.4,0,0,48.7,2.5,,,
13981558,Sassuolo,Walid Cheddira,block,assisted,3542,4.5,33.6,0,0,53.3,19.0,3.8,35.7,0.0
13981558,Fiorentina,Pablo Marí,miss,assisted,3269,31.3,53.2,0,0,35.3,4.2,,,
13981558,Fiorentina,Moise Kean,miss,assisted,3005,10.7,52.1,0,0,41.3,22.2,,,
13981558,Sassuolo,Tarik Muharemović,goal,corner,2745,3.8,50.3,0,0,48.6,29.7,,,
13981558,Sassuolo,Armand Laurienté,block,throw-in-set-piece,2717,8.8,32.7,0,0,52.9,19.0,7.6,34.7,0.0
13981558,Sassuolo,Tarik Muharemović,save,corner,2678,22.5,64.4,0,0,52.9,7.0,2.7,51.1,0.0
13981558,Fiorentina,Rolando Mandragora,block,free-kick,2581,23.8,68.1,0,0,50.6,19.0,14.4,60.5,0.0
13981558,Fiorentina,Moise Kean,miss,assisted,2259,12.4,56.9,0,0,35.1,8.3,,,
13981558,Sassuolo,Armand Laurienté,miss,free-kick,1991,24.4,36.6,0,0,61.7,29.2,,,
13981558,Sassuolo,Andrea Pinamonti,miss,assisted,1724,9.7,45.0,0,0,39.7,76.4,,,
13981558,Sassuolo,Tarik Muharemović,block,regular,1648,26.5,30.7,0,0,50.1,19.0,19.8,35.6,0.0
13981558,Sassuolo,Andrea Pinamonti,miss,corner,1543,11.7,54.0,0,0,61.5,2.8,,,
13981558,Sassuolo,Armand Laurienté,block,assisted,1492,14.1,31.7,0,0,50.7,19.0,12.0,34.3,0.0
13981558,Sassuolo,Armand Laurienté,save,assisted,1438,10.3,27.4,0,0,51.6,3.2,1.0,47.7,0.0
13981558,Sassuolo,Andrea Pinamonti,miss,assisted,1181,9.4,49.5,0,0,62.7,44.4,,,
13981558,Fiorentina,Moise Kean,block,assisted,858,26.2,55.2,0,0,47.5,19.0,25.4,54.0,0.0
13981558,Sassuolo,Cristian Volpato,goal,assisted,780,20.3,73.3,0,0,49.0,7.6,,,
13981558,Fiorentina,Rolando Mandragora,goal,penalty,536,11.5,50.0,0,0,46.2,7.0,,,
13981558,Fiorentina,Moise Kean,miss,set-piece,139,9.8,59.0,0,0,42.2,69.4,,,
13981552,Udinese,Sandi Lovrić,save,throw-in-set-piece,5682,10.9,67.6,0,0,47.1,25.9,1.0,52.3,0.0
13981552,Udinese,Iker Bravo,block,throw-in-set-piece,5677,18.8,46.2,0,0,51.1,19.0,17.5,46.4,0.0
13981552,Udinese,Nicolò Zaniolo,block,assisted,5078,28.4,70.7,0,0,50.5,19.0,22.9,66.6,0.0
13981552,Udinese,Adam Buksa,miss,assisted,5025,9.7,56.6,0,0,42.0,69.4,,,
13981552,Genoa,Brooke Norton-Cuffy,goal,assisted,4936,8.9,55.0,0,0,46.1,0.6,,,
13981552,Genoa,Jeff Ekhator,miss,assisted,4806,15.0,55.2,0,0,68.6,1.4,,,
13981552,Udinese,Nicolò Zaniolo,save,regular,4776,18.9,50.9,0,0,50.1,7.6,1.5,50.0,0.0
13981552,Udinese,Oumar Solet,miss,assisted,4169,15.9,34.0,0,0,40.2,56.9,,,
13981552,Genoa,Lorenzo Colombo,save,assisted,4134,4.1,57.3,0,0,47.4,14.6,0.59999999999999,52.7,0.0
13981552,Genoa,Ruslan Malinovskyi,miss,regular,4130,25.3,61.1,0,0,95.8,12.5,9.7,13.7,0.0
13981552,Udinese,Jakub Piotrowski,goal,assisted,3846,10.5,43.4,0,0,52.9,29.7,,,
13981552,Udinese,Keinan Davis,block,set-piece,3542,8.8,57.0,0,0,49.6,19.0,6.7,55.4,0.0
13981552,Udinese,Nicolò Zaniolo,miss,assisted,3357,12.8,35.8,0,0,41.5,9.7,6.4,50.2,0.0
13981552,Udinese,Nicolò Bertola,miss,corner,3029,4.6,32.3,0,0,58.3,25.0,,,
13981552,Udinese,Nicolò Bertola,save,corner,3002,11.5,64.8,0,0,45.9,4.4,2.0,51.8,0.0
13981552,Udinese,Keinan Davis,miss,assisted,2898,23.9,35.1,0,0,59.3,84.7,,,
13981552,Genoa,Patrizio Masini,miss,corner,2861,11.7,34.8,0,0,51.6,80.6,,,
13981552,Genoa,Vitinha,save,assisted,2816,25.0,46.8,0,0,48.3,27.8,1.9,50.4,0.0
13981552,Udinese,Jakub Piotrowski,block,set-piece,2903,15.4,36.7,0,0,48.2,19.4,12.9,38.3,0.0
13981552,Udinese,Jakub Piotrowski,miss,throw-in-set-piece,2808,9.9,50.4,0,0,62.7,13.9,,,
13981552,Genoa,Morten Thorsby,save,throw-in-set-piece,2572,9.8,31.1,0,0,51.3,14.6,0.7,48.7,0.0
13981552,Udinese,Nicolò Bertola,block,corner,2496,10.2,38.5,0,0,49.2,19.0,8.0,41.2,0.0
13981552,Udinese,Rui Modesto,save,set-piece,2468,29.7,50.9,0,0,48.5,33.5,1.5,50.0,0.0
13981552,Udinese,Jakub Piotrowski,block,set-piece,2466,23.1,29.5,0,0,50.3,19.0,19.7,32.5,0.0
13981552,Udinese,Oumar Solet,miss,assisted,2271,25.0,27.8,0,0,37.1,88.9,,,
13981552,Genoa,Alessandro Marcandalli,save,corner,2223,13.8,56.8,0,0,47.3,27.2,2.7,52.2,0.0
13981552,Genoa,Patrizio Masini,miss,corner,2222,18.2,45.8,0,0,35.3,6.9,11.8,53.2,0.0
13981552,Genoa,Ruslan Malinovskyi,goal,penalty,2029,11.5,50.0,0,0,48.4,12.7,,,
13981552,Udinese,Jürgen Ekkelenkamp,save,fast-break,1910,14.8,36.4,0,0,50.6,5.7,1.4,49.6,0.0
13981552,Udinese,Jakub Piotrowski,miss,assisted,1831,10.2,55.2,0,0,36.0,15.3,,,
13981552,Udinese,Jakub Piotrowski,miss,corner,1448,7.4,51.3,0,0,48.9,86.1,,,
13981552,Udinese,Keinan Davis,block,assisted,1069,8.8,32.7,0,0,54.2,19.0,7.6,34.5,0.0
13981552,Genoa,Brooke Norton-Cuffy,block,assisted,772,20.6,66.4,0,0,48.2,19.0,14.6,61.9,0.0
13981552,Udinese,Jakub Piotrowski,block,assisted,502,12.4,47.6,0,0,51.6,19.0,8.9,47.8,0.0
13981552,Genoa,Ruslan Malinovskyi,miss,assisted,174,25.7,29.1,0,0,35.0,18.1,12.1,47.8,0.0
13981563,Lecce,Konan N'Dri,block,corner,5717,15.1,63.8,0,0,49.8,19.0,10.2,59.4,0.0
13981563,Lecce,Konan N'Dri,miss,assisted,5550,13.7,75.9,0,0,70.9,68.1,,,
13981563,Cremonese,Antonio Sanabria,goal,assisted,4654,5.1,48.6,0,0,51.3,15.2,,,
13981563,Cremonese,Alessio Zerbin,miss,assisted,4486,18.4,64.4,0,0,58.8,6.9,,,
13981563,Cremonese,Matteo Bianchetti,block,set-piece,4297,11.1,38.5,0,0,51.4,19.0,8.4,41.0,0.0
13981563,Lecce,Francesco Camarda,miss,assisted,4134,4.9,44.4,0,0,59.2,25.0,,,
13981563,Lecce,Medon Berisha,miss,free-kick,4079,26.6,43.0,0,0,56.0,70.8,,,
13981563,Cremonese,Martín Payero,save,corner,3924,7.0,49.9,0,0,50.3,13.3,1.0,49.5,0.0
13981563,Cremonese,Federico Bonazzoli,goal,penalty,3148,11.5,50.0,0,0,45.9,3.2,,,
13981563,Cremonese,Federico Bonazzoli,block,assisted,2862,12.7,54.1,0,0,51.7,19.0,11.2,53.4,0.0
13981563,Cremonese,Federico Bonazzoli,miss,corner,2781,8.1,57.9,0,0,42.5,5.6,5.0,57.8,0.0
13981563,Cremonese,Filippo Terracciano,block,corner,2778,4.3,46.7,0,0,52.6,19.0,2.9,46.9,0.0
13981563,Cremonese,Filippo Terracciano,block,corner,2754,5.2,35.2,0,0,53.5,19.0,4.6,36.5,0.0
13981563,Cremonese,Martín Payero,save,assisted,2059,25.9,39.7,0,0,49.5,16.5,11.6,44.9,0.0
13981563,Lecce,Medon Berisha,miss,assisted,1870,27.7,48.7,0,0,50.6,68.1,,,
13981563,Cremonese,Filippo Terracciano,miss,regular,860,21.6,69.5,0,0,45.0,69.4,,,
13981563,Lecce,Santiago Pierotti,block,regular,793,12.3,42.7,0,0,46.7,19.0,11.4,43.5,0.0
13981563,Lecce,Lassana Coulibaly,miss,corner,431,8.5,43.2,0,0,71.8,5.6,,,
13981563,Lecce,Medon Berisha,save,assisted,393,11.6,68.5,0,0,48.0,20.9,1.1,52.9,0.0
13981563,Lecce,Nikola Štulić,miss,assisted,78,4.5,45.4,0,0,52.9,59.7,,,
13981557,Juventus,Edon Zhegrova,save,assisted,5603,15.8,48.1,0,0,53.1,20.9,0.90000000000001,49.6,0.0
13981557,Juventus,Manuel Locatelli,miss,throw-in-set-piece,4964,22.2,57.0,0,0,80.8,4.2,1.5,23.1,0.0
13981557,Napoli,Matteo Politano,block,fast-break,4827,21.4,67.8,0,0,50.0,19.0,19.5,66.2,0.0
13981557,Napoli,Rasmus Højlund,goal,regular,4635,4.3,53.0,0,0,48.7,36.1,,,
13981557,Napoli,Amir Rrahmani,miss,corner,3602,3.0,61.6,0,0,63.5,12.5,,,
13981557,Juventus,Kenan Yıldız,goal,fast-break,3483,5.9,65.9,0,0,52.7,1.9,,,
13981557,Napoli,Scott McTominay,miss,free-kick,3288,23.0,41.5,0,0,43.4,1.4,,,
13981557,Napoli,Rasmus Højlund,save,assisted,2903,12.2,64.4,0,0,51.7,29.7,1.9,53.8,0.0
13981557,Napoli,Scott McTominay,post,corner,2739,5.1,44.2,0,0,55.3,3.8,,,
13981557,Juventus,Francisco Conceição,miss,assisted,1804,19.8,50.3,0,0,60.8,76.4,,,
13981557,Napoli,Giovanni Di Lorenzo,save,corner,1513,8.6,38.8,0,0,47.5,36.7,1.1,49.5,0.0
13981557,Juventus,Kenan Yıldız,miss,assisted,1219,26.8,53.0,0,0,32.3,48.6,,,
13981557,Napoli,Rasmus Højlund,goal,assisted,393,3.5,54.3,0,0,51.1,0.6,,,
13981557,Napoli,Scott McTominay,miss,corner,331,5.5,43.8,0,0,56.3,25.0,,,
13981560,Cagliari,Gianluca Gaetano,goal,corner,4911,3.8,64.4,0,0,52.5,5.7,,,
13981560,Cagliari,Marco Palestra,miss,assisted,4524,3.2,68.5,0,0,68.1,25.0,,,
13981560,Cagliari,Sebastiano Esposito,miss,assisted,4068,26.0,40.2,0,0,40.8,58.3,,,
13981560,Cagliari,Gabriele Zappa,block,regular,4024,8.8,67.5,0,0,47.7,19.0,7.9,65.9,0.0
13981560,Cagliari,Michael Folorunsho,save,assisted,4021,11.1,38.5,0,0,48.0,1.9,5.0,44.4,0.0
13981560,Cagliari,Alessandro Deiola,save,assisted,3847,23.8,50.9,0,0,51.1,3.2,2.0,50.2,0.0
13981560,Cagliari,Adam Obert,save,assisted,3518,9.7,45.4,0,0,50.3,3.8,6.7,46.9,0.0
13981560,Cagliari,Sebastiano Esposito,save,free-kick,3214,18.6,34.0,0,0,48.8,10.1,0.7,51.1,0.0
13981560,Roma,Lorenzo Pellegrini,save,assisted,2835,16.3,53.0,0,0,48.7,3.8,2.9,51.8,0.0
13981560,Roma,Lorenzo Pellegrini,block,regular,2505,11.9,38.5,0,0,52.3,19.0,10.3,39.7,0.0
13981560,Roma,Matías Soulé,save,corner,1786,4.0,65.8,0,0,46.8,3.2,1.0,52.3,0.0
13981560,Roma,Lorenzo Pellegrini,block,corner,1745,4.6,38.0,0,0,51.6,19.0,3.8,39.7,0.0
13981560,Roma,Zeki Çelik,block,assisted,1720,9.4,60.3,0,0,50.6,19.0,8.0,58.7,0.0
13981560,Cagliari,Sebastiano Esposito,miss,assisted,1673,10.3,44.8,0,0,36.6,26.4,3.5,54.2,0.0
13981560,Cagliari,Sebastiano Esposito,save,assisted,1560,14.9,69.1,0,0,46.1,12.0,1.9,54.2,0.0
13981560,Cagliari,Michael Folorunsho,save,throw-in-set-piece,1376,8.2,45.7,0,0,50.0,17.7,1.6,49.8,0.0
13981560,Cagliari,Sebastiano Esposito,block,free-kick,1359,22.5,70.1,0,0,50.2,19.0,13.4,61.9,0.0
13981560,Cagliari,Marco Palestra,save,assisted,952,25.4,62.8,0,0,48.3,3.8,2.9,51.1,0.0
13981560,Cagliari,Gennaro Borrelli,miss,assisted,676,4.2,30.2,0,0,54.6,58.3,,,
13981560,Roma,Tommaso Baldanzi,block,fast-break,621,12.2,67.5,0,0,50.4,19.0,6.7,58.3,0.0
13981560,Cagliari,Michel Adopo,block,assisted,307,14.1,45.8,0,0,51.0,19.0,12.3,46.2,0.0
13981571,Hellas Verona,Gift Orban,goal,throw-in-set-piece,5553,6.8,41.5,0,0,54.3,4.4,,,
13981571,Hellas Verona,Nicolás Valentini,miss,throw-in-set-piece,5395,20.7,32.1,0,0,37.1,8.3,13.2,45.5,0.0
13981571,Hellas Verona,Gift Orban,block,free-kick,5310,19.8,27.4,0,0,48.0,19.0,9.3,40.4,0.0
13981571,Hellas Verona,Gift Orban,miss,assisted,4839,11.3,78.2,0,0,44.7,72.2,,,
13981571,Hellas Verona,Roberto Gagliardini,save,corner,4646,19.7,50.5,0,0,52.1,5.7,1.1,50.2,0.0
13981571,Fiorentina,Nicolò Fagioli,miss,free-kick,4263,22.8,19.2,0,0,56.6,15.3,,,
13981571,Fiorentina,Unai Núñez,goal,regular,4101,8.9,51.8,0,0,53.9,0.6,,,
13981571,Fiorentina,Moise Kean,save,assisted,4100,14.3,51.7,0,0,50.2,0.6,7.6,51.6,0.0
13981571,Hellas Verona,Gift Orban,miss,fast-break,4063,26.5,50.7,0,0,41.2,20.8,,,
13981571,Fiorentina,Moise Kean,miss,regular,3955,9.8,34.9,0,0,41.2,4.2,,,
13981571,Hellas Verona,Gift Orban,miss,fast-break,3720,8.2,45.0,0,0,47.4,59.7,,,
13981571,Fiorentina,Simon Sohm,miss,corner,3441,9.0,48.0,0,0,18.3,12.5,2.0,84.7,0.0
13981571,Fiorentina,Nicolò Fagioli,save,assisted,3416,23.1,50.5,0,0,46.0,1.3,1.0,50.0,0.0
13981571,Fiorentina,Rolando Mandragora,miss,corner,3384,11.5,47.8,0,0,60.2,11.1,2.7,43.5,0.0
13981571,Fiorentina,Luca Ranieri,miss,corner,3332,3.6,60.5,0,0,54.6,48.6,,,
13981571,Hellas Verona,Rafik Belghali,block,assisted,3237,13.9,45.1,0,0,51.4,19.0,11.6,45.7,0.0
13981571,Fiorentina,Dodô,miss,assisted,3182,10.7,75.9,0,0,43.4,5.6,,,
13981571,Fiorentina,Albert Guðmundsson,block,assisted,3149,16.8,53.4,0,0,48.9,19.0,14.4,53.1,0.0
13981571,Fiorentina,Luca Ranieri,post,set-piece,2882,5.1,46.6,0,0,48.8,40.5,,,
13981571,Fiorentina,Nicolò Fagioli,block,set-piece,2905,22.7,52.6,0,0,51.0,19.0,8.6,50.4,0.0
13981571,Fiorentina,Albert Guðmundsson,block,free-kick,2902,22.9,30.9,0,0,51.0,19.0,14.5,37.5,0.0
13981571,Hellas Verona,Gift Orban,miss,fast-break,2714,46.2,42.1,0,0,13.9,1.4,,,
13981571,Fiorentina,Fabiano Parisi,block,assisted,2595,6.9,44.4,0,0,51.8,19.0,5.3,45.3,0.0
13981571,Hellas Verona,Gift Orban,goal,fast-break,2507,23.9,64.2,0,0,46.6,0.6,,,
13981571,Fiorentina,Rolando Mandragora,save,assisted,2246,14.2,32.5,0,0,48.3,26.6,1.2,49.6,0.0
13981571,Fiorentina,Simon Sohm,block,regular,1957,16.9,35.2,0,0,52.6,19.0,15.7,36.1,0.0
13981571,Fiorentina,Moise Kean,miss,corner,1699,3.7,46.1,0,0,51.6,81.9,,,
13981571,Fiorentina,Moise Kean,save,assisted,1637,10.1,65.5,0,0,49.0,7.0,6.0,59.7,0.0
13981571,Hellas Verona,Daniel Mosquera,block,assisted,1533,5.4,41.1,0,0,49.7,19.0,4.1,43.3,0.0
13981571,Hellas Verona,Daniel Mosquera,miss,assisted,1244,14.6,46.3,0,0,46.6,62.5,,,
13981571,Fiorentina,Moise Kean,miss,assisted,1039,15.7,35.8,0,0,48.4,52.8,,,
13981571,Fiorentina,Moise Kean,block,assisted,673,9.2,74.2,0,0,47.9,19.0,8.0,71.3,0.0
13981571,Hellas Verona,Antoine Bernede,post,assisted,297,10.7,29.7,0,0,52.5,38.6,,,
13981571,Fiorentina,Nicolò Fagioli,block,corner,179,24.0,45.8,0,0,49.9,19.0,19.7,46.6,0.0
13981562,Milan,Strahinja Pavlović,miss,throw-in-set-piece,5735,14.7,55.0,0,0,66.7,20.8,,,
13981562,Milan,Christopher Nkunku,miss,regular,5709,6.9,40.9,0,0,27.6,9.7,1.9,58.7,0.0
13981562,Milan,Ruben Loftus-Cheek,block,fast-break,5554,24.7,49.3,0,0,50.2,19.0,17.1,49.5,0.0
13981562,Sassuolo,Armand Laurienté,post,fast-break,5266,19.5,35.8,0,0,55.4,8.2,,,
13981562,Sassuolo,Armand Laurienté,miss,throw-in-set-piece,5207,4.3,52.6,0,0,36.6,26.4,,,
13981562,Sassuolo,Josh Doig,block,assisted,5037,20.1,42.7,0,0,49.7,19.0,18.1,43.5,0.0
13981562,Sassuolo,Armand Laurienté,goal,assisted,4591,7.7,32.3,0,0,47.6,4.4,,,
13981562,Sassuolo,Jay Idzes,block,corner,4515,9.9,52.1,0,0,49.8,19.0,8.7,51.9,0.0
13981562,Milan,Ruben Loftus-Cheek,save,set-piece,3963,6.7,56.6,0,0,53.3,19.0,1.5,48.9,0.0
13981562,Sassuolo,Kristian Thorstvedt,save,assisted,3671,5.7,57.7,0,0,46.7,13.9,1.1,52.2,0.0
13981562,Milan,Christian Pulišić,block,regular,3355,9.8,62.8,0,0,48.4,19.0,8.8,61.6,0.0
13981562,Milan,Christopher Nkunku,save,regular,2883,23.8,40.9,0,0,46.1,8.2,2.7,49.8,0.0
13981562,Milan,Davide Bartesaghi,goal,assisted,2764,7.1,32.6,0,0,52.9,5.7,,,
13981562,Milan,Alexis Saelemaekers,miss,assisted,2219,21.9,66.7,0,0,57.3,86.1,,,
13981562,Milan,Davide Bartesaghi,goal,assisted,1998,4.4,39.1,0,0,48.4,17.1,,,
13981562,Milan,Adrien Rabiot,save,regular,1719,11.9,53.3,0,0,49.3,17.1,7.7,52.6,0.0
13981562,Sassuolo,Sebastian Walukiewicz,block,set-piece,1668,26.0,60.3,0,0,49.7,19.0,21.2,58.5,0.0
13981562,Milan,Matteo Gabbia,block,corner,1314,8.0,44.8,0,0,45.5,19.0,7.3,45.7,0.0
13981562,Sassuolo,Ismael Koné,goal,assisted,766,4.9,61.1,0,0,52.3,13.9,,,
13981562,Milan,Christopher Nkunku,miss,assisted,192,14.1,50.9,0,0,98.7,4.2,10.6,37.5,0.0
13981562,Milan,Alexis Saelemaekers,miss,assisted,13,27.5,54.2,0,0,53.4,70.8,,,
13981564,Genoa,Caleb Ekuban,save,assisted,5412,13.5,41.5,0,0,49.2,9.5,1.4,50.2,0.0
13981564,Inter,Marcus Thuram,block,corner,5231,18.2,46.6,0,0,52.2,19.0,15.9,46.7,0.0
13981564,Inter,Marcus Thuram,save,corner,5226,4.3,39.9,0,0,53.2,30.4,0.90000000000001,46.4,0.0
13981564,Genoa,Ruslan Malinovskyi,miss,corner,4892,27.2,54.8,0,0,35.6,13.9,13.4,56.0,0.0
13981564,Genoa,Albert Grønbæk,save,free-kick,4821,29.8,48.5,0,0,49.6,10.1,1.0,50.5,0.0
13981564,Genoa,Vitinha,goal,assisted,4070,7.7,47.9,0,0,49.2,3.2,,,
13981564,Inter,Yann Bisseck,miss,corner,4020,6.5,59.5,0,0,45.9,69.4,,,
13981564,Inter,Francesco Pio Esposito,save,assisted,3959,10.1,61.1,0,0,48.7,12.7,2.7,52.3,0.0
13981564,Inter,Piotr Zieliński,block,assisted,3947,26.9,59.3,0,0,49.0,19.0,15.5,55.8,0.0
13981564,Inter,Francesco Pio Esposito,block,assisted,3933,18.9,51.9,0,0,49.2,19.0,16.7,51.8,0.0
13981564,Inter,Lautaro Martínez,save,assisted,3869,17.3,39.5,0,0,51.2,8.2,1.8,49.1,0.0
13981564,Inter,Lautaro Martínez,block,regular,2780,9.7,49.5,0,0,47.6,19.0,7.8,50.0,0.0
13981564,Inter,Lautaro Martínez,goal,regular,2246,11.9,39.5,0,0,46.1,15.8,,,
13981564,Inter,Francesco Pio Esposito,save,assisted,1863,6.9,61.2,0,0,48.5,8.9,3.8,57.2,0.0
13981564,Inter,Yann Bisseck,block,assisted,1484,21.2,65.4,0,0,51.6,19.0,18.0,62.8,0.0
13981564,Inter,Carlos Augusto,miss,assisted,1421,28.2,39.7,0,0,56.3,76.4,,,
13981564,Inter,Yann Bisseck,block,regular,1400,18.1,56.0,0,0,49.6,19.0,16.5,55.5,0.0
13981564,Inter,Lautaro Martínez,save,assisted,1284,15.3,48.5,0,0,50.6,25.9,1.9,49.3,0.0
13981564,Inter,Manuel Akanji,block,corner,1214,8.0,45.9,0,0,51.2,19.0,5.1,46.9,0.0
13981564,Inter,Piotr Zieliński,block,assisted,1177,24.1,62.7,0,0,49.3,19.0,17.5,59.4,0.0
13981564,Inter,Yann Bisseck,goal,assisted,321,14.4,72.4,0,0,46.3,2.5,,,
13981564,Genoa,Brooke Norton-Cuffy,miss,assisted,230,11.4,70.5,0,0,45.0,88.9,,,
13981564,Inter,Lautaro Martínez,save,assisted,95,18.7,78.1,0,0,51.9,17.1,6.6,57.9,0.0
13981570,Napoli,Matteo Politano,miss,regular,5695,18.1,67.5,0,0,53.4,81.9,,,
13981570,Napoli,Lorenzo Lucca,post,assisted,5572,5.3,62.5,0,0,44.7,1.9,,,
13981570,Udinese,Oier Zarraga,miss,regular,5516,10.1,51.9,0,0,47.6,75.0,,,
13981570,Napoli,Rasmus Højlund,miss,assisted,5236,4.3,47.6,0,0,40.2,47.2,,,
13981570,Napoli,Scott McTominay,block,assisted,4631,18.3,49.5,0,0,52.2,19.0,15.9,49.3,0.0
13981570,Udinese,Jürgen Ekkelenkamp,goal,assisted,4373,22.2,33.0,0,0,47.0,25.3,,,
13981570,Udinese,Nicolò Zaniolo,miss,assisted,4026,10.4,57.8,0,0,42.5,29.2,,,
13981570,Udinese,Keinan Davis,block,assisted,3750,19.0,51.2,0,0,50.1,19.0,17.3,51.1,0.0
13981570,Udinese,Nicolò Zaniolo,block,regular,3526,13.9,51.9,0,0,49.8,19.0,8.6,51.3,0.0
13981570,Udinese,Jakub Piotrowski,save,assisted,3524,10.5,60.0,0,0,48.7,22.8,1.4,51.4,0.0
13981570,Udinese,Jürgen Ekkelenkamp,miss,fast-break,3499,22.9,43.4,0,0,64.4,13.9,12.1,41.9,0.0
13981570,Udinese,Jürgen Ekkelenkamp,block,free-kick,3394,19.1,47.2,0,0,49.3,19.0,10.7,48.7,0.0
13981570,Udinese,Nicolò Bertola,save,assisted,3060,21.0,29.7,0,0,48.8,8.9,2.5,48.0,0.0
13981570,Napoli,Rasmus Højlund,miss,regular,2890,15.0,49.8,0,0,23.9,8.3,13.4,56.3,0.0
13981570,Udinese,Jürgen Ekkelenkamp,block,throw-in-set-piece,2788,13.6,45.7,0,0,49.3,19.0,6.8,48.2,0.0
13981570,Udinese,Jakub Piotrowski,miss,assisted,2489,12.9,53.7,0,0,39.5,37.5,,,
13981570,Udinese,Nicolò Zaniolo,block,free-kick,1869,26.0,59.6,0,0,50.6,19.0,18.1,56.5,0.0
13981570,Udinese,Nicolò Zaniolo,block,assisted,1802,23.0,47.8,0,0,50.5,19.0,12.9,48.6,0.0
13981570,Udinese,Jürgen Ekkelenkamp,save,fast-break,1788,21.8,45.5,0,0,48.6,9.5,1.9,50.5,0.0
13981570,Udinese,Nicolò Bertola,block,assisted,1541,24.4,27.0,0,0,47.2,19.0,13.6,38.4,0.0
13981570,Udinese,Oumar Solet,miss,assisted,1329,23.6,30.3,0,0,41.3,72.2,,,
13981570,Udinese,Christian Kabasele,save,set-piece,972,11.5,53.4,0,0,51.2,29.1,1.9,51.1,0.0
13981570,Napoli,Giovanni Di Lorenzo,miss,corner,851,6.6,40.3,0,0,22.2,5.6,4.2,48.4,0.0
13981570,Napoli,Noa Lang,miss,corner,622,13.5,37.8,0,0,47.9,66.7,,,
13981570,Udinese,Jakub Piotrowski,miss,assisted,164,21.8,64.0,0,0,60.8,52.8,,,
13981577,Roma,Leon Bailey,save,assisted,5538,19.3,65.7,0,0,46.7,16.5,1.6,52.5,0.0
13981577,Como,Stefan Posch,miss,assisted,5485,11.2,70.4,0,0,43.4,31.9,,,
13981577,Como,Stefan Posch,miss,assisted,4995,10.4,33.1,0,0,33.6,5.6,9.2,36.3,0.0
13981577,Como,Stefan Posch,save,set-piece,4465,13.0,52.9,0,0,47.8,24.7,1.0,51.4,0.0
13981577,Roma,Evan Ferguson,miss,assisted,3813,9.8,30.9,0,0,39.7,1.4,,,
13981577,Roma,Wesley,goal,assisted,3598,12.5,71.6,0,0,54.5,1.9,,,
13981577,Como,Maxence Caqueret,miss,corner,3240,23.2,44.4,0,0,1.7,6.9,14.9,54.5,0.0
13981577,Como,Lucas Da Cunha,block,corner,3199,19.7,53.6,0,0,49.1,19.0,15.8,53.1,0.0
13981577,Como,Nico Paz,block,corner,3197,14.2,59.2,0,0,49.1,19.0,7.7,55.4,0.0
13981577,Como,Nico Paz,block,fast-break,3154,11.6,32.3,0,0,51.3,19.0,9.2,35.7,0.0
13981577,Como,Anastasios Douvikas,block,fast-break,3148,9.8,70.9,0,0,53.4,19.0,8.0,66.4,0.0
13981577,Roma,Evan Ferguson,save,set-piece,3111,3.7,74.4,0,0,45.9,3.8,0.5,54.7,0.0
13981577,Como,Jacobo Ramón,block,set-piece,2904,13.6,29.9,0,0,52.2,19.0,12.8,31.0,0.0
13981577,Roma,Lorenzo Pellegrini,miss,throw-in-set-piece,2764,13.3,44.5,0,0,25.2,15.3,7.0,58.8,0.0
13981577,Como,Jayden Addai,miss,regular,2538,17.8,70.9,0,0,65.9,84.7,,,
13981577,Roma,Evan Ferguson,save,assisted,2512,10.5,54.9,0,0,48.6,10.1,2.5,51.4,0.0
13981577,Roma,Evan Ferguson,block,assisted,2433,11.1,60.7,0,0,50.3,19.0,7.5,56.9,0.0
13981577,Como,Assane Diao,block,fast-break,1803,17.6,33.0,0,0,50.2,19.0,14.4,36.1,0.0
13981577,Roma,Evan Ndicka,block,corner,1793,8.9,49.1,0,0,53.0,19.0,7.3,48.7,0.0
13981577,Roma,Matías Soulé,block,assisted,1757,22.2,60.0,0,0,51.6,19.0,15.1,56.3,0.0
13981577,Roma,Matías Soulé,block,assisted,1714,8.8,68.3,0,0,52.4,19.0,7.1,64.3,0.0
13981577,Roma,Wesley,miss,assisted,1497,12.3,63.9,0,0,61.0,81.9,,,
13981577,Roma,Matías Soulé,block,assisted,1495,11.0,45.6,0,0,51.0,19.0,7.9,46.6,0.0
13981577,Roma,Lorenzo Pellegrini,miss,corner,1448,2.3,43.2,0,0,57.0,76.4,,,
13981577,Roma,Wesley,block,regular,1297,10.9,72.0,0,0,49.4,19.0,9.8,69.9,0.0
13981577,Como,Nico Paz,miss,assisted,804,22.5,64.0,0,0,39.8,5.6,,,
13981577,Como,Maxence Caqueret,block,assisted,361,14.3,67.2,0,0,54.1,19.0,13.1,65.3,0.0
13981565,Juventus,Loïs Openda,miss,regular,5656,10.2,65.6,0,0,48.6,73.6,,,
13981565,Bologna,Federico Bernardeschi,block,set-piece,5587,27.1,50.3,0,0,49.5,19.0,17.9,50.4,0.0
13981565,Juventus,Loïs Openda,save,assisted,5440,12.4,52.9,0,0,52.8,4.4,1.4,49.8,0.0
13981565,Juventus,Kenan Yıldız,block,fast-break,5418,11.9,37.4,0,0,53.7,19.0,9.3,39.3,0.0
13981565,Bologna,Federico Bernardeschi,save,assisted,4933,20.9,39.7,0,0,50.3,3.8,1.2,49.6,0.0
13981565,Bologna,Santiago Castro,block,regular,4883,31.4,45.7,0,0,50.1,19.0,22.3,46.9,0.0
13981565,Juventus,Juan Cabal,block,set-piece,4249,24.8,42.7,0,0,48.5,19.0,19.2,43.3,0.0
13981565,Juventus,Teun Koopmeiners,block,free-kick,4245,23.3,52.7,0,0,48.4,19.0,13.1,52.2,0.0
13981565,Juventus,Juan Cabal,goal,corner,3823,3.7,49.8,0,0,51.8,15.2,,,
13981565,Juventus,Kenan Yıldız,block,fast-break,3777,12.1,60.0,0,0,50.2,19.0,9.0,57.4,0.0
13981565,Bologna,Lewis Ferguson,block,assisted,3486,11.1,56.2,0,0,49.0,19.0,4.6,51.6,0.0
13981565,Bologna,Riccardo Orsolini,miss,regular,3273,13.3,57.5,0,0,33.9,4.2,10.6,58.1,0.0
13981565,Bologna,Thijs Dallinga,miss,assisted,3274,13.5,60.0,0,0,63.7,65.3,,,
13981565,Juventus,Francisco Conceição,miss,assisted,2799,22.9,66.0,0,0,57.1,73.6,,,
13981565,Bologna,Nadir Zortea,post,assisted,2725,3.3,67.7,0,0,49.6,39.9,,,
13981565,Juventus,Weston McKennie,miss,assisted,2537,9.9,44.8,0,0,62.2,23.6,8.0,38.8,0.0
13981565,Bologna,Riccardo Orsolini,block,assisted,2266,4.0,69.4,0,0,45.6,19.0,3.3,66.6,0.0
13981565,Juventus,Weston McKennie,miss,assisted,1908,8.8,49.3,0,0,33.3,12.5,,,
13981565,Bologna,Riccardo Orsolini,save,regular,1079,21.2,60.5,0,0,53.7,10.1,1.8,52.2,0.0
13981565,Juventus,Kenan Yıldız,save,assisted,753,11.2,32.7,0,0,49.9,9.5,4.5,41.3,0.0
13981565,Juventus,Khéphren Thuram,miss,assisted,564,25.5,34.0,0,0,59.7,6.9,,,
13981565,Bologna,Tommaso Pobega,save,set-piece,267,8.8,38.0,0,0,48.1,1.9,1.2,49.1,0.0
13981565,Bologna,Riccardo Orsolini,save,set-piece,268,3.0,61.7,0,0,48.1,18.4,1.4,55.1,0.0
13981565,Juventus,Francisco Conceição,block,assisted,28,10.5,63.4,0,0,51.1,19.0,9.4,61.9,0.0
13981573,Cremonese,Filippo Terracciano,block,regular,5833,20.3,51.0,0,0,49.6,19.0,17.0,50.9,0.0
13981573,Cremonese,Franco Vázquez,miss,assisted,5696,25.9,37.4,0,0,56.6,72.2,,,
13981573,Torino,Kristjan Asllani,block,regular,5402,24.3,70.8,0,0,51.9,19.0,20.2,67.0,0.0
13981573,Torino,Giovanni Simeone,block,assisted,5213,14.5,37.4,0,0,51.1,19.0,12.3,39.2,0.0
13981573,Torino,Giovanni Simeone,save,fast-break,5174,8.6,27.4,0,0,52.3,18.1,1.0,48.0,0.0
13981573,Torino,Che Adams,miss,fast-break,4890,14.2,33.6,0,0,43.0,13.9,,,
13981573,Cremonese,Faris Moumbagna,miss,assisted,4763,5.3,57.6,0,0,46.4,75.0,,,
13981573,Torino,Marcus Pedersen,block,fast-break,4664,4.9,30.0,0,0,47.4,19.0,4.4,32.5,0.0
13981573,Cremonese,Federico Ceccherini,save,set-piece,4527,28.3,45.6,0,0,51.1,24.1,1.2,50.4,0.0
13981573,Torino,Saúl Coco,block,corner,4433,7.4,54.3,0,0,48.4,19.0,5.5,53.6,0.0
13981573,Torino,Ardian Ismajli,save,regular,4138,8.3,65.2,0,0,50.3,31.0,1.0,52.5,0.0
13981573,Torino,Che Adams,save,assisted,4135,13.0,28.9,0,0,49.8,17.1,1.5,47.1,0.0
13981573,Cremonese,Antonio Sanabria,miss,corner,3964,8.6,54.7,0,0,41.7,58.3,,,
13981573,Torino,Guillermo Maripán,block,corner,3724,10.2,48.1,0,0,49.7,19.0,8.1,48.6,0.0
13981573,Torino,Che Adams,block,fast-break,3667,7.6,55.4,0,0,49.0,19.0,5.8,57.9,0.0
13981573,Torino,Gvidas Gineitis,block,fast-break,3423,23.7,32.9,0,0,45.5,19.0,20.6,35.7,0.0
13981573,Cremonese,Federico Ceccherini,miss,corner,3393,10.6,37.8,0,0,0.5,15.3,10.7,49.5,0.0
13981573,Torino,Ardian Ismajli,save,corner,2969,3.0,57.0,0,0,45.8,2.5,1.1,54.2,0.0
13981573,Cremonese,Federico Baschirotto,block,set-piece,2472,11.4,45.0,0,0,50.6,19.0,9.7,45.7,0.0
13981573,Torino,Guillermo Maripán,miss,assisted,2313,9.2,47.9,0,0,66.1,6.9,4.0,38.4,0.0
13981573,Torino,Che Adams,block,assisted,2214,14.6,24.6,0,0,51.5,19.0,11.1,30.3,0.0
13981573,Cremonese,Federico Bonazzoli,save,assisted,1727,14.5,50.3,0,0,53.0,19.6,1.4,50.9,0.0
13981573,Torino,Nikola Vlašić,goal,assisted,1572,9.5,43.4,0,0,53.2,18.4,,,
13981573,Torino,Kristjan Asllani,miss,assisted,1350,30.5,55.4,0,0,50.4,70.8,,,
13981573,Torino,Ardian Ismajli,miss,assisted,1339,4.5,60.6,0,0,91.1,11.1,4.2,56.0,0.0
13981573,Torino,Che Adams,save,assisted,1138,12.3,32.9,0,0,48.2,2.5,1.2,47.3,0.0
13981573,Cremonese,Federico Ceccherini,save,corner,806,8.8,47.7,0,0,52.6,23.4,1.5,48.9,0.0
13981573,Cremonese,Federico Bonazzoli,block,assisted,722,11.3,46.2,0,0,50.9,19.0,5.5,47.1,0.0
13981561,Pisa,Simone Canestrelli,block,assisted,5658,14.5,48.5,0,0,52.5,19.0,12.7,48.4,0.0
13981561,Lecce,Nikola Štulić,miss,assisted,5592,9.8,37.6,0,0,63.7,34.7,,,
13981561,Pisa,Isak Vural,miss,set-piece,5184,8.8,57.9,0,0,45.7,76.4,,,
13981561,Pisa,Lorran,block,assisted,4607,10.8,46.1,0,0,51.1,19.0,9.7,46.4,0.0
13981561,Lecce,Nikola Štulić,goal,assisted,4289,4.9,46.8,0,0,46.5,16.5,,,
13981561,Lecce,Ylber Ramadani,miss,corner,4249,13.2,80.1,0,0,40.0,87.5,,,
13981561,Lecce,Nikola Štulić,miss,corner,4168,7.1,50.7,0,0,50.9,65.3,,,
13981561,Lecce,Lameck Banda,block,corner,4134,14.8,30.3,0,0,52.0,19.0,13.6,31.8,0.0
13981561,Lecce,Corrie Ndaba,miss,corner,4128,7.1,57.3,0,0,98.5,1.4,11.8,19.1,0.0
13981561,Lecce,Lassana Coulibaly,miss,set-piece,3922,3.2,43.0,0,0,58.3,51.4,,,
13981561,Lecce,Francesco Camarda,miss,set-piece,3920,11.3,58.6,0,0,68.2,19.4,7.9,48.9,0.0
13981561,Lecce,Riccardo Sottil,miss,assisted,3484,13.6,29.3,0,0,39.3,22.2,,,
13981561,Lecce,Mohamed Kaba,miss,corner,2785,21.7,42.1,0,0,1.7,8.3,9.8,87.7,0.0
13981561,Lecce,Tiago Gabriel,miss,corner,2631,6.9,47.9,0,0,61.7,25.0,,,
13981561,Lecce,Santiago Pierotti,block,fast-break,2272,14.1,68.9,0,0,48.2,19.0,11.8,66.1,0.0
13981561,Lecce,Tiago Gabriel,miss,corner,1837,4.2,51.5,0,0,41.5,11.1,,,
13981561,Lecce,Francesco Camarda,block,corner,1642,4.1,45.3,0,0,50.7,19.0,1.5,47.8,0.0
13981561,Lecce,Kialonda Gaspar,save,corner,1641,4.9,35.0,0,0,49.8,22.2,0.59999999999999,47.8,0.0
13981561,Lecce,Corrie Ndaba,block,assisted,1606,29.7,39.0,0,0,52.3,19.0,26.0,40.1,0.0
13981561,Lecce,Santiago Pierotti,save,assisted,1181,11.3,53.6,0,0,49.2,3.8,0.90000000000001,49.3,0.0
13981561,Lecce,Lassana Coulibaly,miss,assisted,1119,14.0,30.3,0,0,45.0,75.0,,,
13981561,Lecce,Francesco Camarda,block,assisted,1114,20.6,66.2,0,0,52.4,19.0,17.9,63.7,0.0
13981561,Lecce,Riccardo Sottil,block,assisted,1063,20.3,24.4,0,0,47.4,19.0,13.1,34.5,0.0
13981561,Pisa,Stefano Moreo,miss,corner,1021,7.3,55.5,0,0,45.5,72.2,,,
13981561,Pisa,Stefano Moreo,block,regular,988,8.2,72.0,0,0,53.0,19.0,8.0,70.4,0.0
13981561,Lecce,Riccardo Sottil,block,corner,336,18.6,76.6,0,0,47.7,19.0,7.0,61.4,0.0
13981569,Cagliari,Matteo Prati,miss,corner,5383,3.8,35.9,0,0,58.8,77.8,,,
13981569,Atalanta,Nicola Zalewski,save,assisted,5089,23.2,37.8,0,0,46.4,19.0,1.6,49.8,0.0
13981569,Atalanta,Nicola Zalewski,save,fast-break,5074,7.4,33.6,0,0,52.0,5.1,0.90000000000001,45.8,0.0
13981569,Atalanta,Gianluca Scamacca,goal,regular,4830,7.1,54.1,0,0,49.6,4.4,,,
13981569,Cagliari,Gianluca Gaetano,goal,assisted,4468,8.6,37.5,0,0,46.4,12.0,,,
13981569,Atalanta,Yunus Musah,miss,assisted,4029,22.3,49.1,0,0,63.5,69.4,,,
13981569,Atalanta,Charles De Ketelaere,save,throw-in-set-piece,3332,13.4,69.3,0,0,47.7,24.1,5.9,58.3,0.0
13981569,Atalanta,Charles De Ketelaere,block,regular,3120,18.3,69.4,0,0,52.8,19.0,17.3,68.2,0.0
13981569,Cagliari,Gennaro Borrelli,miss,assisted,2821,8.9,50.2,0,0,42.9,16.7,,,
13981569,Atalanta,Charles De Ketelaere,block,regular,2423,4.7,48.3,0,0,50.9,19.0,3.2,48.6,0.0
13981569,Atalanta,Ademola Lookman,save,assisted,2419,8.8,29.5,0,0,48.5,3.8,1.5,44.9,0.0
13981569,Atalanta,Odilon Kossounou,miss,assisted,2352,22.3,64.0,0,0,62.5,83.3,,,
13981569,Atalanta,Gianluca Scamacca,save,assisted,2327,12.6,57.7,0,0,49.4,12.0,6.7,54.0,0.0
13981569,Cagliari,Gennaro Borrelli,miss,assisted,2294,26.2,41.9,0,0,31.8,87.5,,,
13981569,Cagliari,Adam Obert,block,regular,2019,4.8,39.3,0,0,50.0,19.0,4.0,41.2,0.0
13981569,Atalanta,Charles De Ketelaere,block,assisted,1919,19.3,68.6,0,0,50.1,19.0,18.0,67.3,0.0
13981569,Atalanta,Berat Djimsiti,miss,corner,1608,6.6,50.7,0,0,53.9,69.4,,,
13981569,Atalanta,Ademola Lookman,block,assisted,1568,13.4,47.1,0,0,51.6,16.7,10.6,47.8,0.0
13981569,Cagliari,Marco Palestra,miss,set-piece,1175,14.4,45.8,0,0,33.1,18.1,8.6,53.2,0.0
13981569,Cagliari,Alessandro Deiola,block,set-piece,1161,27.7,49.7,0,0,50.4,19.0,13.2,49.6,0.0
13981569,Cagliari,Marco Palestra,miss,set-piece,1023,18.9,47.2,0,0,58.0,45.8,,,
13981569,Atalanta,Gianluca Scamacca,goal,assisted,611,4.5,50.4,0,0,53.2,10.8,,,
13981569,Atalanta,Davide Zappacosta,miss,assisted,608,11.5,64.7,0,0,62.0,5.6,4.2,49.3,0.0
13981569,Atalanta,Ademola Lookman,miss,regular,409,2.7,40.5,0,0,57.8,26.4,,,
13981569,Atalanta,Ademola Lookman,save,assisted,408,9.6,37.6,0,0,47.1,4.4,6.3,41.0,0.0
13981566,Parma,Milan Đurić,miss,assisted,5701,11.0,56.4,0,0,61.8,12.5,,,
13981566,Parma,Nahuel Estévez,miss,throw-in-set-piece,5549,19.5,50.7,0,0,32.1,6.9,,,
13981566,Parma,Adrián Bernabé,block,assisted,5424,28.6,65.2,0,0,49.9,19.0,15.5,58.3,0.0
13981566,Parma,Mateo Pellegrino,miss,corner,5091,15.4,49.5,0,0,36.6,54.2,,,
13981566,Parma,Nahuel Estévez,save,corner,5034,21.6,63.9,0,0,48.7,31.0,2.4,49.8,0.0
13981566,Parma,Lautaro Valenti,block,assisted,5031,12.6,39.9,0,0,53.2,19.0,11.0,40.8,0.0
13981566,Parma,Mariano Troilo,block,assisted,4993,27.9,49.1,0,0,48.3,19.0,24.1,49.5,0.0
13981566,Lazio,Tijjani Noslin,goal,assisted,4882,12.6,48.1,0,0,47.9,5.1,,,
13981566,Parma,Lautaro Valenti,block,corner,4480,25.1,27.9,0,0,50.7,19.0,19.3,32.8,0.0
13981566,Parma,Adrián Bernabé,miss,assisted,3879,14.0,51.0,0,0,59.5,98.6,,,
13981566,Parma,Emanuele Valeri,save,free-kick,3814,31.8,44.1,0,0,46.1,1.9,1.4,49.6,0.0
13981566,Parma,Adrián Bernabé,miss,assisted,3584,6.6,50.7,0,0,41.7,18.1,5.3,52.5,0.0
13981566,Parma,Mariano Troilo,block,corner,3399,13.5,55.2,0,0,52.7,19.0,12.0,54.3,0.0
13981566,Lazio,Valentín Castellanos,block,assisted,3224,24.6,59.9,0,0,51.0,19.0,20.6,58.1,0.0
13981566,Lazio,Matteo Cancellieri,save,assisted,3133,22.9,54.7,0,0,49.4,2.5,2.9,50.9,0.0
13981566,Parma,Mateo Pellegrino,save,assisted,2804,10.8,35.4,0,0,51.6,8.2,1.6,45.7,0.0
13981566,Parma,Gaetano Oristanio,save,assisted,2752,15.8,41.4,0,0,51.0,2.5,1.6,48.4,0.0
13981566,Lazio,Matteo Cancellieri,miss,assisted,2404,10.7,53.3,0,0,56.1,90.3,,,
13981566,Lazio,Valentín Castellanos,miss,assisted,2403,9.8,42.1,0,0,6.7,4.2,10.3,51.4,0.0
13981566,Parma,Mateo Pellegrino,miss,assisted,2328,13.1,32.5,0,0,58.3,69.4,,,
13981566,Lazio,Danilo Cataldi,block,regular,2284,24.0,34.8,0,0,52.0,19.0,21.8,35.9,0.0
13981566,Lazio,Toma Bašić,save,assisted,2273,13.2,39.5,0,0,48.7,12.7,1.4,47.3,0.0
13981566,Lazio,Matteo Cancellieri,miss,corner,2048,9.5,40.9,0,0,36.6,2.8,5.3,51.8,0.0
13981566,Lazio,Valentín Castellanos,block,assisted,2014,9.9,61.1,0,0,47.3,19.0,8.5,59.9,0.0
13981566,Parma,Gaetano Oristanio,miss,assisted,1763,7.3,44.5,0,0,58.3,33.3,,,
13981566,Lazio,Toma Bašić,miss,free-kick,1715,24.7,67.3,0,0,44.4,58.3,,,
13981566,Lazio,Alessio Romagnoli,miss,set-piece,1550,10.4,54.4,0,0,41.0,68.1,,,
13981566,Lazio,Mattia Zaccagni,block,assisted,1467,26.3,25.1,0,0,48.4,19.0,7.5,44.0,0.0
13981566,Lazio,Valentín Castellanos,miss,assisted,1225,29.7,41.7,0,0,61.3,16.7,,,
13981566,Parma,Adrian Benedyczak,miss,assisted,1102,13.1,45.1,0,0,55.5,73.6,,,
13981566,Lazio,Adam Marušić,save,set-piece,955,3.9,58.0,0,0,52.7,19.0,0.7,49.3,0.0
13981566,Parma,Mateo Pellegrino,miss,regular,802,11.7,54.0,0,0,46.7,81.9,,,
13981566,Parma,Adrián Bernabé,save,assisted,781,16.2,63.1,0,0,51.2,15.2,1.5,53.1,0.0
13981566,Lazio,Matteo Cancellieri,save,regular,186,4.6,67.0,0,0,52.3,12.7,0.7,54.3,0.0
