match,team,player,type,situation,time_seconds,start_coord_x,start_coord_y,start_coord_z,goal_coord_x,goal_coord_y,goal_coord_z,block_coord_x,block_coord_y,block_coord_z
13981431,Sassuolo,Daniel Boloca,miss,fast-break,5614,15.3,46.2,0,0,42.5,93.1,,,
13981431,Napoli,Frank Anguissa,miss,assisted,5478,15.1,54.8,0,0,42.0,62.5,,,
13981431,Sassuolo,Andrea Pinamonti,miss,fast-break,5250,25.8,49.3,0,0,35.6,87.5,,,
13981431,Sassuolo,Alieu Fadera,block,fast-break,4999,7.0,31.2,0,0,52.3,19.0,5.9,33.7,0.0
13981431,Sassuolo,Daniel Boloca,miss,assisted,4283,23.1,33.1,0,0,30.4,40.3,,,
13981431,Sassuolo,Tarik Muharemović,save,assisted,3879,26.8,35.4,0,0,50.4,13.9,2.4,48.9,0.0
13981431,Napoli,Matteo Politano,block,assisted,3822,25.4,60.0,0,0,53.0,19.0,22.8,58.7,0.0
13981431,Napoli,Lorenzo Lucca,block,assisted,3555,19.8,62.3,0,0,47.0,19.0,16.7,60.8,0.0
13981431,Napoli,Kevin De Bruyne,goal,free-kick,3388,18.4,4.1,0,0,46.1,21.5,,,
13981431,Napoli,Lorenzo Lucca,save,regular,3273,3.5,47.7,0,0,46.6,3.2,0.7,49.3,0.0
13981431,Napoli,Matteo Politano,block,assisted,3271,13.6,50.8,0,0,49.7,19.0,11.4,50.7,0.0
13981431,Sassuolo,Domenico Berardi,miss,regular,3139,9.6,27.7,0,0,42.4,22.2,,,
13981431,Napoli,Kevin De Bruyne,block,free-kick,2981,25.7,42.9,0,0,47.9,19.0,16.4,46.2,0.0
13981431,Napoli,Scott McTominay,post,regular,2747,21.5,44.0,0,0,47.7,38.6,,,
13981431,Sassuolo,Josh Doig,save,fast-break,2542,13.6,19.5,0,0,47.7,3.8,1.5,47.1,0.0
13981431,Napoli,Scott McTominay,save,regular,1286,26.4,45.7,0,0,48.5,2.5,2.7,49.8,0.0
13981431,Napoli,Scott McTominay,goal,assisted,970,8.4,55.5,0,0,46.4,23.4,,,
13981431,Napoli,Matteo Politano,block,assisted,858,15.9,70.6,0,0,50.6,19.0,13.4,67.3,0.0
13981431,Napoli,Amir Rrahmani,miss,corner,699,8.6,40.9,0,0,38.0,5.6,,,
13981431,Napoli,Kevin De Bruyne,miss,regular,26,14.9,50.8,0,0,50.1,77.8,,,
13981422,Genoa,Nicolae Stanciu,miss,free-kick,4882,18.7,70.9,0,0,43.9,26.4,,,
13981422,Genoa,Aarón Martín,save,regular,3853,18.9,27.4,0,0,52.6,19.0,1.6,47.5,0.0
13981422,Lecce,Tete Morente,miss,corner,3372,9.5,54.0,0,0,37.5,11.1,,,
13981422,Genoa,Nicolae Stanciu,block,assisted,3111,24.8,60.3,0,0,51.0,19.0,22.0,59.0,0.0
13981422,Lecce,Francesco Camarda,miss,assisted,2752,10.4,41.3,0,0,11.9,8.3,1.0,72.0,0.0
13981422,Genoa,Valentín Carboni,save,assisted,2470,15.5,52.7,0,0,54.2,1.3,1.0,50.0,0.0
13981422,Lecce,Antonino Gallo,miss,assisted,2078,4.4,33.7,0,0,0.7,11.1,3.8,100.0,0.0
13981422,Genoa,Nicolae Stanciu,miss,fast-break,1899,10.2,35.8,0,0,40.7,70.8,,,
13981422,Lecce,Lameck Banda,block,assisted,1636,20.7,27.1,0,0,52.1,19.0,17.9,30.0,0.0
13981422,Lecce,Danilo Veiga,block,corner,280,5.2,37.4,0,0,50.3,19.0,2.9,42.8,0.0
13981422,Lecce,Tete Morente,block,regular,231,11.9,37.8,0,0,48.0,19.0,7.0,43.7,0.0
13981422,Lecce,Tete Morente,block,regular,20,24.3,50.3,0,0,50.6,19.0,21.1,50.2,0.0
13981439,Milan,Alexis Saelemaekers,block,corner,5592,2.1,60.1,0,0,45.8,19.0,1.4,58.1,0.0
13981439,Milan,Santiago Giménez,save,corner,5591,3.8,51.9,0,0,48.1,19.0,1.9,51.9,0.0
13981439,Milan,Alexis Saelemaekers,block,assisted,5524,12.3,65.6,0,0,49.0,19.0,10.9,63.9,0.0
13981439,Milan,Ruben Loftus-Cheek,block,assisted,5514,4.2,44.4,0,0,50.7,19.0,3.5,45.2,0.0
13981439,Milan,Ardon Jashari,block,assisted,5460,24.3,37.7,0,0,48.5,19.0,20.5,39.9,0.0
13981439,Milan,Ruben Loftus-Cheek,miss,assisted,4742,12.6,59.1,0,0,42.4,9.7,,,
13981439,Milan,Christian Pulišić,miss,assisted,3780,13.8,35.6,0,0,40.5,43.1,,,
13981439,Cremonese,Federico Bonazzoli,goal,assisted,3634,10.5,56.8,0,0,46.8,14.6,,,
13981439,Milan,Youssouf Fofana,miss,assisted,3320,18.5,48.5,0,0,45.2,81.9,,,
13981439,Milan,Matteo Gabbia,block,corner,3218,4.0,42.5,0,0,52.5,19.0,3.2,43.5,0.0
13981439,Milan,Youssouf Fofana,save,assisted,3185,14.2,47.4,0,0,52.2,4.4,0.90000000000001,51.3,0.0
13981439,Milan,Christian Pulišić,save,corner,3138,17.6,45.6,0,0,48.7,2.5,1.4,49.1,0.0
13981439,Milan,Luka Modrić,save,assisted,3107,23.1,51.5,0,0,49.3,31.0,0.90000000000001,51.8,0.0
13981439,Milan,Youssouf Fofana,miss,assisted,3008,24.3,43.8,0,0,39.3,68.1,,,
13981439,Milan,Santiago Giménez,miss,regular,2897,4.2,65.2,0,0,41.7,65.3,,,
13981439,Milan,Fikayo Tomori,save,assisted,2783,10.5,64.6,0,0,51.3,5.7,1.2,53.6,0.0
13981439,Milan,Strahinja Pavlović,goal,assisted,2758,5.4,55.0,0,0,47.3,18.4,,,
13981439,Milan,Santiago Giménez,miss,corner,2609,8.6,63.4,0,0,62.4,26.4,,,
13981439,Cremonese,Federico Baschirotto,goal,corner,1638,9.5,46.2,0,0,53.1,21.5,,,
13981439,Milan,Ruben Loftus-Cheek,miss,assisted,1533,11.3,62.8,0,0,74.8,5.6,,,
13981439,Cremonese,Giuseppe Pezzella,miss,assisted,1416,9.1,27.8,0,0,58.3,11.1,,,
13981439,Cremonese,Federico Bonazzoli,save,assisted,1329,12.2,68.3,0,0,45.8,13.9,1.2,52.3,0.0
13981439,Milan,Youssouf Fofana,block,assisted,1297,18.4,53.0,0,0,48.8,19.0,9.7,52.2,0.0
13981439,Milan,Ruben Loftus-Cheek,block,assisted,983,10.6,56.7,0,0,49.8,19.0,7.3,54.7,0.0
13981439,Milan,Pervis Estupiñán,miss,corner,950,29.1,58.7,0,0,42.0,8.3,,,
13981439,Milan,Luka Modrić,block,assisted,869,25.4,51.5,0,0,51.8,19.0,20.8,50.9,0.0
13981439,Milan,Matteo Gabbia,miss,corner,298,7.5,61.0,0,0,59.7,8.3,2.9,50.2,0.0
13981439,Milan,Santiago Giménez,block,assisted,232,11.3,64.6,0,0,53.4,19.0,9.2,61.2,0.0
13981428,Roma,Paulo Dybala,block,assisted,5478,12.5,39.9,0,0,51.0,19.0,9.0,42.4,0.0
13981428,Bologna,Santiago Castro,miss,set-piece,5420,7.5,48.5,0,0,34.6,4.2,,,
13981428,Bologna,Riccardo Orsolini,miss,fast-break,4912,20.2,41.0,0,0,38.3,5.6,,,
13981428,Bologna,Riccardo Orsolini,miss,corner,4831,13.6,57.9,0,0,55.3,68.1,,,
13981428,Bologna,Federico Bernardeschi,block,assisted,4799,15.0,55.6,0,0,52.2,19.0,11.9,54.0,0.0
13981428,Roma,Paulo Dybala,save,assisted,4503,16.6,59.4,0,0,52.9,13.9,2.3,51.6,0.0
13981428,Bologna,Tommaso Pobega,miss,set-piece,4050,23.1,61.7,0,0,39.5,18.1,11.6,63.9,0.0
13981428,Roma,Matías Soulé,miss,fast-break,3942,18.2,64.6,0,0,58.0,90.3,,,
13981428,Bologna,Santiago Castro,miss,assisted,3782,9.5,43.9,0,0,53.8,81.9,,,
13981428,Roma,Manu Koné,miss,fast-break,3721,9.5,45.4,0,0,57.6,5.6,,,
13981428,Roma,Stephan El Shaarawy,miss,regular,3370,30.0,49.3,0,0,40.0,4.2,15.0,55.4,0.0
13981428,Bologna,Riccardo Orsolini,save,assisted,3319,12.0,74.7,0,0,49.9,19.6,1.2,53.4,0.0
13981428,Roma,Wesley,goal,regular,3128,8.0,64.0,0,0,53.5,3.2,,,
13981428,Bologna,Santiago Castro,post,assisted,2837,13.2,85.7,0,0,52.2,39.9,,,
13981428,Roma,Wesley,miss,fast-break,2787,20.1,67.6,0,0,70.4,6.9,,,
13981428,Bologna,Santiago Castro,miss,assisted,2592,20.3,67.3,0,0,49.2,69.4,,,
13981428,Roma,Wesley,miss,assisted,2261,23.5,57.9,0,0,57.1,5.6,,,
13981428,Bologna,Jens Odgaard,save,assisted,1672,13.0,67.3,0,0,54.3,1.3,1.6,52.9,0.0
13981428,Roma,Stephan El Shaarawy,miss,set-piece,1343,13.1,29.9,0,0,39.8,73.6,,,
13981428,Roma,Bryan Cristante,post,set-piece,1338,9.4,55.4,0,0,55.3,12.0,,,
13981428,Roma,Evan Ferguson,miss,assisted,904,14.2,55.6,0,0,57.6,9.7,,,
13981428,Roma,Matías Soulé,miss,regular,766,24.6,70.4,0,0,79.2,11.1,11.5,46.9,0.0
13981428,Roma,Evan Ferguson,save,assisted,654,18.5,53.9,0,0,47.3,16.5,3.8,51.3,0.0
13981428,Roma,Evan Ferguson,save,regular,280,3.4,32.4,0,0,48.7,3.2,0.5,44.8,0.0
13981425,Cagliari,Sebastiano Luperto,goal,set-piece,5599,8.6,46.8,0,0,53.1,7.0,,,
13981425,Cagliari,Gabriele Zappa,miss,set-piece,5413,9.5,54.1,0,0,40.8,15.3,,,
13981425,Cagliari,Zito Luvumbo,miss,assisted,5083,11.4,66.7,0,0,35.5,16.7,,,
13981425,Fiorentina,Jacopo Fazzini,block,assisted,5032,24.2,61.5,0,0,50.9,19.0,11.6,55.1,0.0
13981425,Cagliari,Zito Luvumbo,save,fast-break,4962,14.7,68.4,0,0,51.6,3.2,0.90000000000001,52.5,0.0
13981425,Cagliari,Gianluca Gaetano,save,assisted,4934,15.1,65.3,0,0,52.2,5.7,1.4,53.6,0.0
13981425,Cagliari,Gianluca Gaetano,block,free-kick,4804,18.9,65.0,0,0,51.1,16.7,10.1,57.9,0.0
13981425,Fiorentina,Moise Kean,miss,corner,4519,2.4,52.8,0,0,48.4,76.4,,,
13981425,Fiorentina,Rolando Mandragora,goal,assisted,4048,7.6,51.6,0,0,53.2,16.5,,,
13981425,Cagliari,Zito Luvumbo,save,fast-break,3948,15.0,52.5,0,0,51.2,5.1,2.2,50.9,0.0
13981425,Cagliari,Michael Folorunsho,miss,set-piece,3835,28.5,39.1,0,0,60.2,4.2,,,
13981425,Cagliari,Gennaro Borrelli,miss,set-piece,3315,4.1,43.3,0,0,58.8,6.9,,,
13981425,Fiorentina,Nicolò Fagioli,miss,regular,2872,22.9,46.7,0,0,39.8,27.8,13.4,50.5,0.0
13981425,Cagliari,Yerry Mina,miss,assisted,2655,28.1,76.4,0,0,44.7,86.1,,,
13981425,Cagliari,Sebastiano Esposito,miss,regular,2221,12.6,30.7,0,0,36.6,94.4,,,
13981425,Cagliari,Michael Folorunsho,save,corner,1274,6.3,58.2,0,0,52.4,6.9,0.099999999999994,49.3,0.0
13981425,Cagliari,Sebastiano Esposito,miss,assisted,1135,19.4,72.0,0,0,72.9,84.7,,,
13981425,Cagliari,Gennaro Borrelli,save,corner,798,8.7,42.4,0,0,49.2,22.2,0.90000000000001,48.4,0.0
13981438,Udinese,Hassane Kamara,miss,assisted,5574,9.8,26.6,0,0,50.1,70.8,,,
13981438,Udinese,Oumar Solet,block,assisted,5265,19.5,42.5,0,0,50.9,19.0,17.6,43.1,0.0
13981438,Udinese,Hassane Kamara,miss,set-piece,5172,24.7,21.6,0,0,62.0,76.4,,,
13981438,Udinese,Hassane Kamara,post,regular,4953,9.7,29.7,0,0,53.6,38.6,,,
13981438,Hellas Verona,Suat Serdar,goal,corner,4350,3.5,51.3,0,0,50.0,5.7,,,
13981438,Hellas Verona,Giovane,miss,corner,4349,8.0,37.4,0,0,39.0,5.6,2.2,50.5,0.0
13981438,Udinese,Keinan Davis,save,corner,3788,8.0,57.7,0,0,48.7,13.9,0.5,51.8,0.0
13981438,Udinese,Oier Zarraga,block,assisted,3742,23.8,73.0,0,0,48.9,19.0,21.4,70.8,0.0
13981438,Hellas Verona,Amin Sarr,block,assisted,3541,20.1,34.8,0,0,45.8,19.0,16.7,38.1,0.0
13981438,Udinese,Sandi Lovrić,miss,assisted,3388,13.2,61.7,0,0,61.7,75.0,,,
13981438,Udinese,Thomas Kristensen,goal,corner,3147,4.6,50.1,0,0,51.3,8.2,,,
13981438,Hellas Verona,Giovane,post,assisted,3060,17.9,70.9,0,0,47.8,39.2,,,
13981438,Hellas Verona,Giovane,save,regular,2948,21.5,40.5,0,0,53.2,23.4,1.6,50.2,0.0
13981438,Hellas Verona,Martin Frese,miss,free-kick,2865,29.3,42.7,0,0,50.4,56.9,,,
13981438,Udinese,Keinan Davis,miss,assisted,2664,14.1,46.6,0,0,54.8,69.4,,,
13981438,Udinese,Thomas Kristensen,block,throw-in-set-piece,2613,22.6,51.1,0,0,49.0,19.0,17.7,51.1,0.0
13981438,Hellas Verona,Giovane,save,assisted,2428,24.1,60.3,0,0,52.0,2.5,1.5,51.4,0.0
13981438,Hellas Verona,Antoine Bernede,miss,assisted,2333,25.3,63.8,0,0,58.2,59.7,,,
13981438,Udinese,Keinan Davis,save,regular,2173,12.0,39.0,0,0,52.2,14.6,1.0,48.7,0.0
13981438,Udinese,Oumar Solet,block,assisted,1727,26.9,48.3,0,0,50.6,19.0,25.1,48.4,0.0
13981438,Udinese,Jordan Zemura,miss,assisted,1295,11.3,37.4,0,0,43.2,84.7,,,
13981438,Udinese,Arthur Atta,save,assisted,919,24.7,22.1,0,0,52.6,5.1,0.90000000000001,49.8,0.0
13981438,Hellas Verona,Domagoj Bradarić,block,regular,68,24.7,39.7,0,0,48.9,19.0,12.9,45.1,0.0
13981444,Pisa,Idrissa Touré,block,assisted,5507,20.3,65.8,0,0,50.8,19.0,18.6,64.4,0.0
13981444,Pisa,Michel Aebischer,block,assisted,5311,14.2,68.7,0,0,49.3,19.0,11.0,64.6,0.0
13981444,Pisa,Ebenezer Akinsanmiro,block,regular,4928,28.5,48.1,0,0,51.5,19.0,22.1,48.2,0.0
13981444,Atalanta,Nicola Zalewski,miss,corner,4197,28.1,46.2,0,0,57.5,23.6,,,
13981444,Atalanta,Charles De Ketelaere,miss,corner,4191,9.7,60.9,0,0,61.8,4.2,7.5,52.2,0.0
13981444,Atalanta,Daniel Maldini,save,regular,4158,11.4,39.5,0,0,48.7,9.5,5.3,44.9,0.0
13981444,Atalanta,Gianluca Scamacca,miss,assisted,4007,9.8,59.3,0,0,98.8,11.1,6.3,6.1,0.0
13981444,Atalanta,Gianluca Scamacca,save,assisted,3801,9.2,41.9,0,0,51.0,25.9,1.8,47.8,0.0
13981444,Atalanta,Marten de Roon,block,corner,3790,24.8,46.5,0,0,49.3,19.0,11.6,48.7,0.0
13981444,Atalanta,Raoul Bellanova,save,assisted,3755,4.9,58.3,0,0,49.4,33.5,0.7,52.5,0.0
13981444,Pisa,Antonio Caracciolo,miss,set-piece,3613,4.3,67.5,0,0,35.8,34.7,,,
13981444,Pisa,Idrissa Touré,miss,set-piece,3611,8.8,53.0,0,0,28.4,4.2,2.9,65.0,0.0
13981444,Atalanta,Daniel Maldini,miss,assisted,3500,25.4,41.2,0,0,45.0,81.9,,,
13981444,Atalanta,Gianluca Scamacca,post,assisted,3447,6.3,53.4,0,0,51.4,39.9,,,
13981444,Atalanta,Berat Djimsiti,miss,regular,3369,8.5,40.9,0,0,49.2,97.2,,,
13981444,Atalanta,Gianluca Scamacca,save,assisted,3309,11.0,37.0,0,0,50.3,3.8,1.8,46.7,0.0
13981444,Atalanta,Gianluca Scamacca,goal,assisted,2985,12.5,36.6,0,0,45.5,5.7,,,
13981444,Atalanta,Gianluca Scamacca,miss,assisted,2897,18.4,33.6,0,0,44.9,75.0,,,
13981444,Pisa,Idrissa Touré,miss,corner,2364,5.1,44.2,0,0,74.1,19.4,,,
13981444,Pisa,Stefano Moreo,save,assisted,2323,5.2,52.6,0,0,49.5,27.2,1.0,50.9,0.0
13981444,Atalanta,Raoul Bellanova,miss,assisted,2173,5.1,62.4,0,0,42.9,37.5,,,
13981444,Atalanta,Raoul Bellanova,block,corner,1799,22.8,63.4,0,0,48.7,19.0,15.3,59.4,0.0
13981444,Atalanta,Charles De Ketelaere,block,fast-break,1771,11.3,69.7,0,0,48.5,19.0,9.9,67.5,0.0
13981444,Pisa,Isak Hien,goal,regular,1506,2.4,50.6,0,0,50.2,3.2,,,
13981444,Pisa,Stefano Moreo,miss,assisted,1504,7.9,58.7,0,0,81.8,8.3,3.8,37.5,0.0
13981444,Atalanta,Gianluca Scamacca,save,corner,1479,7.0,47.7,0,0,51.7,34.2,1.0,49.5,0.0
13981444,Atalanta,Daniel Maldini,miss,corner,998,24.7,32.7,0,0,44.7,83.3,,,
13981444,Pisa,Michel Aebischer,miss,regular,926,25.8,64.0,0,0,71.9,15.3,,,
13981444,Atalanta,Giorgio Scalvini,miss,assisted,813,14.4,57.4,0,0,37.5,13.9,,,
13981444,Pisa,Matteo Tramoni,save,assisted,683,15.4,36.8,0,0,48.4,4.4,1.5,47.5,0.0
13981444,Pisa,Samuele Angori,miss,assisted,395,29.0,43.9,0,0,61.2,87.5,,,
13981444,Atalanta,Charles De Ketelaere,miss,corner,179,15.0,53.4,0,0,40.2,12.5,,,
13981444,Atalanta,Marten de Roon,miss,corner,178,18.7,46.8,0,0,20.3,1.4,14.5,53.4,0.0
13981423,Lazio,Mario Gila Fuentes,miss,set-piece,5594,8.6,56.0,0,0,41.3,9.7,,,
13981423,Como,Maxence Caqueret,miss,corner,5473,20.4,38.7,0,0,57.3,73.6,,,
13981423,Lazio,Pedro,block,regular,4991,33.8,91.1,0,0,51.3,19.0,32.3,89.2,0.0
13981423,Como,Lucas Da Cunha,save,assisted,4911,23.1,60.8,0,0,53.7,10.1,1.5,51.1,0.0
13981423,Como,Mërgim Vojvoda,save,assisted,4782,27.9,50.3,0,0,50.3,5.7,2.5,49.6,0.0
13981423,Como,Máximo Perrone,miss,regular,4579,10.6,36.2,0,0,52.3,47.2,,,
13981423,Como,Mërgim Vojvoda,post,assisted,4576,10.4,60.8,0,0,52.7,40.5,,,
13981423,Como,Nico Paz,goal,free-kick,4330,24.7,35.8,0,0,53.8,31.6,,,
13981423,Como,Álvaro Morata,miss,assisted,4210,27.4,43.6,0,0,39.7,33.3,,,
13981423,Como,Jacobo Ramón,miss,assisted,3697,10.4,67.1,0,0,45.4,58.3,,,
13981423,Como,Mërgim Vojvoda,miss,assisted,3491,13.5,29.0,0,0,50.4,55.6,,,
13981423,Como,Lucas Da Cunha,miss,regular,3110,20.0,35.6,0,0,57.3,29.2,,,
13981423,Como,Anastasios Douvikas,goal,assisted,2789,13.8,64.2,0,0,52.1,29.7,,,
13981423,Lazio,Matteo Cancellieri,miss,assisted,2739,24.1,61.7,0,0,58.2,8.3,,,
13981423,Como,Nico Paz,save,assisted,2204,15.1,66.4,0,0,48.7,1.3,1.8,53.1,0.0
13981423,Lazio,Mattéo Guendouzi,save,assisted,2069,10.8,56.5,0,0,49.0,3.2,1.5,52.5,0.0
13981423,Como,Marc-Oliver Kempf,miss,set-piece,1850,3.2,46.0,0,0,56.8,58.3,,,
13981423,Como,Nico Paz,miss,assisted,1608,13.3,31.0,0,0,58.2,34.7,,,
13981423,Como,Mërgim Vojvoda,save,assisted,1369,15.8,37.2,0,0,46.2,22.8,2.8,48.0,0.0
13981423,Como,Jesús Rodriguez,miss,assisted,1206,7.7,39.4,0,0,57.1,11.1,,,
13981423,Como,Jacobo Ramón,miss,assisted,883,10.0,71.1,0,0,58.5,77.8,,,
13981423,Lazio,Nuno Tavares,miss,assisted,715,14.5,22.8,0,0,47.2,72.2,,,
13981423,Como,Nico Paz,miss,corner,275,19.0,40.0,0,0,59.8,79.2,,,
13981423,Como,Anastasios Douvikas,block,fast-break,238,8.8,35.8,0,0,51.4,19.0,7.5,37.7,0.0
13981424,Parma,Nahuel Estévez,block,corner,5609,22.7,52.8,0,0,52.1,19.0,18.9,52.0,0.0
13981424,Parma,Milan Đurić,miss,corner,5606,5.8,58.1,0,0,70.8,6.9,3.1,47.7,0.0
13981424,Parma,Adrián Bernabé,save,corner,5236,28.2,34.6,0,0,47.7,22.2,2.4,48.6,0.0
13981424,Parma,Mandela Keita,miss,assisted,5106,27.5,44.6,0,0,54.3,62.5,,,
13981424,Juventus,Dušan Vlahović,goal,fast-break,5014,7.1,48.4,0,0,54.2,9.5,,,
13981424,Juventus,Nicolás González,miss,corner,4827,4.0,43.3,0,0,60.3,15.3,,,
13981424,Juventus,Kenan Yıldız,save,assisted,4720,20.6,64.2,0,0,46.7,10.8,1.9,52.7,0.0
13981424,Parma,Lautaro Valenti,miss,regular,4602,30.5,40.8,0,0,51.3,73.6,,,
13981424,Parma,Mateo Pellegrino,miss,assisted,4350,3.8,61.5,0,0,96.5,2.8,6.6,43.0,0.0
13981424,Juventus,Kenan Yıldız,save,assisted,4272,17.8,51.7,0,0,51.0,2.5,2.0,50.2,0.0
13981424,Juventus,Khéphren Thuram,save,assisted,3883,24.3,32.7,0,0,50.4,18.4,2.4,49.3,0.0
13981424,Juventus,Jonathan David,goal,corner,3533,4.4,47.2,0,0,48.1,12.0,,,
13981424,Juventus,Jonathan David,block,assisted,3498,10.8,42.5,0,0,47.4,19.0,4.1,48.7,0.0
13981424,Juventus,Khéphren Thuram,miss,corner,3311,7.1,64.5,0,0,41.3,79.2,,,
13981424,Juventus,Francisco Conceição,block,assisted,3231,23.1,72.3,0,0,49.1,19.0,17.0,66.6,0.0
13981424,Juventus,Kenan Yıldız,miss,assisted,3017,14.7,24.4,0,0,42.2,4.2,,,
13981424,Juventus,Francisco Conceição,block,assisted,2978,23.9,66.3,0,0,50.1,19.0,12.3,58.3,0.0
13981424,Juventus,Federico Gatti,miss,assisted,2864,23.8,47.4,0,0,46.6,52.8,,,
13981424,Juventus,Khéphren Thuram,block,assisted,2859,13.5,42.1,0,0,49.7,19.0,11.5,43.3,0.0
13981424,Parma,Mateo Pellegrino,save,fast-break,2777,7.3,46.3,0,0,52.0,19.0,4.6,46.9,0.0
13981424,Juventus,Andrea Cambiaso,miss,assisted,2802,7.3,45.8,0,0,97.1,4.2,1.1,0.0,0.0
13981424,Juventus,Jonathan David,miss,assisted,2801,8.0,57.9,0,0,87.9,6.9,7.3,42.8,0.0
13981424,Juventus,Bremer,miss,set-piece,2486,5.4,54.2,0,0,41.3,9.7,,,
13981424,Juventus,Lloyd Kelly,block,assisted,2416,21.5,44.6,0,0,52.5,19.0,13.6,45.5,0.0
13981424,Juventus,Khéphren Thuram,save,assisted,2090,21.7,40.6,0,0,50.5,1.3,2.2,49.6,0.0
13981424,Juventus,Francisco Conceição,save,regular,1757,19.6,69.6,0,0,50.2,2.5,1.8,53.1,0.0
13981424,Juventus,Khéphren Thuram,miss,set-piece,1419,12.8,44.8,0,0,42.9,79.2,,,
13981424,Juventus,Jonathan David,miss,regular,928,3.2,59.7,0,0,42.7,16.7,,,
13981424,Juventus,Francisco Conceição,save,assisted,768,9.1,58.2,0,0,51.0,25.9,1.6,51.6,0.0
13981424,Juventus,Lloyd Kelly,miss,regular,732,18.8,35.0,0,0,32.6,8.3,11.5,43.0,0.0
13981424,Juventus,Bremer,miss,assisted,624,31.2,48.9,0,0,42.7,79.2,,,
13981424,Parma,Mathias Løvik,block,throw-in-set-piece,220,3.9,65.2,0,0,48.5,19.0,1.6,57.2,0.0
13981424,Juventus,Khéphren Thuram,miss,assisted,164,12.2,54.6,0,0,65.2,12.5,4.0,43.9,0.0
13981421,Torino,Che Adams,miss,assisted,5171,26.8,35.6,0,0,55.0,63.9,,,
13981421,Torino,Cristiano Biraghi,block,assisted,5021,14.7,29.5,0,0,51.1,19.0,11.9,33.2,0.0
13981421,Torino,Faustino Anjorin,block,assisted,4869,14.3,58.2,0,0,50.7,19.0,12.1,56.9,0.0
13981421,Torino,Che Adams,block,regular,4856,20.9,30.3,0,0,50.4,19.0,14.2,36.5,0.0
13981421,Inter,Ange-Yoan Bonny,goal,assisted,4286,13.2,48.2,0,0,50.9,19.6,,,
13981421,Inter,Henrikh Mkhitaryan,miss,assisted,4249,6.6,34.8,0,0,57.8,27.8,,,
13981421,Inter,Nicolò Barella,miss,free-kick,3925,21.1,42.7,0,0,51.6,69.4,,,
13981421,Inter,Marcus Thuram,goal,assisted,3700,5.0,56.5,0,0,54.0,0.6,,,
13981421,Torino,Zakaria Aboukhlal,save,regular,3670,10.8,30.6,0,0,51.1,14.6,2.3,45.3,0.0
13981421,Inter,Petar Sučić,block,corner,3498,19.7,52.6,0,0,48.1,19.0,17.7,52.5,0.0
13981421,Inter,Benjamin Pavard,save,corner,3450,8.1,70.6,0,0,45.8,20.3,1.0,53.4,0.0
13981421,Inter,Denzel Dumfries,block,assisted,3376,21.0,62.9,0,0,49.2,19.0,19.3,61.9,0.0
13981421,Inter,Lautaro Martínez,goal,regular,3060,6.3,67.0,0,0,52.9,3.2,,,
13981421,Torino,Giovanni Simeone,miss,assisted,2956,5.7,44.4,0,0,58.3,30.6,,,
13981421,Torino,Cyril Ngonge,block,assisted,2950,9.9,64.3,0,0,53.0,19.0,8.7,62.3,0.0
13981421,Inter,Marcus Thuram,miss,assisted,2890,10.6,32.3,0,0,41.0,26.4,,,
13981421,Torino,Cyril Ngonge,save,assisted,2716,26.5,65.4,0,0,49.2,1.9,2.0,50.5,0.0
13981421,Inter,Petar Sučić,save,corner,2665,18.1,63.4,0,0,47.3,20.3,1.9,50.9,0.0
13981421,Inter,Lautaro Martínez,miss,corner,2662,8.8,44.2,0,0,31.8,9.7,6.6,59.6,0.0
13981421,Inter,Francesco Acerbi,save,corner,2634,13.1,53.6,0,0,51.6,26.6,1.1,51.1,0.0
13981421,Inter,Alessandro Bastoni,miss,corner,2597,9.0,47.1,0,0,57.5,6.9,4.2,48.0,0.0
13981421,Inter,Petar Sučić,save,assisted,2523,25.7,58.6,0,0,49.5,3.2,1.4,50.5,0.0
13981421,Inter,Lautaro Martínez,block,assisted,2300,13.2,51.3,0,0,45.8,19.0,12.5,51.4,0.0
13981421,Torino,Nikola Vlašić,save,assisted,2247,9.2,43.0,0,0,45.4,34.2,1.2,49.5,0.0
13981421,Inter,Marcus Thuram,goal,assisted,2142,7.6,65.6,0,0,52.8,1.9,,,
13981421,Torino,Nikola Vlašić,block,assisted,2022,20.0,37.4,0,0,51.1,19.0,16.3,39.5,0.0
13981421,Torino,Cesare Casadei,save,corner,1855,5.5,49.5,0,0,50.9,32.3,4.0,49.5,0.0
13981421,Inter,Alessandro Bastoni,goal,corner,1058,5.4,35.8,0,0,46.1,8.2,,,
13981421,Inter,Petar Sučić,miss,assisted,934,20.0,67.5,0,0,49.7,79.2,,,
13981421,Inter,Lautaro Martínez,miss,throw-in-set-piece,796,15.3,56.2,0,0,36.8,22.2,,,
13981421,Torino,Giovanni Simeone,miss,assisted,715,11.0,48.7,0,0,59.3,2.8,1.6,42.2,0.0
13981421,Inter,Marcus Thuram,miss,assisted,42,5.7,52.6,0,0,43.7,59.7,,,
13981446,Lazio,Mattéo Guendouzi,block,assisted,5403,29.0,65.1,0,0,54.6,19.0,13.7,54.7,0.0
13981446,Lazio,Mattéo Guendouzi,miss,assisted,5153,29.4,48.7,0,0,51.4,55.6,,,
13981446,Lazio,Boulaye Dia,goal,assisted,4877,3.9,48.2,0,0,52.3,3.2,,,
13981446,Lazio,Luca Pellegrini,save,free-kick,4801,19.8,80.5,0,0,49.3,9.5,1.9,53.2,0.0
13981446,Lazio,Pedro,block,assisted,4746,23.8,52.3,0,0,53.1,19.0,20.8,51.6,0.0
13981446,Lazio,Valentín Castellanos,block,corner,4484,5.7,43.8,0,0,51.7,19.0,4.0,44.8,0.0
13981446,Lazio,Valentín Castellanos,block,assisted,4441,14.4,69.4,0,0,49.7,19.0,12.0,66.2,0.0
13981446,Lazio,Luca Pellegrini,miss,assisted,4064,8.8,32.9,0,0,43.9,62.5,,,
13981446,Hellas Verona,Antoine Bernede,miss,assisted,3977,10.4,57.6,0,0,43.2,19.4,,,
13981446,Hellas Verona,Unai Núñez,block,regular,3973,11.9,59.4,0,0,51.4,19.0,6.7,54.7,0.0
13981446,Hellas Verona,Suat Serdar,block,regular,3969,15.4,45.5,0,0,53.4,19.0,10.5,45.8,0.0
13981446,Hellas Verona,Armel Bella-Kotchap,miss,set-piece,3791,13.0,51.8,0,0,66.9,1.4,12.1,47.8,0.0
13981446,Lazio,Valentín Castellanos,miss,assisted,3536,27.3,60.5,0,0,60.0,4.2,,,
13981446,Hellas Verona,Giovane,save,assisted,3433,20.5,67.1,0,0,51.1,2.5,2.4,52.3,0.0
13981446,Lazio,Mattia Zaccagni,save,fast-break,3414,3.9,35.2,0,0,48.7,5.1,1.2,44.2,0.0
13981446,Lazio,Matteo Cancellieri,miss,assisted,3330,10.6,45.0,0,0,53.8,90.3,,,
13981446,Hellas Verona,Suat Serdar,miss,corner,3125,9.9,34.4,0,0,51.9,54.2,,,
13981446,Lazio,Mattia Zaccagni,miss,corner,2824,4.3,40.3,0,0,58.0,55.6,,,
13981446,Lazio,Matteo Cancellieri,block,corner,2765,5.6,50.3,0,0,49.4,19.0,4.6,50.4,0.0
13981446,Lazio,Nuno Tavares,block,assisted,2663,24.6,36.4,0,0,49.0,19.0,17.2,40.8,0.0
13981446,Lazio,Valentín Castellanos,goal,set-piece,2434,6.1,47.4,0,0,48.4,5.7,,,
13981446,Lazio,Mario Gila Fuentes,miss,set-piece,2191,2.7,40.7,0,0,62.9,19.4,,,
13981446,Hellas Verona,Giovane,save,assisted,1760,13.2,44.8,0,0,52.6,13.3,2.4,49.3,0.0
13981446,Hellas Verona,Suat Serdar,miss,assisted,1744,23.1,36.7,0,0,28.6,13.9,19.7,41.3,0.0
13981446,Hellas Verona,Antoine Bernede,block,assisted,1726,18.5,58.7,0,0,50.8,19.0,14.2,56.5,0.0
13981446,Hellas Verona,Antoine Bernede,post,regular,1719,24.1,47.6,0,0,45.1,5.7,,,
13981446,Hellas Verona,Fallou Cham,save,regular,1709,9.5,76.3,0,0,53.5,7.0,1.9,55.1,0.0
13981446,Hellas Verona,Abdou Harroui,save,assisted,1450,14.4,55.8,0,0,50.9,5.7,2.2,51.6,0.0
13981446,Lazio,Valentín Castellanos,miss,regular,1403,13.3,53.0,0,0,51.3,83.3,,,
13981446,Lazio,Valentín Castellanos,block,assisted,1253,22.0,69.7,0,0,47.6,19.0,13.7,63.2,0.0
13981446,Lazio,Nicolò Rovella,miss,assisted,883,26.3,42.9,0,0,48.1,77.8,,,
13981446,Lazio,Mattia Zaccagni,goal,assisted,590,7.0,42.3,0,0,49.0,5.1,,,
13981446,Lazio,Matteo Cancellieri,block,regular,542,11.9,54.6,0,0,49.5,19.0,9.6,53.8,0.0
13981446,Lazio,Mattéo Guendouzi,goal,assisted,143,16.2,52.0,0,0,54.1,1.3,,,
13981433,Como,Jacobo Ramón,save,set-piece,5698,13.3,43.9,0,0,50.1,7.6,0.3,48.6,0.0
13981433,Como,Jacobo Ramón,block,assisted,5519,14.1,55.5,0,0,52.3,15.3,12.1,54.7,0.0
13981433,Como,Álex Valle,block,throw-in-set-piece,5407,18.6,52.9,0,0,50.9,13.9,11.0,50.9,0.0
13981433,Como,Sergi Roberto,miss,corner,5384,14.5,46.8,0,0,85.4,8.3,14.1,45.9,0.0
13981433,Como,Nico Paz,block,assisted,5358,20.0,56.6,0,0,49.9,19.0,17.5,55.8,0.0
13981433,Bologna,Thijs Dallinga,miss,throw-in-set-piece,5020,18.1,21.1,0,0,61.2,15.3,2.0,37.4,0.0
13981433,Bologna,Torbjørn Heggem,block,corner,4863,6.3,38.0,0,0,53.6,8.3,4.9,39.3,0.0
13981433,Bologna,Thijs Dallinga,miss,assisted,4628,7.4,44.6,0,0,41.0,22.2,,,
13981433,Bologna,Riccardo Orsolini,block,assisted,3958,10.7,61.7,0,0,54.3,4.2,9.0,60.1,0.0
13981433,Bologna,Riccardo Orsolini,goal,assisted,3496,17.5,50.1,0,0,46.2,4.4,,,
13981433,Como,Jesús Rodriguez,miss,assisted,3462,13.9,28.2,0,0,30.1,5.6,,,
13981433,Bologna,Giovanni Fabbian,block,regular,3427,24.0,51.5,0,0,49.2,8.3,20.8,51.3,0.0
13981433,Bologna,Santiago Castro,miss,assisted,3359,21.6,19.7,0,0,39.0,8.3,,,
13981433,Como,Marc-Oliver Kempf,save,assisted,3326,30.9,45.4,0,0,49.9,2.5,1.6,48.7,0.0
13981433,Bologna,Nicolò Cambiaghi,block,fast-break,2962,9.7,31.5,0,0,51.6,19.0,8.0,34.5,0.0
13981433,Como,Nico Paz,block,fast-break,2944,14.1,44.4,0,0,52.9,5.6,11.9,44.9,0.0
13981433,Bologna,Giovanni Fabbian,miss,corner,2791,10.4,57.5,0,0,29.6,11.1,3.8,62.3,0.0
13981433,Bologna,Nicolò Cambiaghi,block,assisted,2756,14.7,27.4,0,0,53.5,19.0,11.8,31.2,0.0
13981433,Como,Mërgim Vojvoda,miss,assisted,2733,22.0,69.3,0,0,41.8,27.8,,,
13981433,Como,Jesús Rodriguez,miss,assisted,2350,8.5,30.0,0,0,69.1,55.6,,,
13981433,Como,Nico Paz,block,corner,2294,15.1,45.9,0,0,49.1,19.0,12.5,46.7,0.0
13981433,Bologna,Nicolò Cambiaghi,block,corner,1844,14.1,28.6,0,0,51.6,19.0,6.7,39.0,0.0
13981433,Bologna,Riccardo Orsolini,save,fast-break,1822,15.1,69.6,0,0,51.1,31.0,2.7,52.9,0.0
13981433,Bologna,Torbjørn Heggem,miss,set-piece,1717,7.1,47.9,0,0,39.8,15.3,,,
13981433,Como,Jesús Rodriguez,block,assisted,1343,14.3,45.1,0,0,54.1,19.0,13.8,45.1,0.0
13981433,Como,Nico Paz,miss,regular,1306,27.1,53.1,0,0,53.6,77.8,,,
13981433,Bologna,Nicolò Cambiaghi,block,set-piece,782,23.4,55.6,0,0,53.6,6.9,18.0,53.6,0.0
13981433,Bologna,Giovanni Fabbian,miss,corner,274,8.1,53.2,0,0,53.8,59.7,,,
13981432,Inter,Yann Bisseck,miss,corner,5704,7.4,52.6,0,0,46.2,73.6,,,
13981432,Inter,Piotr Zieliński,block,regular,5678,18.7,47.6,0,0,51.6,19.0,8.4,48.0,0.0
13981432,Inter,Piotr Zieliński,miss,assisted,5676,20.4,44.0,0,0,39.8,6.9,8.3,56.3,0.0
13981432,Inter,Marcus Thuram,save,corner,5308,8.6,51.5,0,0,49.5,31.0,1.4,49.3,0.0
13981432,Inter,Carlos Augusto,miss,corner,5304,6.4,58.5,0,0,58.2,25.0,3.1,46.2,0.0
13981432,Inter,Federico Dimarco,miss,regular,4649,9.9,40.7,0,0,40.7,15.3,,,
13981432,Udinese,Jürgen Ekkelenkamp,miss,assisted,4319,27.9,69.3,0,0,60.5,4.2,,,
13981432,Inter,Yann Bisseck,save,throw-in-set-piece,4108,8.3,57.3,0,0,49.0,1.9,1.1,52.5,0.0
13981432,Inter,Federico Dimarco,block,throw-in-set-piece,4105,11.3,36.5,0,0,49.4,19.0,4.0,45.7,0.0
13981432,Udinese,Oumar Solet,block,set-piece,3984,24.7,39.5,0,0,50.4,19.0,17.6,42.4,0.0
13981432,Udinese,Keinan Davis,miss,fast-break,3622,15.1,47.7,0,0,40.8,23.6,,,
13981432,Inter,Hakan Çalhanoğlu,miss,assisted,3282,20.3,69.9,0,0,42.5,23.6,,,
13981432,Udinese,Keinan Davis,save,regular,3069,3.7,71.6,0,0,50.7,1.9,0.59999999999999,53.8,0.0
13981432,Inter,Marcus Thuram,miss,assisted,2885,4.9,55.3,0,0,47.9,61.1,,,
13981432,Udinese,Arthur Atta,goal,fast-break,2380,19.0,37.5,0,0,46.0,12.7,,,
13981432,Inter,Federico Dimarco,miss,throw-in-set-piece,2129,13.8,29.3,0,0,47.4,52.8,,,
13981432,Udinese,Jordan Zemura,miss,free-kick,1937,30.2,55.2,0,0,59.7,91.7,,,
13981432,Udinese,Keinan Davis,goal,penalty,1701,11.5,50.0,0,0,47.7,3.2,,,
13981432,Udinese,Arthur Atta,save,assisted,1330,3.0,34.7,0,0,47.5,30.4,0.0,46.0,0.0
13981432,Inter,Denzel Dumfries,goal,assisted,1009,1.8,52.4,0,0,46.4,5.1,,,
13981432,Inter,Marcus Thuram,miss,assisted,1007,8.3,45.0,0,0,42.4,6.9,3.1,54.2,0.0
13981432,Inter,Alessandro Bastoni,save,corner,767,9.7,44.0,0,0,47.2,8.3,2.8,51.6,0.0
13981432,Inter,Lautaro Martínez,miss,corner,766,6.4,43.9,0,0,19.3,2.8,5.1,52.5,0.0
13981432,Udinese,Vakoun Bayo,miss,assisted,503,25.2,41.4,0,0,59.8,6.9,,,
13981432,Inter,Federico Dimarco,miss,throw-in-set-piece,271,16.9,35.0,0,0,48.1,93.1,,,
13981432,Udinese,Jakub Piotrowski,save,assisted,203,23.5,73.6,0,0,46.5,7.0,1.6,52.2,0.0
13981429,Fiorentina,Nicolò Fagioli,miss,throw-in-set-piece,5495,25.7,57.9,0,0,24.4,97.2,,,
13981429,Fiorentina,Cher Ndour,block,assisted,4442,19.8,53.1,0,0,47.6,2.8,11.6,53.1,0.0
13981429,Torino,Guillermo Maripán,miss,set-piece,4380,8.8,52.1,0,0,43.4,80.6,,,
13981429,Fiorentina,Moise Kean,miss,set-piece,4283,1.7,48.7,0,0,52.3,73.6,,,
13981429,Fiorentina,Robin Gosens,save,set-piece,4281,6.7,66.8,0,0,52.0,19.0,0.5,49.3,0.0
13981429,Fiorentina,Luca Ranieri,miss,corner,3569,7.3,66.0,0,0,41.3,15.3,,,
13981429,Fiorentina,Albert Guðmundsson,block,assisted,3529,13.7,29.5,0,0,53.9,19.0,12.3,31.2,0.0
13981429,Fiorentina,Dodô,save,assisted,3173,2.7,64.4,0,0,52.4,9.5,0.5,54.2,0.0
13981429,Fiorentina,Rolando Mandragora,block,assisted,3149,24.5,49.4,0,0,51.3,19.0,13.4,49.1,0.0
13981429,Torino,Giovanni Simeone,block,regular,3078,10.2,55.6,0,0,50.2,19.0,6.7,53.6,0.0
13981429,Fiorentina,Rolando Mandragora,save,set-piece,2637,25.1,46.6,0,0,51.4,7.0,2.2,50.4,0.0
13981429,Fiorentina,Moise Kean,block,set-piece,2636,9.2,42.7,0,0,51.9,19.0,7.2,43.9,0.0
13981429,Torino,Giovanni Simeone,save,regular,2433,7.7,39.7,0,0,49.1,30.4,1.1,47.1,0.0
13981429,Torino,Cesare Casadei,save,assisted,2322,25.4,50.7,0,0,49.8,10.1,2.3,51.3,0.0
13981429,Torino,Cyril Ngonge,save,assisted,2283,8.6,67.7,0,0,52.0,4.4,1.0,52.7,0.0
13981429,Fiorentina,Pietro Comuzzo,miss,set-piece,2245,32.5,50.3,0,0,58.8,11.1,,,
13981429,Fiorentina,Roberto Piccoli,save,fast-break,2009,16.7,54.4,0,0,47.9,9.5,4.2,51.4,0.0
13981429,Fiorentina,Moise Kean,miss,regular,1958,20.7,38.3,0,0,60.8,98.6,,,
13981429,Torino,Guillermo Maripán,miss,set-piece,1710,12.0,49.7,0,0,46.7,83.3,,,
13981429,Fiorentina,Moise Kean,miss,assisted,1394,28.4,62.8,0,0,40.2,15.3,,,
13981429,Fiorentina,Moise Kean,miss,assisted,1324,10.2,44.3,0,0,48.2,98.6,,,
13981429,Fiorentina,Dodô,miss,fast-break,976,34.0,66.8,0,0,57.5,63.9,,,
13981429,Torino,Cesare Casadei,save,assisted,437,9.1,58.1,0,0,50.7,20.3,5.0,55.6,0.0
13981426,Atalanta,Mario Pašalić,save,fast-break,5167,10.8,51.5,0,0,52.3,3.2,1.5,49.8,0.0
13981426,Parma,Patrick Cutrone,goal,set-piece,5043,2.6,43.8,0,0,53.9,19.6,,,
13981426,Parma,Enrico Delprato,save,set-piece,5041,12.8,53.0,0,0,52.9,6.3,1.5,51.1,0.0
13981426,Atalanta,Mario Pašalić,goal,set-piece,4686,18.9,50.1,0,0,53.4,2.5,,,
13981426,Atalanta,Nikola Krstović,save,fast-break,4414,14.8,45.4,0,0,50.8,1.9,1.4,48.9,0.0
13981426,Atalanta,Raoul Bellanova,block,assisted,4179,13.8,66.2,0,0,50.9,19.0,11.4,63.2,0.0
13981426,Atalanta,Charles De Ketelaere,block,assisted,4146,16.1,58.1,0,0,50.0,19.0,14.4,57.2,0.0
13981426,Atalanta,Nikola Krstović,miss,assisted,3983,9.0,56.1,0,0,41.7,12.5,,,
13981426,Parma,Mateo Pellegrino,miss,assisted,3937,12.5,52.1,0,0,41.3,29.2,,,
13981426,Parma,Adrián Bernabé,block,throw-in-set-piece,2812,21.0,56.2,0,0,53.2,19.0,16.8,54.3,0.0
13981426,Parma,Adrián Bernabé,save,regular,2607,24.1,56.6,0,0,53.2,10.1,1.6,51.1,0.0
13981426,Atalanta,Mario Pašalić,miss,regular,2254,14.5,40.5,0,0,58.8,18.1,,,
13981426,Parma,Lautaro Valenti,miss,throw-in-set-piece,2191,20.7,36.4,0,0,59.7,9.7,,,
13981426,Atalanta,Daniel Maldini,block,corner,1807,12.3,46.2,0,0,48.5,19.0,10.6,46.9,0.0
13981426,Atalanta,Gianluca Scamacca,post,assisted,1108,28.1,57.5,0,0,55.2,10.1,,,
13981426,Atalanta,Marten de Roon,miss,regular,1012,19.4,37.4,0,0,67.7,16.7,,,
13981426,Atalanta,Gianluca Scamacca,block,assisted,749,8.0,64.3,0,0,50.3,19.0,6.7,61.9,0.0
13981426,Parma,Emanuele Valeri,miss,set-piece,569,29.3,51.4,0,0,38.8,6.9,,,
13981441,Pisa,Calvin Stengs,miss,assisted,5490,20.5,63.7,0,0,62.9,86.1,,,
13981441,Roma,Artem Dovbyk,save,assisted,5364,9.2,48.1,0,0,52.3,5.1,2.9,48.4,0.0
13981441,Pisa,Juan Cuadrado,save,assisted,5325,24.0,28.0,0,0,53.2,17.1,1.1,48.9,0.0
13981441,Pisa,Calvin Stengs,save,assisted,5270,21.5,60.5,0,0,49.2,15.8,3.1,52.3,0.0
13981441,Roma,Evan Ndicka,miss,corner,4876,6.8,45.1,0,0,35.8,13.9,,,
13981441,Roma,Paulo Dybala,block,assisted,4805,18.7,50.2,0,0,51.2,19.0,16.0,50.0,0.0
13981441,Roma,Angeliño,save,assisted,4744,11.3,30.7,0,0,52.8,21.5,0.3,47.5,0.0
13981441,Pisa,Michel Aebischer,miss,assisted,4560,18.2,58.5,0,0,45.5,79.2,,,
13981441,Roma,Matías Soulé,save,corner,4265,24.0,64.2,0,0,47.4,7.0,0.90000000000001,51.1,0.0
13981441,Pisa,Michel Aebischer,miss,regular,3956,28.1,58.4,0,0,45.4,52.8,,,
13981441,Roma,Matías Soulé,goal,assisted,3267,14.7,51.5,0,0,52.3,2.5,,,
13981441,Roma,Mario Hermoso,block,assisted,3243,16.6,45.2,0,0,50.6,19.0,10.5,46.7,0.0
13981441,Roma,Matías Soulé,miss,assisted,2889,21.4,68.9,0,0,56.8,54.2,,,
13981441,Roma,Matías Soulé,save,free-kick,2516,26.2,76.5,0,0,46.8,29.7,0.7,49.5,0.0
13981441,Pisa,Henrik Wendel Meister,miss,assisted,564,13.8,39.7,0,0,39.5,8.3,,,
13981441,Pisa,Henrik Wendel Meister,save,assisted,469,6.6,51.3,0,0,51.1,6.3,0.3,50.7,0.0
13981441,Roma,Matías Soulé,block,assisted,154,16.0,67.7,0,0,53.7,19.0,14.0,65.0,0.0
13981447,Milan,Cheveyo Mul-Balentien,miss,fast-break,5326,9.2,31.3,0,0,56.6,72.2,,,
13981447,Lecce,Kialonda Gaspar,block,corner,5273,5.1,61.7,0,0,47.9,19.0,4.4,60.4,0.0
13981447,Milan,Christian Pulišić,goal,regular,5122,12.9,36.4,0,0,52.1,3.8,,,
13981447,Lecce,Konan N'Dri,miss,assisted,5096,24.4,56.6,0,0,58.2,11.1,12.0,50.0,0.0
13981447,Milan,Youssouf Fofana,miss,corner,4778,6.9,63.4,0,0,40.3,44.4,,,
13981447,Milan,Samuele Ricci,save,assisted,4734,10.4,69.7,0,0,46.4,20.9,1.5,53.2,0.0
13981447,Lecce,Nikola Štulić,save,assisted,4613,7.4,65.6,0,0,50.4,3.2,1.1,54.3,0.0
13981447,Milan,Youssouf Fofana,save,assisted,4176,21.0,52.6,0,0,48.2,27.8,1.8,49.5,0.0
13981447,Milan,Ruben Loftus-Cheek,goal,set-piece,3910,7.6,47.7,0,0,46.4,24.7,,,
13981447,Milan,Santiago Giménez,save,corner,3509,5.3,44.8,0,0,53.0,17.1,1.1,48.4,0.0
13981447,Milan,Ruben Loftus-Cheek,block,corner,3508,10.7,41.7,0,0,51.0,19.0,4.9,45.7,0.0
13981447,Milan,Pervis Estupiñán,miss,assisted,3298,23.1,29.3,0,0,42.2,76.4,,,
13981447,Lecce,Mohamed Kaba,save,set-piece,2916,9.8,39.3,0,0,52.9,13.3,1.0,49.3,0.0
13981447,Milan,Santiago Giménez,miss,assisted,2882,12.3,38.0,0,0,40.2,6.9,,,
13981447,Milan,Santiago Giménez,block,assisted,2856,10.4,51.3,0,0,52.2,19.0,7.1,50.2,0.0
13981447,Milan,Alexis Saelemaekers,block,assisted,2838,19.8,37.0,0,0,49.3,19.0,17.8,38.4,0.0
13981447,Lecce,Mohamed Kaba,miss,assisted,2518,13.8,62.8,0,0,55.8,75.0,,,
13981447,Milan,Ruben Loftus-Cheek,save,assisted,2117,5.7,53.4,0,0,51.4,22.2,2.2,51.9,0.0
13981447,Milan,Ruben Loftus-Cheek,miss,set-piece,1870,13.3,61.7,0,0,42.5,19.4,,,
13981447,Lecce,Tete Morente,block,regular,1257,12.3,41.5,0,0,52.0,19.0,11.3,42.0,0.0
13981447,Lecce,Ylber Ramadani,block,corner,765,21.0,64.4,0,0,51.8,19.0,8.6,54.9,0.0
13981436,Napoli,Frank Anguissa,goal,corner,5683,10.5,53.4,0,0,49.0,2.5,,,
13981436,Napoli,Scott McTominay,miss,assisted,5638,4.0,46.8,0,0,24.9,19.4,1.2,70.4,0.0
13981436,Napoli,Scott McTominay,save,assisted,5573,10.7,44.0,0,0,50.0,3.8,1.4,48.2,0.0
13981436,Napoli,Frank Anguissa,miss,set-piece,5344,11.7,53.9,0,0,40.3,66.7,,,
13981436,Cagliari,Zito Luvumbo,save,assisted,5278,21.1,78.4,0,0,49.8,22.2,1.2,51.6,0.0
13981436,Cagliari,Gianluca Gaetano,block,free-kick,5249,10.1,15.9,0,0,52.4,19.0,1.8,42.1,0.0
13981436,Cagliari,Gianluca Gaetano,miss,assisted,4926,27.2,55.4,0,0,49.9,77.8,,,
13981436,Napoli,Noa Lang,block,regular,4822,8.8,40.7,0,0,50.8,19.0,7.2,42.2,0.0
13981436,Napoli,Alessandro Buongiorno,miss,corner,4783,3.6,47.4,0,0,35.5,62.5,,,
13981436,Cagliari,Michael Folorunsho,miss,assisted,4421,2.6,40.6,0,0,58.2,56.9,,,
13981436,Napoli,Matteo Politano,miss,regular,4133,11.1,77.4,0,0,51.6,47.2,,,
13981436,Cagliari,Zito Luvumbo,miss,assisted,3636,26.1,67.1,0,0,54.8,61.1,,,
13981436,Napoli,Matteo Politano,miss,corner,3597,9.7,69.7,0,0,43.5,26.4,,,
13981436,Napoli,Matteo Politano,miss,corner,3595,15.5,73.2,0,0,58.8,1.4,7.5,56.5,0.0
13981436,Napoli,Leonardo Spinazzola,save,assisted,3565,9.9,26.5,0,0,54.5,10.1,0.59999999999999,45.7,0.0
13981436,Napoli,Amir Rrahmani,block,corner,3372,8.7,60.5,0,0,52.5,19.0,7.5,58.7,0.0
13981436,Napoli,Juan Jesus,block,corner,3369,3.4,62.0,0,0,47.1,19.0,2.2,58.7,0.0
13981436,Napoli,Frank Anguissa,save,assisted,3030,25.5,52.1,0,0,49.9,5.7,1.8,50.0,0.0
13981436,Napoli,Scott McTominay,miss,regular,2840,24.7,45.5,0,0,37.1,4.2,,,
13981436,Napoli,Scott McTominay,save,assisted,2641,4.9,69.9,0,0,46.8,19.6,0.7,54.3,0.0
13981436,Napoli,Lorenzo Lucca,save,assisted,2565,19.7,44.6,0,0,46.8,2.5,2.0,49.6,0.0
13981436,Cagliari,Michael Folorunsho,miss,assisted,2482,28.3,72.3,0,0,38.0,25.0,,,
13981436,Cagliari,Matteo Prati,miss,assisted,2424,8.1,53.9,0,0,49.2,62.5,,,
13981436,Napoli,Lorenzo Lucca,block,assisted,2394,9.3,68.6,0,0,52.0,19.0,8.0,65.7,0.0
13981436,Napoli,Kevin De Bruyne,miss,assisted,2292,20.3,35.2,0,0,50.1,83.3,,,
13981436,Cagliari,Sebastiano Esposito,miss,fast-break,2248,55.2,55.8,0,0,37.8,11.1,,,
13981436,Cagliari,Adam Obert,miss,fast-break,2188,10.2,29.5,0,0,32.6,8.3,8.1,38.6,0.0
13981436,Napoli,Scott McTominay,block,regular,1779,8.2,33.5,0,0,48.5,19.0,7.3,35.4,0.0
13981436,Napoli,Frank Anguissa,block,assisted,1712,19.0,68.9,0,0,50.0,19.0,8.5,58.5,0.0
13981436,Cagliari,Matteo Prati,miss,regular,12,27.3,46.9,0,0,68.1,16.7,,,
13981448,Genoa,Patrizio Masini,post,corner,5787,8.3,58.3,0,0,45.3,41.1,,,
13981448,Genoa,Caleb Ekuban,miss,assisted,5732,15.1,39.4,0,0,41.0,6.9,1.8,56.3,0.0
13981448,Genoa,Johan Vásquez,miss,regular,5437,21.0,47.7,0,0,29.7,12.5,,,
13981448,Genoa,Ruslan Malinovskyi,miss,assisted,5285,23.5,29.3,0,0,36.3,16.7,,,
13981448,Juventus,Nicolás González,block,assisted,5224,27.6,33.9,0,0,50.6,19.0,21.1,37.5,0.0
13981448,Juventus,Filip Kostić,miss,assisted,5036,20.4,40.9,0,0,53.8,81.9,,,
13981448,Juventus,Dušan Vlahović,block,regular,5034,12.3,51.9,0,0,50.4,19.0,7.0,50.9,0.0
13981448,Juventus,Dušan Vlahović,goal,corner,4330,8.0,47.4,0,0,45.8,15.2,,,
13981448,Genoa,Lorenzo Colombo,block,assisted,3601,19.3,50.9,0,0,51.4,19.0,7.2,49.5,0.0
13981448,Genoa,Nicolae Stanciu,block,assisted,3596,8.1,42.1,0,0,52.0,19.0,6.4,43.3,0.0
13981448,Juventus,Lloyd Kelly,miss,assisted,3457,13.0,28.6,0,0,40.0,2.8,,,
13981448,Juventus,Khéphren Thuram,miss,fast-break,3249,22.5,59.9,0,0,62.0,2.8,,,
13981448,Genoa,Lorenzo Colombo,miss,corner,2934,4.5,60.1,0,0,40.8,16.7,,,
13981448,Genoa,Mikael Ellertsson,block,assisted,2877,7.8,61.5,0,0,46.7,19.0,6.3,59.9,0.0
13981448,Genoa,Lorenzo Colombo,miss,assisted,2648,27.9,65.8,0,0,33.4,15.3,22.0,60.3,0.0
13981448,Juventus,Jonathan David,miss,regular,2528,3.0,46.8,0,0,49.6,88.9,,,
13981448,Juventus,Kenan Yıldız,save,regular,2527,7.5,28.2,0,0,49.1,4.4,1.1,45.1,0.0
13981448,Juventus,Pierre Kalulu,block,regular,2521,8.4,57.4,0,0,48.8,19.0,6.7,56.1,0.0
13981448,Juventus,Federico Gatti,save,assisted,2403,9.0,44.1,0,0,53.2,17.1,1.4,48.9,0.0
13981448,Juventus,Francisco Conceição,block,corner,2376,7.6,57.9,0,0,50.5,19.0,6.2,56.3,0.0
13981448,Juventus,Khéphren Thuram,block,assisted,2341,23.9,50.8,0,0,52.7,19.0,22.1,50.5,0.0
13981448,Genoa,Mikael Ellertsson,save,fast-break,1525,10.7,64.3,0,0,51.0,14.6,1.2,52.5,0.0
13981448,Juventus,João Mário,block,regular,289,20.4,40.7,0,0,48.4,19.0,12.8,44.8,0.0
13981443,Cremonese,Manuel De Luca,goal,penalty,5528,11.5,50.0,0,0,47.9,17.7,,,
13981443,Cremonese,Martín Payero,miss,regular,5357,26.3,56.4,0,0,52.6,70.8,,,
13981443,Cremonese,Manuel De Luca,save,fast-break,5331,15.6,66.0,0,0,50.4,7.0,9.9,59.6,0.0
13981443,Sassuolo,Edoardo Iannoni,miss,regular,5137,10.2,63.2,0,0,59.2,8.3,,,
13981443,Sassuolo,Domenico Berardi,goal,penalty,4366,11.5,50.0,0,0,46.8,2.5,,,
13981443,Sassuolo,Armand Laurienté,miss,assisted,3944,17.9,63.0,0,0,49.1,63.9,,,
13981443,Sassuolo,Andrea Pinamonti,goal,assisted,3780,14.3,54.7,0,0,53.2,1.9,,,
13981443,Cremonese,Alessio Zerbin,block,assisted,3055,12.9,65.4,0,0,54.6,6.9,11.8,63.5,0.0
13981443,Cremonese,Franco Vázquez,save,assisted,2936,27.0,41.4,0,0,53.2,1.3,1.8,48.7,0.0
13981443,Cremonese,Antonio Sanabria,save,assisted,2892,4.3,49.8,0,0,49.3,20.3,1.1,51.6,0.0
13981443,Sassuolo,Andrea Pinamonti,save,corner,2553,6.8,32.8,0,0,48.2,30.4,1.1,46.7,0.0
13981443,Sassuolo,Domenico Berardi,save,free-kick,2524,27.2,58.1,0,0,47.0,22.2,1.0,50.7,0.0
13981443,Cremonese,Franco Vázquez,goal,assisted,2297,1.2,50.2,0,0,50.3,8.9,,,
13981443,Cremonese,Antonio Sanabria,miss,assisted,2296,1.7,42.7,0,0,33.9,5.6,0.2,48.9,0.0
13981443,Cremonese,Filippo Terracciano,goal,corner,2194,7.4,54.7,0,0,53.3,3.8,,,
13981443,Sassuolo,Andrea Pinamonti,save,throw-in-set-piece,1807,10.4,28.9,0,0,50.8,19.6,1.4,46.7,0.0
13981443,Cremonese,Alessio Zerbin,block,regular,1099,9.9,68.4,0,0,53.3,22.2,8.0,65.2,0.0
13981443,Cremonese,Jari Vandeputte,block,free-kick,641,19.2,26.6,0,0,47.1,19.0,13.1,35.0,0.0
13981443,Sassuolo,Andrea Pinamonti,block,assisted,555,20.1,29.4,0,0,51.8,19.0,15.3,33.9,0.0
13981443,Sassuolo,Andrea Pinamonti,save,assisted,511,12.3,45.6,0,0,50.9,15.2,0.90000000000001,49.5,0.0
13981435,Inter,Marcus Thuram,miss,corner,5743,11.1,56.6,0,0,41.2,16.7,,,
13981435,Juventus,Vasilije Adžić,goal,assisted,5447,30.5,45.3,0,0,53.9,22.8,,,
13981435,Juventus,Juan Cabal,miss,regular,5362,25.1,27.1,0,0,64.4,55.6,,,
13981435,Juventus,Loïs Openda,block,assisted,5177,24.8,57.9,0,0,46.6,19.0,23.1,57.6,0.0
13981435,Juventus,Khéphren Thuram,goal,set-piece,4919,8.8,47.6,0,0,46.1,17.7,,,
13981435,Inter,Marcus Thuram,goal,corner,4517,7.5,48.6,0,0,52.2,7.0,,,
13981435,Inter,Alessandro Bastoni,miss,set-piece,4241,9.3,46.9,0,0,40.2,19.4,,,
13981435,Inter,Hakan Çalhanoğlu,block,free-kick,4239,23.3,21.0,0,0,47.8,19.0,8.4,41.0,0.0
13981435,Inter,Hakan Çalhanoğlu,goal,assisted,3886,17.5,63.6,0,0,52.3,5.1,,,
13981435,Inter,Nicolò Barella,block,assisted,3508,14.2,52.1,0,0,49.5,19.0,10.7,51.1,0.0
13981435,Inter,Hakan Çalhanoğlu,miss,regular,3231,18.8,73.8,0,0,42.5,72.2,,,
13981435,Inter,Denzel Dumfries,block,assisted,3135,8.9,68.7,0,0,51.4,19.0,5.9,64.1,0.0
13981435,Juventus,Dušan Vlahović,miss,corner,3064,8.5,46.2,0,0,35.6,12.5,,,
13981435,Juventus,Teun Koopmeiners,miss,assisted,2520,19.1,47.7,0,0,60.8,20.8,,,
13981435,Inter,Henrikh Mkhitaryan,miss,assisted,2445,23.0,38.6,0,0,57.6,1.4,,,
13981435,Juventus,Kenan Yıldız,goal,assisted,2247,27.1,45.0,0,0,54.2,3.2,,,
13981435,Inter,Hakan Çalhanoğlu,miss,assisted,2193,31.2,46.9,0,0,46.2,73.6,,,
13981435,Juventus,Manuel Locatelli,block,corner,2167,22.2,44.4,0,0,50.5,19.0,13.6,46.4,0.0
13981435,Inter,Hakan Çalhanoğlu,save,regular,2040,22.0,51.7,0,0,53.9,4.4,0.7,50.4,0.0
13981435,Inter,Hakan Çalhanoğlu,goal,assisted,1766,21.9,44.4,0,0,48.2,3.8,,,
13981435,Juventus,Manuel Locatelli,block,regular,1689,23.4,40.7,0,0,50.0,19.0,17.7,43.0,0.0
13981435,Inter,Alessandro Bastoni,miss,corner,1319,5.0,40.7,0,0,58.3,55.6,,,
13981435,Inter,Marcus Thuram,block,assisted,1286,19.2,63.6,0,0,50.1,19.0,17.3,62.3,0.0
13981435,Inter,Nicolò Barella,block,set-piece,981,16.1,40.6,0,0,47.4,19.0,9.3,45.7,0.0
13981435,Inter,Manuel Akanji,block,set-piece,977,25.1,40.3,0,0,50.1,19.0,12.5,45.5,0.0
13981435,Juventus,Lloyd Kelly,goal,corner,798,12.8,43.7,0,0,46.1,1.9,,,
13981435,Juventus,Dušan Vlahović,block,assisted,747,8.2,30.3,0,0,50.4,19.0,4.1,39.2,0.0
13981435,Juventus,Pierre Kalulu,block,assisted,745,8.0,41.7,0,0,51.4,19.0,7.0,42.6,0.0
13981435,Inter,Marcus Thuram,miss,throw-in-set-piece,485,9.2,55.3,0,0,61.5,19.4,4.4,45.1,0.0
13981435,Inter,Nicolò Barella,miss,throw-in-set-piece,189,20.7,57.0,0,0,57.0,6.9,,,
13981442,Fiorentina,Roberto Piccoli,block,assisted,5693,8.6,44.2,0,0,51.3,13.9,6.8,44.8,0.0
13981442,Fiorentina,Moise Kean,miss,assisted,5491,15.0,69.7,0,0,61.2,83.3,,,
13981442,Napoli,Eljif Elmas,save,throw-in-set-piece,5348,6.3,65.2,0,0,48.4,6.3,0.59999999999999,52.9,0.0
13981442,Fiorentina,Robin Gosens,miss,corner,5053,4.5,52.1,0,0,64.5,20.8,,,
13981442,Fiorentina,Luca Ranieri,block,assisted,5008,5.1,47.4,0,0,50.4,19.0,4.1,47.8,0.0
13981442,Fiorentina,Roberto Piccoli,save,fast-break,4980,14.2,43.0,0,0,48.7,2.5,9.9,44.8,0.0
13981442,Fiorentina,Pietro Comuzzo,block,assisted,4901,8.6,52.1,0,0,52.2,19.0,6.6,51.1,0.0
13981442,Fiorentina,Luca Ranieri,goal,corner,4718,8.7,67.6,0,0,47.7,3.2,,,
13981442,Fiorentina,Robin Gosens,block,throw-in-set-piece,4685,16.1,47.2,0,0,51.4,19.0,12.9,47.5,0.0
13981442,Fiorentina,Rolando Mandragora,save,free-kick,4622,22.8,78.0,0,0,50.0,31.6,1.6,52.3,0.0
13981442,Fiorentina,Roberto Piccoli,miss,regular,4461,26.7,46.9,0,0,41.5,22.2,,,
13981442,Napoli,David Neres,block,assisted,4314,27.7,44.4,0,0,49.8,19.0,19.0,46.2,0.0
13981442,Fiorentina,Roberto Piccoli,block,assisted,3977,12.6,47.7,0,0,51.2,19.0,11.1,47.8,0.0
13981442,Fiorentina,Rolando Mandragora,miss,assisted,3787,22.7,49.2,0,0,56.1,73.6,,,
13981442,Napoli,Frank Anguissa,miss,assisted,3648,3.9,61.4,0,0,42.0,33.3,,,
13981442,Fiorentina,Moise Kean,miss,fast-break,3532,23.5,46.7,0,0,48.1,65.3,,,
13981442,Napoli,Matteo Politano,post,regular,3477,2.9,64.8,0,0,44.2,3.2,,,
13981442,Napoli,Scott McTominay,save,assisted,3475,21.4,58.0,0,0,48.6,3.8,2.7,51.1,0.0
13981442,Napoli,Sam Beukema,goal,corner,3020,2.3,48.0,0,0,52.3,5.7,,,
13981442,Napoli,Matteo Politano,save,regular,2983,5.4,64.6,0,0,47.4,7.0,0.7,53.6,0.0
13981442,Fiorentina,Moise Kean,miss,assisted,2727,4.0,42.1,0,0,56.1,80.6,,,
13981442,Fiorentina,Moise Kean,miss,assisted,2413,21.5,45.4,0,0,41.2,11.1,,,
13981442,Fiorentina,Dodô,miss,corner,1886,15.9,70.5,0,0,78.8,11.1,13.3,52.3,0.0
13981442,Napoli,Kevin De Bruyne,save,assisted,1434,13.9,45.4,0,0,45.8,22.2,2.0,49.1,0.0
13981442,Fiorentina,Rolando Mandragora,block,regular,1082,9.7,56.6,0,0,51.0,19.0,7.7,55.1,0.0
13981442,Fiorentina,Edin Džeko,block,regular,1080,9.3,47.6,0,0,53.1,19.0,7.6,47.5,0.0
13981442,Fiorentina,Rolando Mandragora,block,assisted,1077,8.8,49.3,0,0,51.6,19.0,6.8,49.1,0.0
13981442,Napoli,Matteo Politano,block,assisted,1039,14.5,72.2,0,0,53.6,19.0,13.2,69.9,0.0
13981442,Napoli,Matteo Politano,block,assisted,1030,20.1,62.2,0,0,51.0,19.0,17.5,60.5,0.0
13981442,Napoli,Rasmus Højlund,goal,assisted,829,9.1,37.2,0,0,46.1,2.5,,,
13981442,Napoli,Kevin De Bruyne,goal,penalty,332,11.5,50.0,0,0,54.2,7.6,,,
13981442,Napoli,Rasmus Højlund,save,corner,134,3.5,50.7,0,0,49.7,5.6,0.5,51.6,0.0
13981442,Napoli,Giovanni Di Lorenzo,save,corner,132,6.6,39.9,0,0,50.1,3.2,1.5,45.8,0.0
13981445,Pisa,Giovanni Bonfanti,block,throw-in-set-piece,5694,15.8,51.1,0,0,50.9,19.0,14.2,50.9,0.0
13981445,Pisa,Matteo Tramoni,miss,assisted,4522,25.3,34.0,0,0,58.0,12.5,,,
13981445,Pisa,Antonio Caracciolo,miss,corner,4282,8.9,46.2,0,0,46.1,58.3,,,
13981445,Pisa,Mehdi Léris,block,assisted,4129,11.4,29.5,0,0,49.1,19.0,6.8,38.1,0.0
13981445,Pisa,Matteo Tramoni,save,assisted,4003,21.5,35.2,0,0,48.4,22.2,2.2,49.1,0.0
13981445,Udinese,Nicolò Bertola,save,assisted,3849,24.8,53.6,0,0,48.1,23.4,2.3,50.7,0.0
13981445,Udinese,Kingsley Ehizibue,miss,assisted,3701,11.9,64.0,0,0,100.0,26.4,1.5,0.7,0.0
13981445,Udinese,Oumar Solet,miss,corner,3476,5.0,50.1,0,0,49.6,69.4,,,
13981445,Pisa,M'Bala Nzola,block,assisted,3266,15.4,66.4,0,0,52.1,19.0,13.3,63.9,0.0
13981445,Pisa,Mehdi Léris,miss,assisted,3047,9.8,48.8,0,0,47.6,77.8,,,
13981445,Udinese,Jesper Karlström,block,assisted,2659,19.4,47.0,0,0,54.0,19.0,15.4,46.9,0.0
13981445,Udinese,Arthur Atta,save,assisted,2630,20.7,38.9,0,0,52.9,7.6,1.4,48.7,0.0
13981445,Pisa,Mateus Lusuardi,miss,corner,2466,10.8,39.7,0,0,62.9,55.6,,,
13981445,Udinese,Jakub Piotrowski,block,assisted,2275,23.4,67.5,0,0,51.7,19.0,19.7,64.4,0.0
13981445,Udinese,Arthur Atta,block,assisted,2265,14.2,31.9,0,0,48.4,19.0,5.5,44.6,0.0
13981445,Udinese,Iker Bravo,block,throw-in-set-piece,2249,21.8,36.8,0,0,50.2,19.0,18.1,39.0,0.0
13981445,Pisa,Ebenezer Akinsanmiro,save,regular,2163,28.7,55.8,0,0,49.0,23.4,4.0,50.9,0.0
13981445,Pisa,Stefano Moreo,miss,regular,1884,14.4,56.8,0,0,45.2,65.3,,,
13981445,Udinese,Jesper Karlström,block,set-piece,1152,18.2,34.2,0,0,49.3,19.0,16.3,35.9,0.0
13981445,Udinese,Keinan Davis,miss,regular,948,9.5,40.5,0,0,57.1,19.4,,,
13981445,Udinese,Iker Bravo,goal,regular,813,10.5,47.0,0,0,46.1,11.4,,,
13981445,Udinese,Arthur Atta,block,assisted,811,14.1,46.6,0,0,52.6,19.0,12.4,46.2,0.0
13981445,Pisa,Mateus Lusuardi,block,corner,736,11.5,30.1,0,0,52.8,19.0,9.2,33.6,0.0
13981445,Udinese,Keinan Davis,miss,assisted,429,6.4,30.4,0,0,56.6,19.4,,,
13981445,Pisa,Henrik Wendel Meister,miss,regular,113,7.7,26.6,0,0,56.5,2.8,,,
13981434,Torino,Cristiano Biraghi,block,assisted,5856,20.3,36.2,0,0,49.7,19.0,16.3,39.0,0.0
13981434,Roma,Stephan El Shaarawy,save,throw-in-set-piece,5793,18.9,29.4,0,0,52.9,19.0,0.3,49.6,0.0
13981434,Roma,Matías Soulé,miss,assisted,5729,13.6,50.9,0,0,49.1,75.0,,,
13981434,Roma,Matías Soulé,miss,assisted,5562,7.4,67.9,0,0,57.0,26.4,,,
13981434,Roma,Niccolò Pisilli,save,corner,5434,6.1,56.8,0,0,47.5,17.1,0.59999999999999,50.9,0.0
13981434,Roma,Evan Ferguson,miss,corner,5433,5.5,43.8,0,0,25.0,4.2,5.0,53.8,0.0
13981434,Roma,Gianluca Mancini,save,assisted,5292,19.7,45.2,0,0,49.8,3.8,1.8,48.9,0.0
13981434,Roma,Gianluca Mancini,miss,assisted,4952,15.6,41.8,0,0,69.6,2.8,8.6,33.9,0.0
13981434,Roma,Stephan El Shaarawy,block,assisted,4939,19.1,30.1,0,0,51.1,19.0,15.8,33.0,0.0
13981434,Torino,Nikola Vlašić,save,throw-in-set-piece,4827,21.8,54.0,0,0,46.7,11.4,2.5,50.0,0.0
13981434,Torino,Zakaria Aboukhlal,save,throw-in-set-piece,3930,9.9,44.4,0,0,53.3,8.2,1.4,49.3,0.0
13981434,Roma,Matías Soulé,miss,assisted,3769,20.3,43.3,0,0,42.4,23.6,,,
13981434,Roma,Gianluca Mancini,block,assisted,3735,8.4,66.7,0,0,48.9,19.0,7.1,64.3,0.0
13981434,Torino,Giovanni Simeone,goal,fast-break,3515,18.2,32.8,0,0,45.8,20.3,,,
13981434,Roma,Bryan Cristante,miss,set-piece,3491,9.7,53.4,0,0,38.5,41.7,3.1,66.1,0.0
13981434,Roma,Evan Ferguson,miss,fast-break,3374,11.9,55.9,0,0,38.2,2.8,,,
13981434,Roma,Tommaso Baldanzi,miss,fast-break,3212,20.4,47.4,0,0,30.6,4.2,,,
13981434,Torino,Giovanni Simeone,miss,assisted,3019,12.0,49.3,0,0,37.1,52.8,,,
13981434,Roma,Mario Hermoso,save,set-piece,2822,12.6,41.5,0,0,47.9,23.4,1.0,48.4,0.0
13981434,Roma,Angeliño,block,assisted,2729,4.6,39.5,0,0,51.0,19.0,3.7,41.3,0.0
13981434,Roma,Paulo Dybala,block,fast-break,2528,19.1,50.9,0,0,54.2,19.0,17.1,50.4,0.0
13981434,Roma,Matías Soulé,miss,set-piece,2149,23.8,59.8,0,0,57.8,81.9,,,
13981434,Roma,Matías Soulé,block,free-kick,2147,24.6,73.5,0,0,49.9,19.0,14.9,64.3,0.0
13981434,Roma,Gianluca Mancini,save,corner,2032,8.6,53.3,0,0,51.7,15.2,1.0,51.1,0.0
13981434,Roma,Paulo Dybala,block,assisted,2000,20.7,62.9,0,0,51.5,19.0,15.9,59.6,0.0
13981434,Torino,Cesare Casadei,miss,assisted,1637,9.8,53.6,0,0,9.7,15.3,5.5,79.2,0.0
13981434,Roma,Bryan Cristante,miss,corner,958,2.9,59.3,0,0,50.9,69.4,,,
13981434,Torino,Giovanni Simeone,miss,fast-break,813,37.6,90.1,0,0,38.3,2.8,,,
13981434,Torino,Guillermo Maripán,save,corner,682,4.4,49.8,0,0,50.6,27.2,2.0,49.8,0.0
13981434,Roma,Paulo Dybala,block,free-kick,464,23.5,66.8,0,0,49.2,19.0,14.5,60.7,0.0
13981451,Hellas Verona,Amin Sarr,save,fast-break,5558,11.7,44.2,0,0,48.7,9.5,3.8,47.5,0.0
13981451,Cremonese,Jeremy Sarmiento,save,regular,5455,29.3,54.8,0,0,54.1,22.2,1.5,50.5,0.0
13981451,Cremonese,Filippo Terracciano,block,corner,3959,7.4,46.7,0,0,49.7,19.0,6.2,47.3,0.0
13981451,Cremonese,Michele Collocolo,save,assisted,3906,28.8,60.1,0,0,54.4,0.6,1.6,50.0,0.0
13981451,Hellas Verona,Giovane,block,regular,3881,9.7,69.3,0,0,49.8,19.0,6.0,62.1,0.0
13981451,Hellas Verona,Gift Orban,save,assisted,3720,14.7,40.3,0,0,49.4,3.8,1.6,48.6,0.0
13981451,Hellas Verona,Jean-Daniel Akpa Akpro,miss,regular,3691,29.9,58.9,0,0,37.5,81.9,,,
13981451,Hellas Verona,Giovane,save,assisted,3626,8.2,34.0,0,0,50.0,3.8,0.5,46.2,0.0
13981451,Cremonese,Federico Bonazzoli,miss,regular,3428,26.9,50.5,0,0,51.9,98.6,,,
13981451,Hellas Verona,Suat Serdar,block,regular,3318,18.9,49.3,0,0,49.9,19.0,15.1,49.5,0.0
13981451,Hellas Verona,Giovane,miss,assisted,3252,14.8,32.7,0,0,58.5,5.6,,,
13981451,Hellas Verona,Giovane,save,fast-break,2924,17.8,74.9,0,0,48.6,18.4,0.5,52.7,0.0
13981451,Hellas Verona,Suat Serdar,block,regular,2698,15.1,62.2,0,0,49.2,19.0,11.6,59.6,0.0
13981451,Hellas Verona,Domagoj Bradarić,save,fast-break,2503,12.6,31.7,0,0,50.6,10.8,9.6,35.7,0.0
13981451,Hellas Verona,Jean-Daniel Akpa Akpro,block,assisted,2298,19.0,59.3,0,0,46.8,19.0,17.6,58.8,0.0
13981451,Hellas Verona,Gift Orban,save,fast-break,2034,6.8,65.4,0,0,46.1,3.2,0.59999999999999,53.6,0.0
13981451,Hellas Verona,Giovane,miss,corner,1820,10.4,39.1,0,0,49.1,70.8,,,
13981451,Hellas Verona,Giovane,save,assisted,1780,30.5,59.9,0,0,53.8,11.4,0.3,51.1,0.0
13981451,Hellas Verona,Unai Núñez,block,corner,1564,11.6,46.6,0,0,52.3,19.0,7.1,48.9,0.0
13981451,Hellas Verona,Gift Orban,miss,regular,1302,21.9,39.5,0,0,32.4,88.9,,,
13981451,Hellas Verona,Giovane,miss,assisted,1241,13.2,74.7,0,0,56.6,4.2,,,
13981451,Hellas Verona,Giovane,save,assisted,922,7.0,65.2,0,0,48.8,5.7,5.8,63.0,0.0
13981451,Cremonese,Warren Bondo,block,assisted,724,27.1,45.8,0,0,50.4,19.0,22.9,46.4,0.0
13981451,Cremonese,Antonio Sanabria,miss,assisted,550,8.4,46.9,0,0,25.4,11.1,,,
13981451,Hellas Verona,Gift Orban,miss,assisted,351,25.6,40.6,0,0,41.8,19.4,,,
13981451,Hellas Verona,Gift Orban,save,assisted,199,29.0,45.4,0,0,51.6,0.6,1.1,48.9,0.0
13981430,Genoa,Johan Vásquez,save,corner,5634,8.3,50.3,0,0,51.0,17.1,1.0,49.3,0.0
13981430,Genoa,Caleb Ekuban,goal,regular,5472,8.3,46.4,0,0,53.9,24.7,,,
13981430,Genoa,Brooke Norton-Cuffy,save,assisted,5471,3.2,60.0,0,0,53.1,19.0,1.0,50.9,0.0
13981430,Como,Jayden Addai,block,assisted,5247,8.3,44.9,0,0,51.6,19.0,7.3,45.3,0.0
13981430,Genoa,Leo Østigård,block,corner,4927,3.1,51.2,0,0,50.3,19.0,1.8,50.5,0.0
13981430,Genoa,Leo Østigård,block,corner,4899,4.2,52.7,0,0,49.7,19.0,2.9,52.0,0.0
13981430,Genoa,Lorenzo Colombo,block,throw-in-set-piece,4666,10.6,36.7,0,0,49.4,19.0,7.2,41.2,0.0
13981430,Como,Anastasios Douvikas,block,regular,4022,4.6,52.6,0,0,50.6,19.0,2.8,51.4,0.0
13981430,Como,Mërgim Vojvoda,save,assisted,4019,14.3,63.4,0,0,46.4,12.7,0.7,52.9,0.0
13981430,Como,Maxence Caqueret,miss,assisted,3758,23.1,41.1,0,0,37.8,65.3,,,
13981430,Genoa,Johan Vásquez,block,regular,3088,20.2,59.9,0,0,50.7,19.0,17.9,58.7,0.0
13981430,Genoa,Ruslan Malinovskyi,block,assisted,3078,23.5,51.5,0,0,49.5,19.0,17.9,51.3,0.0
13981430,Como,Nico Paz,block,assisted,2824,19.4,65.8,0,0,51.9,19.0,14.4,61.2,0.0
13981430,Como,Jesús Rodriguez,save,assisted,2443,19.4,35.2,0,0,49.7,1.3,1.4,48.7,0.0
13981430,Como,Nico Paz,block,assisted,2244,24.8,36.4,0,0,51.2,19.0,20.7,38.4,0.0
13981430,Como,Álvaro Morata,miss,assisted,2156,14.8,60.1,0,0,40.3,4.2,,,
13981430,Genoa,Patrizio Masini,save,regular,1979,4.5,50.5,0,0,50.0,19.0,3.3,50.4,0.0
13981430,Genoa,Mikael Ellertsson,save,regular,1977,7.6,50.1,0,0,50.1,17.1,4.5,49.8,0.0
13981430,Genoa,Lorenzo Colombo,save,assisted,1976,9.9,41.1,0,0,50.7,13.3,1.5,48.0,0.0
13981430,Como,Álvaro Morata,miss,regular,1778,3.2,44.2,0,0,57.8,8.3,,,
13981430,Como,Nicolas-Gerrit Kühn,save,assisted,1776,6.8,57.6,0,0,51.9,1.9,2.2,53.4,0.0
13981430,Como,Nicolas-Gerrit Kühn,block,assisted,1435,10.4,58.3,0,0,50.9,19.0,8.8,56.9,0.0
13981430,Como,Jacobo Ramón,block,assisted,1248,23.6,58.3,0,0,52.2,19.0,19.5,56.5,0.0
13981430,Como,Nico Paz,goal,assisted,774,24.8,38.9,0,0,45.9,17.7,,,
13981430,Genoa,Patrizio Masini,block,regular,596,21.2,42.1,0,0,50.2,19.0,17.3,43.5,0.0
13981437,Bologna,Nadir Zortea,miss,regular,5030,21.8,70.7,0,0,59.0,81.9,,,
13981437,Milan,Santiago Giménez,post,assisted,4958,3.6,34.8,0,0,55.6,28.5,,,
13981437,Milan,Alexis Saelemaekers,block,fast-break,4876,20.8,65.1,0,0,50.3,19.0,17.7,62.8,0.0
13981437,Bologna,Remo Freuler,block,regular,4636,16.7,68.7,0,0,48.9,19.0,13.0,64.8,0.0
13981437,Milan,Koni De Winter,miss,set-piece,4563,11.7,43.1,0,0,38.8,33.3,,,
13981437,Milan,Samuele Ricci,block,assisted,4512,15.0,64.0,0,0,50.1,19.0,13.2,62.3,0.0
13981437,Milan,Santiago Giménez,save,assisted,4193,7.3,33.1,0,0,52.7,0.6,6.4,35.4,0.0
13981437,Milan,Samuele Ricci,post,assisted,4068,24.6,36.0,0,0,44.7,17.7,,,
13981437,Milan,Luka Modrić,goal,assisted,3609,13.9,49.4,0,0,52.5,8.2,,,
13981437,Milan,Santiago Giménez,miss,assisted,3489,12.5,27.5,0,0,31.4,5.6,,,
13981437,Milan,Santiago Giménez,post,corner,2696,1.7,60.3,0,0,44.4,17.7,,,
13981437,Milan,Ruben Loftus-Cheek,miss,corner,2695,4.2,43.6,0,0,34.3,18.1,0.90000000000001,58.3,0.0
13981437,Bologna,Giovanni Fabbian,miss,assisted,1450,12.9,47.0,0,0,39.7,54.2,,,
13981437,Milan,Pervis Estupiñán,post,assisted,1397,14.8,40.5,0,0,44.5,12.0,,,
13981437,Bologna,Charalampos Lykogiannis,block,regular,1227,8.8,34.0,0,0,52.1,19.0,7.5,36.0,0.0
13981437,Bologna,Riccardo Orsolini,block,assisted,822,25.7,45.8,0,0,48.5,19.0,15.7,48.0,0.0
13981437,Milan,Santiago Giménez,save,regular,646,13.8,60.3,0,0,51.4,1.3,4.4,54.3,0.0
13981437,Milan,Luka Modrić,block,assisted,429,20.1,30.6,0,0,47.1,19.4,14.4,36.5,0.0
13981437,Milan,Adrien Rabiot,block,assisted,367,19.6,28.5,0,0,52.7,19.0,15.3,32.7,0.0
13981449,Lazio,Danilo Cataldi,block,corner,5728,9.5,66.4,0,0,48.9,19.0,5.5,60.5,0.0
13981449,Lazio,Mario Gila Fuentes,miss,corner,5725,10.2,55.6,0,0,70.3,2.8,7.9,48.0,0.0
13981449,Sassuolo,Walid Cheddira,miss,assisted,5489,12.5,26.0,0,0,1.8,11.1,2.8,100.0,0.0
13981449,Lazio,Mario Gila Fuentes,miss,corner,5436,10.7,57.0,0,0,45.4,59.7,,,
13981449,Lazio,Boulaye Dia,save,assisted,4513,8.0,35.6,0,0,53.0,8.9,5.4,39.9,0.0
13981449,Lazio,Danilo Cataldi,save,regular,4487,16.1,35.4,0,0,51.6,21.5,0.7,48.6,0.0
13981449,Lazio,Mattia Zaccagni,block,assisted,4482,12.2,33.8,0,0,50.0,19.0,10.2,36.5,0.0
13981449,Lazio,Pedro,miss,fast-break,4325,5.1,67.9,0,0,40.0,83.3,,,
13981449,Sassuolo,Alieu Fadera,goal,corner,4178,3.1,47.6,0,0,51.7,6.3,,,
13981449,Sassuolo,Tarik Muharemović,block,corner,4176,9.2,54.6,0,0,52.7,19.0,2.9,49.6,0.0
13981449,Lazio,Mattia Zaccagni,save,assisted,3676,6.9,44.6,0,0,51.9,25.3,2.8,49.6,0.0
13981449,Sassuolo,Andrea Pinamonti,miss,assisted,3454,11.2,54.6,0,0,99.5,5.6,9.4,38.3,0.0
13981449,Sassuolo,Armand Laurienté,miss,assisted,3289,28.4,35.0,0,0,38.8,13.9,,,
13981449,Lazio,Danilo Cataldi,miss,regular,2808,27.1,57.0,0,0,59.3,1.4,,,
13981449,Lazio,Nuno Tavares,miss,assisted,2836,13.3,28.9,0,0,43.9,77.8,,,
13981449,Sassuolo,Domenico Berardi,miss,assisted,2224,18.3,65.4,0,0,63.9,12.5,8.3,48.4,0.0
13981449,Sassuolo,Andrea Pinamonti,miss,assisted,2217,10.5,46.5,0,0,0.8,2.8,12.3,73.8,0.0
13981449,Lazio,Mattia Zaccagni,miss,corner,2058,11.3,41.4,0,0,72.6,5.6,7.9,35.7,0.0
13981449,Lazio,Mario Gila Fuentes,block,corner,2054,11.7,51.1,0,0,47.6,19.0,10.2,51.3,0.0
13981449,Lazio,Nuno Tavares,block,assisted,1907,19.8,31.7,0,0,51.8,19.0,18.0,33.2,0.0
13981449,Sassuolo,Andrea Pinamonti,save,regular,1597,9.8,64.2,0,0,45.9,4.4,1.5,53.1,0.0
13981449,Sassuolo,Armand Laurienté,block,fast-break,1114,6.4,29.5,0,0,47.3,19.0,4.6,34.8,0.0
13981449,Sassuolo,Andrea Pinamonti,save,assisted,787,13.6,67.9,0,0,53.4,0.6,3.7,55.8,0.0
13981450,Atalanta,Nikola Krstović,miss,fast-break,5525,8.9,46.5,0,0,60.8,94.4,,,
13981450,Lecce,Francesco Camarda,block,assisted,5508,13.1,34.2,0,0,48.2,19.0,10.1,38.3,0.0
13981450,Atalanta,Lazar Samardžić,miss,assisted,5380,21.0,73.0,0,0,66.9,76.4,,,
13981450,Lecce,Francesco Camarda,block,corner,5257,18.9,47.2,0,0,53.3,5.6,11.0,48.2,0.0
13981450,Lecce,Konan N'Dri,save,corner,5254,9.2,60.4,0,0,50.3,8.2,0.2,51.3,0.0
13981450,Lecce,Tiago Gabriel,miss,corner,5244,8.7,47.8,0,0,99.3,5.6,4.6,1.2,0.0
13981450,Atalanta,Raoul Bellanova,save,assisted,5141,4.8,73.6,0,0,48.4,1.9,1.0,55.4,0.0
13981450,Lecce,Konan N'Dri,goal,assisted,4909,18.9,50.8,0,0,54.0,25.9,,,
13981450,Atalanta,Charles De Ketelaere,goal,regular,4379,12.8,49.6,0,0,53.9,17.1,,,
13981450,Atalanta,Nikola Krstović,save,assisted,4302,7.6,72.3,0,0,48.4,12.7,1.1,55.4,0.0
13981450,Atalanta,Nicola Zalewski,goal,assisted,4142,21.0,42.1,0,0,54.1,2.5,,,
13981450,Atalanta,Nikola Krstović,miss,fast-break,3749,7.1,42.1,0,0,59.2,6.9,,,
13981450,Atalanta,Nikola Krstović,miss,assisted,3461,7.6,32.8,0,0,62.0,26.4,,,
13981450,Atalanta,Marten de Roon,save,assisted,3326,18.4,56.2,0,0,46.9,3.2,1.8,51.6,0.0
13981450,Atalanta,Mario Pašalić,save,set-piece,3254,4.7,43.2,0,0,50.9,15.2,1.5,46.7,0.0
13981450,Atalanta,Nicola Zalewski,post,free-kick,3252,18.9,50.1,0,0,51.3,38.6,,,
13981450,Atalanta,Charles De Ketelaere,goal,assisted,3045,15.5,51.4,0,0,46.4,3.8,,,
13981450,Atalanta,Kamaldeen Sulemana,block,regular,2923,8.8,37.8,0,0,54.8,19.0,7.6,38.8,0.0
13981450,Atalanta,Nikola Krstović,block,regular,2670,27.5,57.6,0,0,49.9,19.0,20.8,55.8,0.0
13981450,Atalanta,Nikola Krstović,miss,assisted,2356,15.8,61.3,0,0,61.5,15.3,,,
13981450,Atalanta,Giorgio Scalvini,goal,corner,2187,7.3,51.9,0,0,46.6,20.3,,,
13981450,Lecce,Tete Morente,save,assisted,1876,21.2,65.8,0,0,48.1,1.3,0.90000000000001,50.5,0.0
13981450,Atalanta,Nikola Krstović,miss,assisted,1661,20.9,44.0,0,0,40.2,4.2,,,
13981450,Lecce,Riccardo Sottil,miss,assisted,1562,24.3,74.4,0,0,59.3,11.1,,,
13981450,Lecce,Nikola Štulić,miss,regular,1436,26.5,57.0,0,0,38.3,93.1,,,
13981450,Atalanta,Isak Hien,miss,corner,865,8.2,47.6,0,0,70.8,27.8,,,
13981450,Atalanta,Nikola Krstović,block,assisted,801,14.5,62.2,0,0,48.9,19.0,13.2,61.2,0.0
13981450,Lecce,Alex Sala,block,regular,568,21.8,51.9,0,0,50.8,19.0,19.5,51.6,0.0
13981450,Lecce,Tete Morente,block,assisted,565,13.5,69.0,0,0,53.6,11.1,10.7,65.3,0.0
13981450,Lecce,Nikola Štulić,block,regular,468,24.7,54.4,0,0,53.9,8.3,15.4,51.8,0.0
13981450,Lecce,Ylber Ramadani,miss,assisted,269,24.4,40.2,0,0,62.4,75.0,,,
13981427,Parma,Gaetano Oristanio,block,assisted,5816,18.1,69.7,0,0,47.3,19.0,15.4,67.2,0.0
13981427,Parma,Milan Đurić,block,assisted,5659,8.8,37.0,0,0,52.6,19.0,7.7,38.3,0.0
13981427,Cagliari,Michael Folorunsho,block,assisted,4939,15.4,45.5,0,0,50.3,19.0,13.4,46.0,0.0
13981427,Cagliari,Mattia Felici,goal,regular,4596,4.4,39.5,0,0,48.7,1.3,,,
13981427,Cagliari,Michel Adopo,save,assisted,4594,4.5,66.7,0,0,48.7,7.0,1.5,57.6,0.0
13981427,Parma,Mateo Pellegrino,save,assisted,4417,25.7,69.3,0,0,46.8,15.8,1.6,51.4,0.0
13981427,Parma,Gaetano Oristanio,post,assisted,4220,9.5,51.0,0,0,53.3,39.2,,,
13981427,Parma,Patrick Cutrone,save,assisted,4152,10.4,41.2,0,0,53.1,0.6,1.2,48.4,0.0
13981427,Parma,Adrián Bernabé,miss,assisted,3961,20.3,65.6,0,0,59.0,45.8,,,
13981427,Parma,Patrick Cutrone,miss,assisted,3399,8.0,44.8,0,0,59.5,8.3,,,
13981427,Cagliari,Andrea Belotti,save,assisted,3342,13.2,66.9,0,0,51.7,19.0,11.4,65.2,0.0
13981427,Cagliari,Gianluca Gaetano,miss,regular,3132,15.4,56.2,0,0,42.4,4.2,,,
13981427,Parma,Abdoulaye Ndiaye,miss,set-piece,3011,8.3,53.8,0,0,36.5,13.9,6.6,54.9,0.0
13981427,Cagliari,Michael Folorunsho,miss,assisted,2899,25.9,57.5,0,0,64.2,5.6,11.0,47.7,0.0
13981427,Parma,Emanuele Valeri,block,throw-in-set-piece,2749,15.1,61.7,0,0,49.6,19.0,13.7,60.7,0.0
13981427,Parma,Adrián Bernabé,block,throw-in-set-piece,2747,15.1,66.2,0,0,50.5,19.0,12.5,63.4,0.0
13981427,Parma,Patrick Cutrone,block,assisted,2513,10.1,59.3,0,0,49.1,19.0,8.2,57.7,0.0
13981427,Parma,Patrick Cutrone,block,assisted,2499,18.9,51.1,0,0,49.1,19.0,17.5,51.1,0.0
13981427,Cagliari,Yerry Mina,goal,corner,1968,2.4,50.7,0,0,50.3,25.9,,,
13981427,Cagliari,Andrea Belotti,save,corner,1966,3.6,54.6,0,0,48.3,18.4,0.2,52.3,0.0
13981427,Cagliari,Gianluca Gaetano,block,assisted,1935,23.1,56.0,0,0,51.8,19.0,20.8,55.2,0.0
13981427,Parma,Patrick Cutrone,save,assisted,1729,7.8,60.6,0,0,47.8,9.5,0.59999999999999,52.9,0.0
13981427,Cagliari,Matteo Prati,block,regular,1455,23.9,52.7,0,0,51.2,19.0,21.8,52.3,0.0
13981427,Cagliari,Michael Folorunsho,miss,corner,916,19.4,28.0,0,0,36.5,54.2,,,
13981427,Cagliari,Sebastiano Esposito,block,corner,851,16.4,31.2,0,0,51.6,19.0,14.0,33.7,0.0
13981427,Parma,Adrián Bernabé,block,free-kick,666,23.2,79.5,0,0,49.4,19.0,14.9,69.1,0.0
13981427,Parma,Abdoulaye Ndiaye,miss,corner,496,2.7,44.9,0,0,52.9,52.8,,,
13981427,Parma,Patrick Cutrone,save,regular,459,13.8,50.9,0,0,49.4,18.4,7.7,50.5,0.0
13981427,Parma,Mateo Pellegrino,save,regular,458,18.5,44.6,0,0,49.7,8.2,7.1,47.7,0.0
13981455,Cagliari,Mattia Felici,save,throw-in-set-piece,5369,20.1,44.0,0,0,48.3,5.7,4.7,48.4,0.0
13981455,Lecce,Konan N'Dri,miss,corner,5015,14.5,78.9,0,0,42.4,6.9,,,
13981455,Lecce,Tiago Gabriel,miss,set-piece,4500,11.3,41.5,0,0,58.2,18.1,,,
13981455,Cagliari,Andrea Belotti,goal,penalty,4214,11.5,50.0,0,0,53.5,3.2,,,
13981455,Lecce,Tete Morente,miss,assisted,3970,5.8,41.1,0,0,59.2,13.9,,,
13981455,Cagliari,Alessandro Deiola,miss,assisted,3529,10.6,68.2,0,0,33.1,13.9,,,
13981455,Lecce,Mohamed Kaba,save,regular,3351,14.8,29.7,0,0,50.6,1.9,1.5,46.7,0.0
13981455,Lecce,Santiago Pierotti,save,assisted,3268,4.1,65.1,0,0,48.6,19.0,1.0,52.5,0.0
13981455,Cagliari,Andrea Belotti,miss,assisted,2879,9.9,60.6,0,0,57.0,79.2,,,
13981455,Lecce,Alex Sala,miss,set-piece,2818,16.4,52.8,0,0,38.3,77.8,,,
13981455,Lecce,Nikola Štulić,save,set-piece,2810,11.3,58.7,0,0,54.5,22.2,1.2,51.8,0.0
13981455,Cagliari,Sebastiano Esposito,post,corner,2691,16.3,19.2,0,0,44.9,22.8,,,
13981455,Cagliari,Sebastiano Esposito,block,assisted,2635,7.9,38.5,0,0,51.1,19.0,6.4,40.4,0.0
13981455,Cagliari,Michael Folorunsho,block,corner,2466,7.9,62.2,0,0,49.6,19.0,7.3,61.4,0.0
13981455,Cagliari,Michael Folorunsho,block,regular,2423,15.0,41.9,0,0,52.0,19.0,10.6,43.7,0.0
13981455,Cagliari,Andrea Belotti,goal,assisted,1958,7.5,48.4,0,0,53.7,5.1,,,
13981455,Cagliari,Marco Palestra,save,assisted,1892,15.1,68.2,0,0,50.6,17.1,1.8,52.2,0.0
13981455,Lecce,Ylber Ramadani,miss,set-piece,1792,23.8,24.8,0,0,33.6,68.1,,,
13981455,Lecce,Lassana Coulibaly,save,regular,1712,22.0,61.3,0,0,45.9,5.1,3.7,52.7,0.0
13981455,Cagliari,Alessandro Deiola,save,corner,1288,9.1,52.1,0,0,53.0,13.9,0.90000000000001,50.7,0.0
13981455,Cagliari,Michel Adopo,save,assisted,1115,10.5,66.2,0,0,46.5,18.4,1.6,52.2,0.0
13981455,Cagliari,Andrea Belotti,miss,corner,1060,6.4,47.3,0,0,56.6,29.2,,,
13981455,Cagliari,Matteo Prati,miss,corner,1059,15.6,67.3,0,0,70.8,6.9,6.7,46.4,0.0
13981455,Cagliari,Sebastiano Esposito,post,corner,1058,8.0,33.4,0,0,55.4,27.8,,,
13981455,Lecce,Kialonda Gaspar,miss,corner,911,8.5,46.6,0,0,62.7,15.3,,,
13981455,Lecce,Tiago Gabriel,goal,set-piece,257,5.1,50.6,0,0,49.5,13.9,,,
13981452,Hellas Verona,Yellu Santiago,miss,regular,5429,30.9,54.9,0,0,57.5,84.7,,,
13981452,Hellas Verona,Cheikh Niasse,miss,assisted,4969,8.3,69.0,0,0,51.4,66.7,,,
13981452,Juventus,Loïs Openda,save,corner,4797,3.8,68.5,0,0,46.7,17.1,0.59999999999999,54.2,0.0
13981452,Hellas Verona,Amin Sarr,miss,corner,4713,7.9,50.9,0,0,45.2,70.8,,,
13981452,Hellas Verona,Martin Frese,save,corner,4705,23.7,38.9,0,0,53.8,8.2,1.2,50.0,0.0
13981452,Hellas Verona,Gift Orban,block,assisted,4661,18.8,62.4,0,0,47.9,19.0,15.3,60.3,0.0
13981452,Juventus,Kenan Yıldız,miss,set-piece,4584,19.4,45.6,0,0,50.8,83.3,,,
13981452,Juventus,Federico Gatti,block,set-piece,4581,9.2,48.9,0,0,51.0,19.0,7.6,48.9,0.0
13981452,Hellas Verona,Gift Orban,miss,fast-break,4359,13.5,34.6,0,0,43.2,5.6,,,
13981452,Hellas Verona,Unai Núñez,miss,corner,4007,11.0,44.0,0,0,38.5,9.7,2.0,55.6,0.0
13981452,Hellas Verona,Gift Orban,miss,fast-break,3817,9.9,29.1,0,0,38.3,72.2,,,
13981452,Juventus,Vasilije Adžić,save,set-piece,3622,22.6,32.3,0,0,47.1,22.2,1.4,48.7,0.0
13981452,Hellas Verona,Gift Orban,save,fast-break,3212,23.2,66.7,0,0,50.6,35.4,2.2,51.3,0.0
13981452,Juventus,Kenan Yıldız,block,assisted,3144,23.7,36.0,0,0,49.8,19.0,13.3,42.2,0.0
13981452,Juventus,Dušan Vlahović,save,throw-in-set-piece,3019,12.3,27.4,0,0,53.4,3.2,2.8,44.0,0.0
13981452,Hellas Verona,Gift Orban,goal,penalty,2605,11.5,50.0,0,0,47.1,29.7,,,
13981452,Hellas Verona,Suat Serdar,block,regular,1690,18.2,71.1,0,0,50.9,19.0,3.5,53.4,0.0
13981452,Hellas Verona,Gift Orban,miss,regular,1375,41.5,63.8,0,0,68.6,13.9,5.5,45.3,0.0
13981452,Hellas Verona,Gift Orban,miss,assisted,1208,51.8,49.7,0,0,32.9,31.9,5.7,65.9,0.0
13981452,Juventus,Francisco Conceição,goal,assisted,1122,17.8,58.3,0,0,53.7,5.1,,,
13981452,Juventus,João Mário,miss,assisted,737,9.8,55.6,0,0,12.3,19.4,4.9,86.1,0.0
13981452,Juventus,Francisco Conceição,miss,throw-in-set-piece,682,10.8,36.4,0,0,37.6,8.3,8.4,48.7,0.0
13981452,Hellas Verona,Gift Orban,save,regular,612,10.2,56.2,0,0,48.3,6.3,7.3,53.8,0.0
13981452,Juventus,Federico Gatti,miss,set-piece,437,11.9,51.8,0,0,20.0,8.3,9.0,76.5,0.0
13981461,Fiorentina,Moise Kean,block,set-piece,5917,14.2,45.3,0,0,52.7,19.0,11.6,45.7,0.0
13981461,Como,Jayden Addai,goal,fast-break,5598,5.5,65.8,0,0,50.6,3.8,,,
13981461,Como,Sergi Roberto,miss,assisted,5275,12.6,43.0,0,0,40.3,15.3,,,
13981461,Como,Jayden Addai,miss,assisted,5137,19.8,62.4,0,0,59.3,76.4,,,
13981461,Fiorentina,Simon Sohm,miss,regular,5004,22.9,43.4,0,0,39.8,6.9,,,
13981461,Fiorentina,Hans Nicolussi Caviglia,miss,regular,4859,24.7,68.7,0,0,50.6,91.7,,,
13981461,Como,Álex Valle,miss,corner,4672,15.4,32.1,0,0,38.7,8.3,,,
13981461,Como,Nico Paz,save,assisted,4543,25.4,57.5,0,0,52.3,7.6,2.3,50.0,0.0
13981461,Como,Jesús Rodriguez,block,corner,4507,15.7,50.5,0,0,50.4,19.0,10.3,50.2,0.0
13981461,Como,Ivan Smolčić,miss,corner,4483,5.7,38.0,0,0,0.8,6.9,6.8,90.1,0.0
13981461,Como,Jesús Rodriguez,miss,assisted,4391,13.9,40.3,0,0,41.5,66.7,,,
13981461,Como,Nico Paz,save,regular,3980,21.8,54.2,0,0,51.9,3.2,2.5,50.7,0.0
13981461,Como,Jesús Rodriguez,block,assisted,3964,20.9,37.0,0,0,51.9,19.0,18.5,38.3,0.0
13981461,Como,Marc-Oliver Kempf,goal,set-piece,3889,8.7,58.5,0,0,53.6,13.3,,,
13981461,Como,Álex Valle,miss,regular,3746,15.3,38.5,0,0,43.4,76.4,,,
13981461,Como,Sergi Roberto,miss,regular,3203,22.0,37.6,0,0,51.8,84.7,,,
13981461,Como,Sergi Roberto,save,assisted,3123,18.8,51.3,0,0,48.2,31.0,1.9,50.9,0.0
13981461,Como,Nico Paz,block,free-kick,3134,19.5,68.5,0,0,51.0,19.0,12.0,61.0,0.0
13981461,Como,Álvaro Morata,save,assisted,2285,2.1,34.8,0,0,52.8,1.3,1.1,39.9,0.0
13981461,Como,Nico Paz,save,assisted,2230,24.5,39.2,0,0,47.3,1.3,2.9,48.4,0.0
13981461,Como,Álvaro Morata,miss,assisted,1990,26.4,42.1,0,0,38.7,18.1,,,
13981461,Fiorentina,Roberto Piccoli,miss,corner,1647,6.3,37.6,0,0,59.8,19.4,,,
13981461,Fiorentina,Rolando Mandragora,block,throw-in-set-piece,1391,19.2,49.3,0,0,50.9,19.0,17.2,49.3,0.0
13981461,Como,Máximo Perrone,miss,assisted,1233,8.9,53.4,0,0,47.6,70.8,,,
13981461,Fiorentina,Moise Kean,miss,assisted,627,13.5,34.2,0,0,55.5,62.5,,,
13981461,Fiorentina,Rolando Mandragora,goal,set-piece,305,16.6,51.5,0,0,46.4,17.1,,,
13981461,Fiorentina,Rolando Mandragora,block,free-kick,302,19.6,50.5,0,0,47.5,19.0,10.2,51.4,0.0
13981456,Sassuolo,Walid Cheddira,block,throw-in-set-piece,5646,23.1,40.6,0,0,52.0,19.0,21.4,41.2,0.0
13981456,Sassuolo,Domenico Berardi,save,assisted,5529,26.6,76.3,0,0,47.0,1.9,0.7,50.5,0.0
13981456,Inter,Federico Dimarco,save,assisted,5113,10.7,44.2,0,0,51.9,3.8,5.9,47.1,0.0
13981456,Sassuolo,Walid Cheddira,goal,assisted,4989,10.4,51.3,0,0,46.2,1.3,,,
13981456,Sassuolo,Kristian Thorstvedt,block,assisted,4911,26.2,52.6,0,0,52.4,19.0,22.0,51.8,0.0
13981456,Inter,Tarik Muharemović,goal,corner,4819,14.1,54.2,0,0,53.1,1.3,,,
13981456,Inter,Carlos Augusto,miss,corner,4818,18.5,49.8,0,0,41.0,16.7,13.2,53.8,0.0
13981456,Inter,Lautaro Martínez,block,corner,4813,6.8,49.9,0,0,49.2,19.0,6.0,50.0,0.0
13981456,Inter,Luís Henrique,block,assisted,4766,7.9,72.0,0,0,45.3,19.0,6.2,68.2,0.0
13981456,Inter,Carlos Augusto,save,fast-break,4557,11.6,46.0,0,0,51.0,13.3,4.5,48.6,0.0
13981456,Inter,Davide Frattesi,save,assisted,4506,7.3,74.7,0,0,50.6,2.5,1.0,54.5,0.0
13981456,Inter,Lautaro Martínez,block,assisted,4418,13.1,37.8,0,0,51.0,19.0,11.5,39.2,0.0
13981456,Inter,Francesco Pio Esposito,save,assisted,3975,6.0,44.2,0,0,50.0,8.9,1.1,47.5,0.0
13981456,Sassuolo,Andrea Pinamonti,save,assisted,3714,9.6,55.6,0,0,51.9,25.9,0.90000000000001,52.2,0.0
13981456,Inter,Francesco Pio Esposito,miss,assisted,3637,18.5,47.2,0,0,58.2,66.7,,,
13981456,Sassuolo,Armand Laurienté,save,fast-break,3068,15.6,28.0,0,0,49.4,1.9,1.1,47.5,0.0
13981456,Inter,Marcus Thuram,block,assisted,3058,3.0,63.0,0,0,47.0,19.0,2.0,59.7,0.0
13981456,Inter,Manuel Akanji,block,corner,3016,8.4,48.6,0,0,49.8,19.0,6.7,48.9,0.0
13981456,Inter,Denzel Dumfries,block,assisted,2978,6.1,67.3,0,0,47.3,19.0,4.2,62.8,0.0
13981456,Sassuolo,Armand Laurienté,block,assisted,2619,12.9,34.0,0,0,53.3,19.0,11.5,35.4,0.0
13981456,Inter,Francesco Pio Esposito,miss,assisted,2353,11.4,52.6,0,0,53.8,76.4,,,
13981456,Inter,Marcus Thuram,miss,assisted,1724,8.6,68.5,0,0,58.5,8.3,,,
13981456,Inter,Hakan Çalhanoğlu,miss,assisted,1467,18.4,55.6,0,0,46.2,61.1,,,
13981456,Inter,Nicolò Barella,miss,assisted,1285,28.4,63.0,0,0,39.7,95.8,,,
13981456,Sassuolo,Domenico Berardi,miss,fast-break,1099,5.8,69.7,0,0,61.3,1.4,,,
13981456,Inter,Federico Dimarco,goal,assisted,808,12.3,39.9,0,0,52.9,4.4,,,
13981456,Inter,Francesco Pio Esposito,miss,fast-break,617,12.2,71.5,0,0,41.2,76.4,,,
13981456,Sassuolo,Domenico Berardi,save,assisted,516,26.6,63.8,0,0,48.0,16.5,1.1,52.3,0.0
13981456,Inter,Carlos Augusto,miss,corner,424,7.9,58.3,0,0,64.0,8.3,,,
13981456,Inter,Carlos Augusto,save,assisted,380,9.2,35.0,0,0,48.4,5.1,2.5,44.4,0.0
13981458,Pisa,Lorran,goal,assisted,5373,6.3,51.7,0,0,49.7,27.8,,,
13981458,Pisa,Henrik Wendel Meister,block,assisted,5185,11.4,69.7,0,0,50.3,19.0,10.5,68.1,0.0
13981458,Pisa,Matteo Tramoni,miss,regular,5092,18.5,48.3,0,0,39.7,5.6,,,
13981458,Napoli,Lorenzo Lucca,goal,assisted,4908,8.0,65.6,0,0,46.6,26.6,,,
13981458,Napoli,Leonardo Spinazzola,goal,assisted,4347,24.7,45.6,0,0,54.0,1.3,,,
13981458,Napoli,Giovanni Di Lorenzo,save,assisted,4292,12.5,48.9,0,0,51.2,16.5,1.5,50.0,0.0
13981458,Napoli,Kevin De Bruyne,miss,set-piece,4013,21.5,65.4,0,0,53.1,72.2,,,
13981458,Napoli,Alessandro Buongiorno,block,set-piece,4004,4.5,58.7,0,0,48.4,19.0,3.5,57.0,0.0
13981458,Napoli,Sam Beukema,save,corner,3771,3.6,53.4,0,0,47.9,2.5,1.0,51.3,0.0
13981458,Napoli,Frank Anguissa,block,corner,3768,10.5,55.2,0,0,51.5,19.0,8.0,53.6,0.0
13981458,Napoli,Matteo Politano,block,corner,3767,16.3,66.7,0,0,52.7,19.0,14.1,64.1,0.0
13981458,Pisa,M'Bala Nzola,goal,penalty,3564,11.5,50.0,0,0,48.6,27.2,,,
13981458,Pisa,Simone Canestrelli,block,corner,3461,3.8,46.4,0,0,52.3,19.0,2.3,46.9,0.0
13981458,Pisa,Mateus Lusuardi,block,corner,3460,7.6,34.7,0,0,48.1,19.0,3.3,44.4,0.0
13981458,Pisa,Ebenezer Akinsanmiro,save,assisted,3374,25.3,49.1,0,0,51.0,31.6,1.9,49.3,0.0
13981458,Napoli,Scott McTominay,miss,assisted,3216,24.7,44.8,0,0,43.7,54.2,,,
13981458,Napoli,Matteo Politano,miss,assisted,3140,17.9,72.1,0,0,59.7,77.8,,,
13981458,Pisa,Giovanni Bonfanti,save,assisted,2946,9.1,36.0,0,0,52.9,17.1,0.7,48.7,0.0
13981458,Napoli,Rasmus Højlund,block,regular,2902,13.3,39.3,0,0,54.1,19.0,11.8,40.1,0.0
13981458,Pisa,M'Bala Nzola,miss,assisted,2839,13.0,47.3,0,0,65.7,16.7,0.7,38.4,0.0
13981458,Pisa,Simone Canestrelli,save,throw-in-set-piece,2812,9.5,45.5,0,0,48.1,30.4,1.1,48.9,0.0
13981458,Pisa,Mehdi Léris,save,assisted,2689,3.3,57.3,0,0,46.8,6.3,1.0,53.6,0.0
13981458,Pisa,M'Bala Nzola,block,fast-break,2678,15.3,69.6,0,0,54.5,19.0,13.1,66.1,0.0
13981458,Napoli,Billy Gilmour,goal,regular,2324,13.8,48.6,0,0,46.5,16.5,,,
13981458,Pisa,Ebenezer Akinsanmiro,miss,assisted,2263,20.7,39.9,0,0,41.8,6.9,4.7,52.7,0.0
13981458,Napoli,Matteo Politano,block,assisted,1526,18.2,63.8,0,0,53.6,19.0,16.0,61.7,0.0
13981458,Napoli,Scott McTominay,block,regular,1510,10.2,32.7,0,0,52.1,19.0,8.6,35.0,0.0
13981458,Napoli,Eljif Elmas,block,fast-break,1433,14.8,65.2,0,0,51.2,19.0,6.3,55.8,0.0
13981458,Napoli,Kevin De Bruyne,block,assisted,1352,10.4,34.0,0,0,50.0,19.0,9.0,36.1,0.0
13981458,Napoli,Scott McTominay,miss,regular,1258,9.1,44.4,0,0,70.8,27.8,6.3,40.2,0.0
13981458,Pisa,Mateus Lusuardi,block,corner,1062,13.6,41.3,0,0,49.9,19.0,10.2,43.5,0.0
13981458,Napoli,Kevin De Bruyne,save,corner,739,19.4,50.1,0,0,46.7,6.3,0.59999999999999,49.8,0.0
13981458,Pisa,M'Bala Nzola,block,assisted,442,23.1,46.4,0,0,53.7,19.0,19.8,46.4,0.0
13981454,Torino,Duván Zapata,block,assisted,5474,20.6,39.1,0,0,49.4,19.0,18.7,40.2,0.0
13981454,Torino,Kristjan Asllani,block,regular,5253,22.5,31.1,0,0,50.1,19.0,18.9,34.1,0.0
13981454,Atalanta,Raoul Bellanova,miss,assisted,4564,9.4,63.7,0,0,53.9,70.8,,,
13981454,Torino,Cesare Casadei,save,set-piece,4361,10.8,46.0,0,0,51.5,15.8,1.5,48.4,0.0
13981454,Torino,Duván Zapata,save,penalty,4357,11.5,50.0,0,0,53.6,5.1,0.5,49.8,0.0
13981454,Torino,Duván Zapata,save,throw-in-set-piece,4170,13.0,29.1,0,0,52.4,6.3,1.4,47.8,0.0
13981454,Atalanta,Kamaldeen Sulemana,save,assisted,4028,25.3,53.0,0,0,46.9,3.2,1.5,49.6,0.0
13981454,Torino,Giovanni Simeone,save,regular,4001,14.7,47.1,0,0,51.6,3.8,5.5,49.3,0.0
13981454,Torino,Che Adams,block,assisted,3925,24.0,50.1,0,0,51.3,19.0,19.3,49.8,0.0
13981454,Torino,Giovanni Simeone,miss,assisted,3812,27.8,40.1,0,0,52.3,70.8,,,
13981454,Torino,Giovanni Simeone,save,assisted,2829,22.5,49.9,0,0,52.3,7.6,1.2,50.9,0.0
13981454,Atalanta,Kamaldeen Sulemana,miss,assisted,2473,14.2,35.8,0,0,57.6,15.3,,,
13981454,Atalanta,Nikola Krstović,goal,assisted,2246,3.6,53.6,0,0,48.1,27.2,,,
13981454,Atalanta,Kamaldeen Sulemana,goal,assisted,2037,12.3,45.8,0,0,46.0,1.3,,,
13981454,Atalanta,Lazar Samardžić,post,assisted,2035,11.7,57.3,0,0,55.2,7.0,,,
13981454,Atalanta,Nikola Krstović,goal,assisted,1798,10.8,57.3,0,0,53.3,7.0,,,
13981454,Torino,Giovanni Simeone,miss,assisted,1498,10.2,46.6,0,0,35.5,16.7,,,
13981454,Atalanta,Nikola Krstović,save,assisted,1074,15.3,54.6,0,0,52.3,3.8,0.7,51.1,0.0
13981454,Torino,Nikola Vlašić,miss,assisted,659,20.9,63.4,0,0,60.3,13.9,,,
13981454,Atalanta,Nikola Krstović,block,set-piece,164,8.5,54.2,0,0,49.3,19.0,6.9,53.5,0.0
13981457,Roma,Tommaso Baldanzi,miss,assisted,5762,14.0,63.6,0,0,60.0,25.0,,,
13981457,Lazio,Danilo Cataldi,post,assisted,5635,21.9,34.2,0,0,44.8,32.9,,,
13981457,Roma,Artem Dovbyk,miss,assisted,5397,3.1,65.4,0,0,43.4,15.3,,,
13981457,Lazio,Valentín Castellanos,miss,set-piece,5370,12.5,46.0,0,0,58.7,13.9,5.4,44.2,0.0
13981457,Roma,Tommaso Baldanzi,miss,regular,4892,9.4,59.3,0,0,69.6,19.4,,,
13981457,Lazio,Valentín Castellanos,miss,assisted,4513,13.8,41.7,0,0,43.5,22.2,,,
13981457,Lazio,Danilo Cataldi,miss,corner,4147,28.2,51.9,0,0,53.9,90.3,,,
13981457,Lazio,Valentín Castellanos,save,assisted,3808,9.2,72.1,0,0,47.9,1.9,1.1,53.2,0.0
13981457,Roma,Evan Ndicka,miss,corner,3611,3.2,51.0,0,0,52.1,76.4,,,
13981457,Lazio,Boulaye Dia,miss,assisted,3226,14.7,53.0,0,0,46.4,56.9,,,
13981457,Roma,Angeliño,save,assisted,2933,8.2,31.0,0,0,54.4,17.7,1.2,44.8,0.0
13981457,Roma,Devyne Rensch,save,assisted,2846,4.4,59.6,0,0,50.0,0.6,0.3,53.4,0.0
13981457,Roma,Evan Ferguson,miss,assisted,2845,7.4,40.3,0,0,14.8,8.3,4.6,61.9,0.0
13981457,Roma,Lorenzo Pellegrini,save,regular,2733,14.4,52.1,0,0,50.3,26.6,2.5,50.0,0.0
13981457,Roma,Angeliño,miss,corner,2679,15.3,45.4,0,0,18.5,5.6,13.3,54.9,0.0
13981457,Roma,Bryan Cristante,block,corner,2676,4.1,60.3,0,0,47.7,19.0,2.8,57.8,0.0
13981457,Roma,Matías Soulé,save,free-kick,2430,24.8,64.6,0,0,49.1,24.1,1.9,49.3,0.0
13981457,Roma,Lorenzo Pellegrini,goal,assisted,2226,13.9,55.6,0,0,54.2,7.0,,,
13981457,Lazio,Alessio Romagnoli,miss,corner,1746,10.4,44.1,0,0,48.4,54.2,,,
13981457,Lazio,Mattia Zaccagni,save,assisted,1712,15.9,23.6,0,0,47.1,25.3,1.9,46.7,0.0
13981457,Roma,Evan Ferguson,save,assisted,1633,15.9,27.9,0,0,53.9,1.3,1.9,47.1,0.0
13981457,Lazio,Nuno Tavares,miss,assisted,1335,20.4,35.0,0,0,57.0,59.7,,,
13981457,Lazio,Pedro,miss,regular,1013,19.7,47.0,0,0,52.8,62.5,,,
13981463,Parma,Mathias Løvik,miss,fast-break,5404,5.5,68.3,0,0,50.3,86.1,,,
13981463,Parma,Christian Ordoñez,block,fast-break,5402,8.8,43.6,0,0,48.7,19.0,7.5,44.8,0.0
13981463,Cremonese,Franco Vázquez,save,assisted,5354,27.3,80.7,0,0,54.2,32.3,2.0,51.4,0.0
13981463,Cremonese,Faris Moumbagna,block,corner,5045,10.2,51.1,0,0,49.6,19.0,4.7,50.7,0.0
13981463,Parma,Pontus Almqvist,block,regular,4831,15.0,62.2,0,0,49.2,19.0,6.6,55.8,0.0
13981463,Parma,Enrico Delprato,save,assisted,4829,3.9,70.6,0,0,49.8,1.9,0.7,55.8,0.0
13981463,Parma,Gaetano Oristanio,block,assisted,4800,15.0,61.3,0,0,50.4,19.0,13.7,60.3,0.0
13981463,Parma,Oliver Sørensen,miss,assisted,4213,11.0,44.4,0,0,66.7,2.8,,,
13981463,Parma,Adrián Bernabé,block,assisted,4200,19.9,70.8,0,0,51.8,19.0,18.1,68.8,0.0
13981463,Parma,Gaetano Oristanio,miss,set-piece,4140,7.1,58.4,0,0,97.3,4.2,5.0,24.2,0.0
13981463,Parma,Patrick Cutrone,miss,throw-in-set-piece,3654,19.2,32.1,0,0,48.9,84.7,,,
13981463,Parma,Adrián Bernabé,save,assisted,3343,29.7,63.1,0,0,53.2,2.5,1.6,50.5,0.0
13981463,Cremonese,Federico Baschirotto,miss,set-piece,2812,10.2,48.1,0,0,46.4,69.4,,,
13981463,Parma,Mateo Pellegrino,save,throw-in-set-piece,1900,15.0,65.6,0,0,47.9,2.5,1.6,52.5,0.0
13981463,Parma,Mateo Pellegrino,block,assisted,533,7.6,52.9,0,0,50.7,19.0,6.4,52.3,0.0
13981463,Parma,Patrick Cutrone,miss,set-piece,300,8.8,61.7,0,0,42.4,16.7,,,
13981463,Parma,Emanuele Valeri,block,set-piece,290,21.8,49.5,0,0,50.8,19.0,18.2,49.5,0.0
13981463,Parma,Emanuele Valeri,miss,free-kick,159,15.1,82.0,0,0,73.1,56.9,,,
13981453,Udinese,Lennon Miller,miss,corner,5589,25.3,57.5,0,0,52.8,63.9,,,
13981453,Milan,Adrien Rabiot,miss,assisted,5477,6.3,31.1,0,0,36.8,8.3,,,
13981453,Udinese,Lennon Miller,save,assisted,5254,9.6,43.1,0,0,51.6,16.5,1.2,49.3,0.0
13981453,Milan,Pervis Estupiñán,miss,corner,5055,26.5,49.1,0,0,59.0,2.8,,,
13981453,Udinese,Oumar Solet,miss,regular,4792,18.8,49.7,0,0,38.7,12.5,,,
13981453,Milan,Alexis Saelemaekers,save,regular,4767,11.4,58.3,0,0,47.9,2.5,1.4,50.2,0.0
13981453,Milan,Adrien Rabiot,block,assisted,4764,13.4,48.3,0,0,51.5,19.0,8.3,48.4,0.0
13981453,Udinese,Nicolò Zaniolo,miss,assisted,4695,27.3,56.1,0,0,39.7,22.2,,,
13981453,Udinese,Arthur Atta,save,assisted,4653,23.7,69.1,0,0,46.5,3.2,2.0,51.6,0.0
13981453,Udinese,Arthur Atta,save,assisted,4524,47.3,55.8,0,0,48.1,12.7,14.1,51.4,0.0
13981453,Milan,Pervis Estupiñán,miss,assisted,3963,3.5,34.0,0,0,60.7,69.4,,,
13981453,Udinese,Nicolò Zaniolo,block,assisted,3886,19.2,60.9,0,0,50.4,19.0,11.1,56.1,0.0
13981453,Milan,Christopher Nkunku,miss,assisted,3834,9.9,36.2,0,0,54.3,75.0,,,
13981453,Milan,Ruben Loftus-Cheek,miss,assisted,3770,8.8,57.0,0,0,48.7,70.8,,,
13981453,Udinese,Arthur Atta,block,assisted,3618,16.1,45.6,0,0,50.6,19.0,14.7,45.9,0.0
13981453,Milan,Fikayo Tomori,miss,assisted,3328,22.3,52.3,0,0,53.6,80.6,,,
13981453,Milan,Christian Pulišić,goal,assisted,3126,9.2,67.7,0,0,48.1,24.1,,,
13981453,Milan,Youssouf Fofana,goal,assisted,2752,11.6,39.3,0,0,54.1,1.3,,,
13981453,Milan,Christian Pulišić,goal,regular,2340,7.9,45.8,0,0,49.9,23.4,,,
13981453,Milan,Santiago Giménez,save,assisted,1117,10.8,43.0,0,0,50.3,15.2,3.7,46.9,0.0
13981453,Milan,Christian Pulišić,save,assisted,155,3.8,66.2,0,0,47.4,19.6,1.0,54.7,0.0
13981453,Udinese,Arthur Atta,save,regular,125,26.6,40.3,0,0,50.7,16.5,2.8,49.3,0.0
13981453,Udinese,Iker Bravo,block,assisted,121,22.5,41.1,0,0,51.9,19.0,15.9,43.1,0.0
13981460,Bologna,Riccardo Orsolini,goal,penalty,5918,11.5,50.0,0,0,45.9,11.4,,,
13981460,Bologna,Riccardo Orsolini,post,assisted,5394,7.7,53.2,0,0,51.3,39.9,,,
13981460,Bologna,Nicolò Cambiaghi,miss,assisted,4850,16.1,31.9,0,0,0.3,12.5,4.0,100.0,0.0
13981460,Bologna,Santiago Castro,goal,assisted,4346,7.9,42.7,0,0,45.7,3.2,,,
13981460,Genoa,Ruslan Malinovskyi,block,assisted,4062,26.5,40.9,0,0,49.6,19.0,16.2,44.6,0.0
13981460,Bologna,Santiago Castro,save,throw-in-set-piece,4023,8.9,46.8,0,0,53.1,12.7,1.2,48.2,0.0
13981460,Bologna,Martin Vitík,miss,throw-in-set-piece,4021,7.1,42.1,0,0,35.1,8.3,6.4,49.3,0.0
13981460,Bologna,Santiago Castro,save,throw-in-set-piece,3974,8.8,52.8,0,0,46.7,32.9,1.0,52.0,0.0
13981460,Genoa,Mikael Ellertsson,goal,assisted,3766,9.6,66.8,0,0,47.7,22.2,,,
13981460,Genoa,Vitinha,miss,assisted,3712,3.4,40.1,0,0,57.3,26.4,,,
13981460,Bologna,Riccardo Orsolini,miss,fast-break,3469,10.4,64.6,0,0,99.5,27.8,4.0,0.0,0.0
13981460,Bologna,Riccardo Orsolini,save,assisted,2404,12.6,70.1,0,0,51.1,12.0,1.4,53.1,0.0
13981460,Bologna,Torbjørn Heggem,miss,corner,2268,13.1,49.3,0,0,52.9,56.9,,,
13981460,Genoa,Aarón Martín,save,regular,2045,14.1,45.8,0,0,50.4,22.2,3.3,50.0,0.0
13981460,Genoa,Lorenzo Colombo,save,assisted,1926,27.4,56.4,0,0,50.9,6.3,2.3,50.4,0.0
13981460,Bologna,Federico Bernardeschi,block,regular,1794,9.2,72.0,0,0,47.7,19.0,7.9,69.1,0.0
13981460,Bologna,Nikola Moro,block,assisted,1791,30.0,42.3,0,0,48.2,19.0,24.5,44.0,0.0
13981460,Bologna,Riccardo Orsolini,save,fast-break,1420,8.8,29.7,0,0,53.4,4.4,1.4,45.8,0.0
13981460,Genoa,Johan Vásquez,save,corner,1046,12.5,54.2,0,0,47.2,0.6,1.6,51.4,0.0
13981460,Genoa,Lorenzo Colombo,miss,throw-in-set-piece,293,5.5,43.2,0,0,64.0,19.4,,,
13981460,Bologna,Nikola Moro,block,corner,81,23.4,54.6,0,0,48.9,19.0,19.2,54.0,0.0
13981472,Napoli,Giovanni Di Lorenzo,miss,throw-in-set-piece,5824,9.0,50.0,0,0,50.4,61.1,,,
13981472,Napoli,David Neres,save,assisted,5778,23.2,67.5,0,0,53.5,15.2,0.7,53.6,0.0
13981472,Napoli,Eljif Elmas,block,assisted,5717,9.9,39.8,0,0,51.0,19.0,8.3,41.3,0.0
13981472,Napoli,Billy Gilmour,block,regular,5608,14.3,58.1,0,0,50.9,19.0,10.6,55.8,0.0
13981472,Napoli,David Neres,block,assisted,5431,21.2,75.1,0,0,49.3,19.0,11.6,64.1,0.0
13981472,Napoli,Luca Marianucci,block,regular,5316,27.1,63.4,0,0,50.3,19.0,23.4,61.6,0.0
13981472,Napoli,Noa Lang,save,assisted,5272,23.8,30.7,0,0,47.7,12.0,1.4,48.9,0.0
13981472,Napoli,Eljif Elmas,block,assisted,5034,10.5,48.1,0,0,52.3,19.0,8.4,48.0,0.0
13981472,Napoli,Giovanni Di Lorenzo,miss,assisted,4490,3.4,57.3,0,0,49.7,63.9,,,
13981472,Napoli,Miguel Gutiérrez,miss,assisted,3845,26.6,52.1,0,0,59.3,27.8,,,
13981472,Napoli,Kevin De Bruyne,goal,penalty,3566,11.5,50.0,0,0,47.6,5.1,,,
13981472,Napoli,Frank Anguissa,save,assisted,3201,3.8,48.1,0,0,50.1,10.8,0.099999999999994,48.7,0.0
13981472,Napoli,Kevin De Bruyne,block,corner,2917,25.9,48.7,0,0,47.0,19.0,21.4,49.5,0.0
13981472,Napoli,Frank Anguissa,miss,assisted,2566,9.2,46.0,0,0,39.7,22.2,,,
13981472,Napoli,Giovanni Di Lorenzo,save,assisted,2432,5.8,55.2,0,0,48.1,26.6,1.4,53.6,0.0
13981472,Milan,Alexis Saelemaekers,save,assisted,2333,10.0,73.0,0,0,48.3,19.6,1.4,53.1,0.0
13981472,Napoli,Frank Anguissa,miss,assisted,2186,9.9,54.2,0,0,55.0,73.6,,,
13981472,Milan,Christian Pulišić,goal,assisted,1830,8.9,42.7,0,0,51.1,20.9,,,
13981472,Milan,Youssouf Fofana,miss,fast-break,1596,15.6,36.0,0,0,53.8,51.4,,,
13981472,Napoli,Frank Anguissa,miss,assisted,1210,23.1,34.0,0,0,51.6,84.7,,,
13981472,Milan,Strahinja Pavlović,miss,corner,987,3.4,53.7,0,0,42.2,22.2,,,
13981472,Napoli,Scott McTominay,save,assisted,618,14.9,30.3,0,0,46.8,5.1,1.8,47.1,0.0
13981472,Napoli,Miguel Gutiérrez,save,assisted,610,7.9,38.3,0,0,53.0,17.1,0.90000000000001,47.3,0.0
13981472,Milan,Luka Modrić,block,set-piece,328,27.5,37.3,0,0,52.1,6.9,20.5,40.4,0.0
13981472,Milan,Alexis Saelemaekers,goal,assisted,143,3.8,58.7,0,0,48.6,12.7,,,
13981464,Genoa,Lorenzo Venturino,save,set-piece,5690,27.1,32.9,0,0,47.7,14.6,0.59999999999999,50.0,0.0
13981464,Genoa,Valentín Carboni,miss,assisted,5444,24.5,73.8,0,0,48.6,84.7,,,
13981464,Lazio,Pedro,miss,regular,5084,14.1,36.2,0,0,35.0,4.2,,,
13981464,Genoa,Jeff Ekhator,miss,corner,4831,0.7,40.0,0,0,56.5,23.6,,,
13981464,Genoa,Caleb Ekuban,save,assisted,4815,9.1,71.2,0,0,45.2,1.9,0.5,53.6,0.0
13981464,Genoa,Jeff Ekhator,miss,set-piece,4450,10.1,52.4,0,0,61.3,11.1,1.9,43.3,0.0
13981464,Lazio,Mattia Zaccagni,miss,assisted,4327,4.7,51.2,0,0,42.2,25.0,,,
13981464,Lazio,Matteo Cancellieri,miss,assisted,4280,11.9,54.2,0,0,54.3,63.9,,,
13981464,Lazio,Mattia Zaccagni,goal,set-piece,3756,1.3,47.6,0,0,53.5,17.1,,,
13981464,Lazio,Boulaye Dia,save,set-piece,3754,2.3,48.9,0,0,49.8,19.0,0.7,49.8,0.0
13981464,Lazio,Matteo Cancellieri,save,set-piece,3753,9.3,57.7,0,0,47.4,9.5,0.7,51.4,0.0
13981464,Genoa,Lorenzo Colombo,block,corner,3385,12.8,57.9,0,0,47.2,19.0,11.1,57.2,0.0
13981464,Genoa,Johan Vásquez,miss,corner,3376,6.1,33.5,0,0,0.2,18.1,5.0,50.9,0.0
13981464,Genoa,Vitinha,miss,regular,2931,16.9,49.7,0,0,33.1,19.4,,,
13981464,Genoa,Patrizio Masini,block,regular,2928,22.6,70.3,0,0,49.4,19.0,15.3,63.9,0.0
13981464,Genoa,Ruslan Malinovskyi,save,corner,2613,21.9,75.0,0,0,46.6,8.9,1.2,51.8,0.0
13981464,Genoa,Lorenzo Colombo,save,assisted,2589,10.4,51.8,0,0,46.1,3.2,2.9,50.4,0.0
13981464,Genoa,Mikael Ellertsson,save,assisted,2449,11.9,35.4,0,0,51.2,11.4,9.0,38.6,0.0
13981464,Genoa,Ruslan Malinovskyi,miss,free-kick,2166,23.1,27.0,0,0,40.5,2.8,,,
13981464,Genoa,Johan Vásquez,block,regular,1975,25.3,44.0,0,0,50.5,19.0,18.5,45.5,0.0
13981464,Lazio,Valentín Castellanos,goal,fast-break,1769,11.6,56.6,0,0,47.1,1.9,,,
13981464,Genoa,Lorenzo Colombo,miss,assisted,1427,9.4,39.3,0,0,50.4,86.1,,,
13981464,Genoa,Vitinha,block,set-piece,1283,10.1,64.8,0,0,47.8,19.0,4.7,58.1,0.0
13981464,Genoa,Vitinha,miss,assisted,1143,20.0,28.2,0,0,48.4,51.4,,,
13981464,Lazio,Matteo Cancellieri,save,regular,933,28.8,66.1,0,0,48.7,17.7,24.7,63.9,0.0
13981464,Lazio,Matteo Cancellieri,goal,assisted,225,9.8,65.6,0,0,52.9,17.7,,,
13981462,Cremonese,Romano Floriani Mussolini,miss,assisted,5671,16.7,50.9,0,0,62.4,31.9,,,
13981462,Cremonese,Federico Baschirotto,save,set-piece,5600,17.6,51.8,0,0,53.9,29.1,1.4,50.4,0.0
13981462,Como,Jayden Addai,miss,fast-break,5017,17.3,69.1,0,0,43.7,23.6,,,
13981462,Como,Jesús Rodriguez,miss,assisted,4546,22.5,40.7,0,0,45.7,97.2,,,
13981462,Como,Marc-Oliver Kempf,miss,corner,4479,6.6,45.2,0,0,65.9,13.9,,,
13981462,Como,Stefan Posch,block,assisted,4430,24.7,69.5,0,0,48.1,19.0,18.4,65.0,0.0
13981462,Cremonese,Federico Baschirotto,goal,corner,4113,8.0,49.9,0,0,53.2,10.1,,,
13981462,Cremonese,Matteo Bianchetti,miss,corner,3982,8.6,55.1,0,0,48.9,69.4,,,
13981462,Como,Stefan Posch,save,set-piece,3645,13.8,46.2,0,0,50.0,26.6,0.59999999999999,47.8,0.0
13981462,Cremonese,Giuseppe Pezzella,miss,regular,3517,13.5,28.0,0,0,51.8,62.5,,,
13981462,Cremonese,Giuseppe Pezzella,miss,assisted,3180,8.9,31.5,0,0,47.1,81.9,,,
13981462,Como,Anastasios Douvikas,save,assisted,3156,10.5,29.1,0,0,48.7,22.2,7.2,34.5,0.0
13981462,Como,Nico Paz,save,assisted,3051,17.4,68.9,0,0,52.6,5.7,3.6,54.3,0.0
13981462,Como,Nico Paz,save,regular,2773,26.8,49.9,0,0,53.2,12.7,2.3,51.3,0.0
13981462,Como,Anastasios Douvikas,miss,assisted,2736,12.0,42.1,0,0,36.0,54.2,,,
13981462,Cremonese,Federico Baschirotto,miss,assisted,2748,10.7,68.4,0,0,42.5,22.2,,,
13981462,Como,Jesús Rodriguez,save,regular,2207,8.8,49.1,0,0,50.3,20.3,3.5,49.5,0.0
13981462,Como,Lucas Da Cunha,block,assisted,2086,25.9,48.7,0,0,49.4,19.0,20.5,49.1,0.0
13981462,Cremonese,Martín Payero,miss,set-piece,2018,19.2,31.9,0,0,58.3,75.0,,,
13981462,Como,Nico Paz,goal,assisted,1874,10.7,56.6,0,0,48.1,19.0,,,
13981462,Como,Sergi Roberto,block,assisted,1091,16.1,41.7,0,0,51.0,19.0,13.3,43.0,0.0
13981462,Como,Nicolas-Gerrit Kühn,miss,fast-break,959,18.5,53.7,0,0,56.6,55.6,,,
13981462,Cremonese,Federico Bonazzoli,miss,regular,438,46.1,56.4,0,0,57.1,34.7,0.90000000000001,43.9,0.0
13981476,Sassuolo,Walid Cheddira,save,assisted,5342,13.0,62.8,0,0,47.1,10.1,1.6,52.0,0.0
13981476,Sassuolo,Andrea Pinamonti,save,regular,5043,3.9,36.2,0,0,51.6,5.7,3.4,37.7,0.0
13981476,Sassuolo,Edoardo Iannoni,goal,fast-break,4830,2.9,57.3,0,0,48.7,13.9,,,
13981476,Sassuolo,Domenico Berardi,miss,regular,4514,21.9,71.6,0,0,62.2,37.5,,,
13981476,Sassuolo,Ismael Koné,block,assisted,4510,18.8,48.1,0,0,52.1,19.0,16.9,48.1,0.0
13981476,Udinese,Nicolò Zaniolo,save,regular,4374,18.5,51.6,0,0,51.5,10.8,1.6,49.6,0.0
13981476,Udinese,Jürgen Ekkelenkamp,save,set-piece,4335,27.7,50.9,0,0,50.8,18.4,1.9,49.3,0.0
13981476,Sassuolo,Kristian Thorstvedt,miss,assisted,4104,7.7,53.4,0,0,59.8,12.5,,,
13981476,Udinese,Keinan Davis,miss,regular,3951,14.2,40.3,0,0,40.2,4.2,,,
13981476,Udinese,Oumar Solet,miss,corner,3394,25.4,40.7,0,0,40.0,50.0,,,
13981476,Udinese,Keinan Davis,goal,regular,3288,3.6,51.9,0,0,46.8,9.5,,,
13981476,Udinese,Arthur Atta,save,assisted,3286,12.2,31.7,0,0,49.1,0.6,2.3,46.0,0.0
13981476,Udinese,Keinan Davis,miss,fast-break,3187,12.6,33.6,0,0,39.5,4.2,,,
13981476,Udinese,Nicolò Zaniolo,miss,assisted,2943,11.1,49.9,0,0,42.4,86.1,,,
13981476,Sassuolo,Jay Idzes,miss,throw-in-set-piece,2669,24.6,68.3,0,0,59.0,91.7,,,
13981476,Udinese,Oumar Solet,block,throw-in-set-piece,2252,25.4,34.4,0,0,46.8,19.0,14.1,42.8,0.0
13981476,Sassuolo,Andrea Pinamonti,block,regular,1443,7.6,47.4,0,0,50.6,19.0,6.4,47.7,0.0
13981476,Sassuolo,Armand Laurienté,block,assisted,1431,11.3,67.1,0,0,49.4,19.0,10.4,65.8,0.0
13981476,Udinese,Nicolò Zaniolo,miss,assisted,1350,26.8,34.0,0,0,34.6,4.2,,,
13981476,Sassuolo,Ismael Koné,goal,assisted,674,3.2,36.4,0,0,47.7,13.9,,,
13981476,Sassuolo,Armand Laurienté,goal,assisted,455,11.9,32.9,0,0,46.4,17.7,,,
13981476,Udinese,Thomas Kristensen,miss,corner,388,9.5,43.4,0,0,56.6,1.4,,,
13981476,Udinese,Nicolò Zaniolo,save,assisted,355,23.5,70.9,0,0,46.3,13.3,2.2,51.3,0.0
13981465,Juventus,Lloyd Kelly,block,corner,5744,18.7,57.3,0,0,51.3,19.0,14.2,55.2,0.0
13981465,Juventus,Lloyd Kelly,save,assisted,5560,13.6,58.1,0,0,50.7,13.9,1.0,51.8,0.0
13981465,Juventus,Edon Zhegrova,save,assisted,5513,22.0,71.6,0,0,54.0,28.5,1.8,52.7,0.0
13981465,Juventus,Teun Koopmeiners,miss,assisted,5380,26.8,69.9,0,0,61.0,48.6,,,
13981465,Juventus,Weston McKennie,save,corner,5272,6.8,51.7,0,0,49.7,2.5,0.7,51.1,0.0
13981465,Juventus,Pierre Kalulu,miss,corner,5270,9.4,39.9,0,0,28.9,25.0,7.3,51.3,0.0
13981465,Juventus,Teun Koopmeiners,save,free-kick,5243,25.9,87.4,0,0,51.7,29.7,2.0,53.8,0.0
13981465,Juventus,Dušan Vlahović,miss,throw-in-set-piece,4991,8.9,49.9,0,0,1.3,19.0,7.6,76.7,0.0
13981465,Juventus,Kenan Yıldız,block,assisted,4891,18.5,45.8,0,0,51.5,19.0,17.0,46.0,0.0
13981465,Juventus,Juan Cabal,goal,corner,4670,6.7,55.4,0,0,47.0,7.0,,,
13981465,Juventus,Edon Zhegrova,block,assisted,4600,22.6,53.4,0,0,51.4,19.0,20.2,52.9,0.0
13981465,Juventus,Bremer,save,corner,4030,8.9,48.5,0,0,51.1,24.1,0.7,50.4,0.0
13981465,Atalanta,Raoul Bellanova,block,assisted,3831,10.0,59.3,0,0,50.0,19.0,4.5,54.2,0.0
13981465,Atalanta,Mario Pašalić,miss,corner,3770,19.0,50.0,0,0,51.4,90.3,,,
13981465,Atalanta,Mario Pašalić,save,corner,3715,13.9,55.6,0,0,53.6,34.2,1.5,50.9,0.0
13981465,Atalanta,Nikola Krstović,miss,assisted,3272,9.1,63.4,0,0,40.7,83.3,,,
13981465,Atalanta,Nikola Krstović,miss,fast-break,3109,12.8,38.9,0,0,37.8,6.9,,,
13981465,Atalanta,Kamaldeen Sulemana,goal,regular,2707,15.0,42.9,0,0,46.4,2.5,,,
13981465,Juventus,Kenan Yıldız,save,assisted,2643,16.3,31.1,0,0,50.0,20.9,2.3,47.8,0.0
13981465,Atalanta,Marten de Roon,block,corner,2286,17.9,49.1,0,0,48.1,19.0,9.8,50.4,0.0
13981465,Juventus,Loïs Openda,block,assisted,2136,17.9,45.5,0,0,52.0,19.0,16.7,45.7,0.0
13981465,Juventus,Vasilije Adžić,save,free-kick,1999,19.9,33.1,0,0,45.6,23.4,1.4,49.8,0.0
13981465,Juventus,Vasilije Adžić,miss,corner,1805,25.1,46.6,0,0,39.5,16.7,,,
13981465,Juventus,Kenan Yıldız,block,assisted,1775,13.3,27.6,0,0,48.0,19.0,12.0,28.3,0.0
13981465,Atalanta,Berat Djimsiti,miss,corner,1660,4.8,56.1,0,0,55.5,61.1,,,
13981465,Atalanta,Lazar Samardžić,miss,assisted,1312,23.1,38.7,0,0,53.9,73.6,,,
13981465,Juventus,Bremer,block,corner,1235,7.7,51.5,0,0,52.1,19.0,6.4,50.9,0.0
13981465,Juventus,Lloyd Kelly,miss,corner,1199,9.1,50.1,0,0,12.9,41.7,1.9,76.9,0.0
13981465,Juventus,Khéphren Thuram,block,assisted,1096,26.2,33.8,0,0,48.5,19.0,22.5,36.3,0.0
13981465,Juventus,Vasilije Adžić,save,assisted,966,16.6,51.9,0,0,45.7,3.8,1.9,51.3,0.0
13981465,Atalanta,Nikola Krstović,miss,assisted,811,19.0,46.5,0,0,40.7,9.7,,,
13981465,Juventus,Kenan Yıldız,block,assisted,679,12.8,29.5,0,0,45.7,19.0,11.6,31.8,0.0
13981465,Atalanta,Honest Ahanor,block,assisted,524,15.6,48.3,0,0,47.5,19.0,14.0,48.7,0.0
13981465,Atalanta,Nikola Krstović,miss,assisted,315,19.8,37.0,0,0,45.9,66.7,,,
13981465,Juventus,Teun Koopmeiners,save,regular,210,5.1,70.1,0,0,45.5,3.2,0.59999999999999,54.5,0.0
13981465,Juventus,Pierre Kalulu,post,throw-in-set-piece,75,9.4,54.4,0,0,44.5,11.4,,,
13981469,Hellas Verona,Fallou Cham,miss,assisted,5394,7.3,65.1,0,0,62.9,5.6,3.8,41.9,0.0
13981469,Roma,Bryan Cristante,save,corner,5178,11.7,73.4,0,0,51.2,9.5,1.5,53.8,0.0
13981469,Roma,Stephan El Shaarawy,save,throw-in-set-piece,5131,11.3,66.0,0,0,48.2,2.5,3.7,54.5,0.0
13981469,Roma,Matías Soulé,goal,fast-break,4713,8.5,51.7,0,0,47.7,1.9,,,
13981469,Hellas Verona,Amin Sarr,miss,fast-break,4636,23.4,72.6,0,0,71.6,4.2,,,
13981469,Roma,Bryan Cristante,save,fast-break,4620,25.3,49.5,0,0,46.1,34.8,2.2,49.6,0.0
13981469,Hellas Verona,Martin Frese,block,assisted,4583,27.1,42.1,0,0,53.8,19.0,23.8,42.6,0.0
13981469,Roma,Zeki Çelik,miss,corner,4512,24.5,66.7,0,0,55.0,86.1,,,
13981469,Hellas Verona,Antoine Bernede,save,assisted,4154,13.6,67.7,0,0,51.8,2.5,2.2,52.0,0.0
13981469,Hellas Verona,Rafik Belghali,save,regular,3972,23.5,63.2,0,0,51.1,23.4,2.2,51.6,0.0
13981469,Hellas Verona,Giovane,miss,regular,2865,15.7,60.7,0,0,53.1,61.1,,,
13981469,Hellas Verona,Suat Serdar,miss,set-piece,2775,28.4,38.8,0,0,48.7,68.1,,,
13981469,Hellas Verona,Gift Orban,block,assisted,1804,20.7,49.1,0,0,48.4,19.0,17.7,49.5,0.0
13981469,Hellas Verona,Gift Orban,post,assisted,1662,3.8,50.4,0,0,50.6,39.2,,,
13981469,Roma,Bryan Cristante,block,corner,1537,7.1,39.2,0,0,52.3,19.0,4.1,42.8,0.0
13981469,Roma,Matías Soulé,block,assisted,1471,23.2,62.6,0,0,50.9,19.0,14.9,57.8,0.0
13981469,Hellas Verona,Gift Orban,miss,free-kick,1129,27.6,32.5,0,0,42.4,45.8,,,
13981469,Hellas Verona,Unai Núñez,block,corner,918,9.2,51.5,0,0,46.0,19.0,4.1,52.9,0.0
13981469,Hellas Verona,Gift Orban,save,assisted,867,9.3,45.0,0,0,52.7,15.8,4.0,47.3,0.0
13981469,Roma,Manu Koné,miss,regular,615,25.1,37.6,0,0,63.4,25.0,,,
13981469,Roma,Artem Dovbyk,goal,set-piece,415,7.6,44.5,0,0,46.8,8.9,,,
13981469,Roma,Bryan Cristante,block,corner,293,6.2,64.2,0,0,47.4,19.0,5.3,62.5,0.0
13981468,Lecce,Francesco Camarda,goal,corner,5607,3.3,45.1,0,0,49.7,7.6,,,
13981468,Lecce,Tiago Gabriel,miss,set-piece,5354,8.2,43.5,0,0,64.7,15.3,,,
13981468,Bologna,Torbjørn Heggem,save,corner,4862,8.5,50.1,0,0,49.2,22.8,1.4,49.3,0.0
13981468,Bologna,Jhon Lucumí,block,corner,4859,7.2,48.1,0,0,48.9,19.0,5.7,48.7,0.0
13981468,Bologna,Lewis Ferguson,block,assisted,4820,4.8,39.0,0,0,53.9,15.3,3.3,40.6,0.0
13981468,Lecce,Santiago Pierotti,post,regular,4754,12.3,53.2,0,0,44.2,7.6,,,
13981468,Bologna,Jens Odgaard,goal,assisted,4252,9.2,68.2,0,0,50.6,13.9,,,
13981468,Lecce,Antonino Gallo,save,regular,3900,13.1,43.2,0,0,52.8,5.1,7.2,46.4,0.0
13981468,Lecce,Ylber Ramadani,miss,regular,3607,11.5,65.0,0,0,38.0,48.6,,,
13981468,Lecce,Lassana Coulibaly,post,assisted,3605,15.5,45.5,0,0,44.7,6.3,,,
13981468,Bologna,Lewis Ferguson,miss,assisted,3025,28.1,55.7,0,0,33.3,52.8,,,
13981468,Bologna,Riccardo Orsolini,goal,penalty,2727,11.5,50.0,0,0,52.9,17.1,,,
13981468,Bologna,Jonathan Rowe,block,assisted,2427,27.9,42.7,0,0,50.9,19.0,14.7,45.3,0.0
13981468,Bologna,Riccardo Orsolini,miss,free-kick,2144,29.8,71.1,0,0,36.1,27.8,,,
13981468,Bologna,Lewis Ferguson,block,corner,1676,18.4,48.5,0,0,48.8,19.0,13.1,49.3,0.0
13981468,Lecce,Medon Berisha,block,set-piece,1491,22.5,51.9,0,0,49.4,19.0,17.9,51.6,0.0
13981468,Lecce,Medon Berisha,block,free-kick,1490,24.6,57.7,0,0,50.3,19.0,14.7,54.5,0.0
13981468,Bologna,Emil Holm,block,assisted,1232,14.6,65.4,0,0,50.8,19.0,12.9,63.5,0.0
13981468,Lecce,Santiago Pierotti,miss,throw-in-set-piece,1081,9.5,69.9,0,0,41.0,90.3,,,
13981468,Lecce,Tete Morente,block,throw-in-set-piece,1079,14.7,38.2,0,0,50.1,19.0,10.1,41.9,0.0
13981468,Lecce,Lassana Coulibaly,goal,regular,777,3.0,48.0,0,0,49.6,3.2,,,
13981468,Lecce,Santiago Pierotti,save,assisted,772,13.2,62.4,0,0,51.9,14.6,2.4,51.8,0.0
13981468,Bologna,Riccardo Orsolini,save,corner,691,10.6,75.0,0,0,45.6,3.2,0.59999999999999,52.5,0.0
13981468,Bologna,Thijs Dallinga,block,assisted,581,10.4,73.0,0,0,46.8,19.0,9.0,70.4,0.0
13981468,Bologna,Nikola Moro,miss,corner,496,23.9,42.4,0,0,56.5,91.7,,,
13981468,Bologna,Jonathan Rowe,save,regular,160,10.9,28.0,0,0,46.6,5.7,2.0,45.1,0.0
13981467,Fiorentina,Moise Kean,miss,fast-break,5502,12.5,34.5,0,0,61.5,88.9,,,
13981467,Fiorentina,Edin Džeko,block,regular,5368,13.3,35.2,0,0,52.7,19.0,10.7,37.5,0.0
13981467,Pisa,Giovanni Bonfanti,block,set-piece,4781,3.2,32.5,0,0,51.8,19.0,3.1,34.7,0.0
13981467,Pisa,Juan Cuadrado,post,set-piece,4778,14.5,29.7,0,0,55.4,8.2,,,
13981467,Fiorentina,Jacopo Fazzini,block,corner,4535,18.5,50.3,0,0,50.4,19.0,15.3,50.2,0.0
13981467,Fiorentina,Marin Pongračić,miss,set-piece,3791,11.7,69.9,0,0,99.3,5.6,8.6,50.7,0.0
13981467,Pisa,M'Bala Nzola,miss,set-piece,3590,5.4,58.3,0,0,40.2,23.6,,,
13981467,Fiorentina,Jacopo Fazzini,block,corner,3345,18.4,42.8,0,0,50.1,19.0,11.9,45.3,0.0
13981467,Pisa,Mehdi Léris,miss,assisted,3263,10.0,33.5,0,0,59.0,2.8,,,
13981467,Pisa,Matteo Tramoni,block,assisted,3206,25.3,53.4,0,0,50.9,19.0,19.2,52.3,0.0
13981467,Pisa,Idrissa Touré,save,set-piece,3104,23.5,29.4,0,0,52.3,10.1,0.7,49.8,0.0
13981467,Fiorentina,Moise Kean,miss,throw-in-set-piece,2925,9.4,32.5,0,0,58.0,18.1,,,
13981467,Fiorentina,Moise Kean,save,regular,2661,13.6,62.1,0,0,51.6,4.4,2.5,53.1,0.0
13981467,Pisa,Matteo Tramoni,block,fast-break,2575,10.8,64.2,0,0,49.6,19.0,9.3,62.3,0.0
13981467,Fiorentina,Hans Nicolussi Caviglia,block,assisted,2334,8.5,63.4,0,0,47.6,19.0,3.3,56.7,0.0
13981467,Pisa,Idrissa Touré,miss,corner,2294,11.7,39.1,0,0,52.8,84.7,,,
13981467,Fiorentina,Rolando Mandragora,miss,corner,2232,17.3,39.5,0,0,63.2,77.8,,,
13981467,Fiorentina,Moise Kean,miss,assisted,2070,7.4,55.2,0,0,40.7,15.3,,,
13981467,Fiorentina,Hans Nicolussi Caviglia,save,free-kick,1653,30.4,41.4,0,0,53.7,19.6,1.2,48.6,0.0
13981467,Fiorentina,Dodô,miss,assisted,1319,13.5,69.5,0,0,61.0,12.5,,,
13981467,Pisa,M'Bala Nzola,post,assisted,737,8.2,50.3,0,0,48.6,40.5,,,
13981467,Pisa,Idrissa Touré,miss,corner,646,3.0,58.9,0,0,55.5,87.5,,,
13981467,Fiorentina,Moise Kean,miss,fast-break,406,20.9,59.3,0,0,58.8,12.5,,,
13981467,Pisa,M'Bala Nzola,miss,corner,321,7.1,47.7,0,0,57.5,9.7,,,
13981467,Fiorentina,Jacopo Fazzini,block,regular,15,18.1,46.8,0,0,52.2,19.0,15.7,46.9,0.0
13981459,Cagliari,Gianluca Gaetano,miss,corner,5130,23.5,28.2,0,0,50.3,73.6,,,
13981459,Inter,Henrikh Mkhitaryan,post,fast-break,5068,10.9,38.8,0,0,55.5,19.0,,,
13981459,Cagliari,Michel Adopo,miss,assisted,4987,12.8,45.4,0,0,42.2,15.3,,,
13981459,Inter,Francesco Pio Esposito,goal,assisted,4878,8.4,55.6,0,0,48.2,7.0,,,
13981459,Inter,Davide Frattesi,miss,assisted,4851,6.8,41.1,0,0,42.0,6.9,0.7,55.1,0.0
13981459,Cagliari,Gennaro Borrelli,block,assisted,4740,9.1,68.7,0,0,51.8,19.0,8.3,66.8,0.0
13981459,Inter,Francesco Pio Esposito,miss,corner,4717,5.5,51.5,0,0,35.0,6.9,,,
13981459,Inter,Lautaro Martínez,miss,corner,4716,6.7,61.0,0,0,66.1,12.5,4.5,50.4,0.0
13981459,Inter,Manuel Akanji,miss,set-piece,4587,12.8,45.9,0,0,41.2,16.7,,,
13981459,Cagliari,Michael Folorunsho,post,corner,4364,8.5,57.9,0,0,44.7,5.7,,,
13981459,Inter,Federico Dimarco,miss,assisted,4243,14.2,29.7,0,0,24.4,8.3,,,
13981459,Cagliari,Sebastiano Esposito,miss,corner,4147,3.2,68.3,0,0,38.0,41.7,,,
13981459,Inter,Lautaro Martínez,miss,set-piece,3972,20.6,62.2,0,0,61.2,11.1,,,
13981459,Cagliari,Sebastiano Esposito,block,assisted,3702,15.1,73.0,0,0,51.6,19.0,13.8,70.9,0.0
13981459,Inter,Marcus Thuram,miss,corner,3371,7.1,52.6,0,0,32.6,15.3,,,
13981459,Inter,Henrikh Mkhitaryan,block,assisted,3246,10.2,31.9,0,0,52.1,19.0,8.9,33.9,0.0
13981459,Inter,Marcus Thuram,save,assisted,3226,10.5,69.4,0,0,51.0,20.9,2.2,55.6,0.0
13981459,Inter,Hakan Çalhanoğlu,post,assisted,3152,20.7,53.0,0,0,44.8,4.4,,,
13981459,Inter,Hakan Çalhanoğlu,block,free-kick,2787,27.1,42.7,0,0,49.8,19.0,18.4,45.1,0.0
13981459,Inter,Marcus Thuram,miss,assisted,2275,15.3,65.8,0,0,50.8,79.2,,,
13981459,Inter,Lautaro Martínez,save,regular,1591,2.4,58.5,0,0,47.7,13.9,2.0,57.6,0.0
13981459,Inter,Lautaro Martínez,block,assisted,1590,7.5,59.1,0,0,48.7,19.0,6.6,58.1,0.0
13981459,Inter,Marcus Thuram,save,assisted,1552,8.0,45.6,0,0,51.8,7.6,1.5,48.0,0.0
13981459,Inter,Henrikh Mkhitaryan,miss,assisted,1195,20.6,34.0,0,0,58.0,69.4,,,
13981459,Inter,Hakan Çalhanoğlu,block,assisted,1191,23.8,68.0,0,0,52.3,19.0,14.4,59.9,0.0
13981459,Inter,Lautaro Martínez,goal,assisted,512,5.0,55.5,0,0,52.6,10.8,,,
13981466,Parma,Nahuel Estévez,block,assisted,5282,20.0,61.5,0,0,51.3,19.0,13.1,57.6,0.0
13981466,Torino,Guillermo Maripán,block,assisted,5217,11.1,48.5,0,0,52.0,19.0,9.8,48.4,0.0
13981466,Torino,Guillermo Maripán,block,regular,5055,26.0,59.1,0,0,50.9,19.0,14.1,54.5,0.0
13981466,Torino,Saúl Coco,block,set-piece,4918,8.2,59.1,0,0,48.6,19.0,6.9,57.9,0.0
13981466,Parma,Mateo Pellegrino,miss,assisted,4580,10.4,34.6,0,0,58.8,22.2,,,
13981466,Parma,Mateo Pellegrino,block,fast-break,4462,22.5,37.8,0,0,49.0,19.0,19.5,39.5,0.0
13981466,Parma,Mateo Pellegrino,goal,corner,4317,3.3,41.3,0,0,52.3,15.2,,,
13981466,Parma,Adrián Bernabé,miss,set-piece,4125,23.4,64.8,0,0,42.7,77.8,,,
13981466,Parma,Adrián Bernabé,block,free-kick,4124,24.1,65.2,0,0,49.3,19.0,14.7,59.6,0.0
13981466,Torino,Kristjan Asllani,block,assisted,3912,27.4,59.7,0,0,52.1,19.0,11.1,52.7,0.0
13981466,Parma,Mandela Keita,miss,assisted,3757,22.0,63.3,0,0,52.3,70.8,,,
13981466,Torino,Nikola Vlašić,save,assisted,3619,14.4,55.8,0,0,48.4,13.9,1.8,50.9,0.0
13981466,Parma,Sascha Britschgi,miss,regular,3524,9.4,69.9,0,0,66.1,23.6,6.3,61.0,0.0
13981466,Torino,Cesare Casadei,save,assisted,3475,25.6,60.5,0,0,46.5,8.2,1.4,50.4,0.0
13981466,Torino,Cesare Casadei,miss,assisted,3048,21.3,54.4,0,0,46.6,93.1,,,
13981466,Torino,Cyril Ngonge,goal,assisted,2941,22.5,48.8,0,0,53.8,22.8,,,
13981466,Parma,Enrico Delprato,miss,set-piece,2872,10.7,49.7,0,0,51.1,76.4,,,
13981466,Torino,Kristjan Asllani,miss,assisted,2549,29.4,36.8,0,0,48.4,80.6,,,
13981466,Parma,Adrián Bernabé,miss,assisted,2398,19.7,47.4,0,0,55.0,76.4,,,
13981466,Parma,Patrick Cutrone,miss,assisted,2358,17.8,47.2,0,0,38.7,26.4,2.2,57.6,0.0
13981466,Parma,Mateo Pellegrino,goal,penalty,2143,11.5,50.0,0,0,54.0,14.6,,,
13981466,Parma,Enrico Delprato,block,set-piece,1820,14.5,54.6,0,0,47.0,19.0,12.1,54.3,0.0
13981466,Torino,Giovanni Simeone,block,assisted,1707,4.5,34.8,0,0,53.4,19.0,3.6,37.2,0.0
13981466,Torino,Giovanni Simeone,block,assisted,1420,11.6,41.1,0,0,48.6,19.0,8.9,43.5,0.0
13981466,Torino,Cyril Ngonge,save,assisted,1281,7.9,58.5,0,0,48.4,14.6,1.1,51.4,0.0
13981466,Torino,Cyril Ngonge,miss,free-kick,1005,19.7,74.8,0,0,43.2,30.6,,,
13981466,Torino,Nikola Vlašić,block,regular,783,14.7,60.9,0,0,50.1,19.0,11.2,58.3,0.0
13981466,Torino,Giovanni Simeone,block,assisted,202,13.9,43.8,0,0,48.2,19.0,11.0,45.5,0.0
13981483,Atalanta,Lorenzo Bernasconi,miss,corner,5652,22.2,43.2,0,0,37.8,4.2,9.7,52.9,0.0
13981483,Atalanta,Daniel Maldini,miss,free-kick,4992,28.4,62.4,0,0,41.8,15.3,,,
13981483,Atalanta,Daniel Maldini,save,assisted,4842,29.3,40.9,0,0,50.7,2.5,2.5,50.7,0.0
13981483,Atalanta,Davide Zappacosta,miss,corner,4725,21.4,71.6,0,0,62.5,11.1,9.3,52.2,0.0
13981483,Atalanta,Davide Zappacosta,block,corner,4724,22.5,72.4,0,0,49.4,19.0,18.8,68.8,0.0
13981483,Atalanta,Daniel Maldini,block,set-piece,4635,14.2,41.1,0,0,51.8,19.0,6.7,44.8,0.0
13981483,Como,Lucas Da Cunha,save,assisted,4320,22.8,33.8,0,0,52.9,1.3,0.90000000000001,46.6,0.0
13981483,Como,Jacobo Ramón,block,corner,3962,14.3,48.3,0,0,47.8,19.0,6.2,50.5,0.0
13981483,Atalanta,Ademola Lookman,block,set-piece,3903,8.7,44.1,0,0,48.1,19.0,1.9,50.2,0.0
13981483,Atalanta,Berat Djimsiti,miss,corner,3776,8.7,43.2,0,0,34.1,36.1,4.7,53.1,0.0
13981483,Atalanta,Marco Brescianini,block,fast-break,3748,15.7,54.4,0,0,49.8,19.0,14.1,54.0,0.0
13981483,Como,Nico Paz,block,assisted,3367,25.1,49.9,0,0,53.0,19.0,21.2,49.5,0.0
13981483,Como,Jacobo Ramón,miss,set-piece,3011,13.6,43.6,0,0,73.8,16.7,,,
13981483,Como,Nico Paz,block,fast-break,2909,21.4,66.7,0,0,51.1,19.0,18.2,64.1,0.0
13981483,Como,Jacobo Ramón,miss,corner,2755,11.6,51.9,0,0,89.4,27.8,5.7,22.4,0.0
13981483,Atalanta,Davide Zappacosta,block,corner,2317,24.0,63.6,0,0,53.8,19.0,11.0,54.2,0.0
13981483,Atalanta,Ademola Lookman,block,assisted,2015,20.9,45.0,0,0,51.3,19.0,19.2,45.3,0.0
13981483,Como,Jayden Addai,save,assisted,1766,17.5,67.3,0,0,49.8,17.1,1.9,52.5,0.0
13981483,Atalanta,Ademola Lookman,miss,assisted,1703,12.3,55.2,0,0,56.6,2.8,,,
13981483,Como,Martin Baturina,miss,regular,1526,15.0,51.1,0,0,38.0,13.9,8.0,51.1,0.0
13981483,Como,Máximo Perrone,goal,regular,1087,8.3,74.1,0,0,50.1,8.2,,,
13981483,Como,Jacobo Ramón,miss,corner,1011,14.8,54.1,0,0,41.2,2.8,,,
13981483,Como,Lucas Da Cunha,save,fast-break,937,7.9,46.0,0,0,49.4,7.0,3.5,47.7,0.0
13981483,Atalanta,Kamaldeen Sulemana,save,assisted,880,8.8,36.1,0,0,49.7,19.0,1.8,47.5,0.0
13981483,Atalanta,Éderson,save,throw-in-set-piece,751,22.2,37.0,0,0,52.0,10.8,5.5,45.8,0.0
13981483,Atalanta,Kamaldeen Sulemana,block,assisted,715,8.3,31.5,0,0,53.1,19.0,6.3,35.9,0.0
13981483,Atalanta,Lazar Samardžić,goal,regular,310,12.1,54.5,0,0,47.1,1.3,,,
13981483,Como,Anastasios Douvikas,block,assisted,121,14.5,60.3,0,0,51.6,19.0,8.8,55.6,0.0
13981473,Lazio,Danilo Cataldi,goal,penalty,6156,11.5,50.0,0,0,52.3,3.2,,,
13981473,Torino,Saúl Coco,goal,corner,5526,3.9,45.5,0,0,47.2,2.5,,,
13981473,Torino,Che Adams,save,set-piece,5500,18.1,61.1,0,0,54.5,4.4,2.0,51.4,0.0
13981473,Torino,Ali Dembélé,miss,assisted,5029,6.7,68.9,0,0,40.2,90.3,,,
13981473,Lazio,Matteo Cancellieri,miss,regular,4558,9.4,44.0,0,0,92.8,38.9,2.2,5.6,0.0
13981473,Torino,Giovanni Simeone,miss,fast-break,4531,27.6,52.4,0,0,65.2,11.1,,,
13981473,Torino,Che Adams,goal,assisted,4349,10.5,44.5,0,0,46.5,29.7,,,
13981473,Torino,Kristjan Asllani,miss,assisted,3929,26.5,49.9,0,0,41.7,72.2,,,
13981473,Torino,Nikola Vlašić,miss,assisted,3438,8.3,49.8,0,0,77.0,15.3,,,
13981473,Lazio,Valentín Castellanos,save,assisted,3379,24.0,32.1,0,0,49.0,10.1,1.2,48.9,0.0
13981473,Lazio,Toma Bašić,miss,assisted,2562,20.6,34.0,0,0,37.6,66.7,,,
13981473,Torino,Marcus Pedersen,miss,assisted,2505,11.6,65.6,0,0,70.4,11.1,,,
13981473,Torino,Cyril Ngonge,miss,assisted,2501,16.6,46.2,0,0,21.0,22.2,12.5,72.9,0.0
13981473,Lazio,Matteo Cancellieri,goal,fast-break,2354,9.6,59.9,0,0,52.6,3.2,,,
13981473,Lazio,Valentín Castellanos,block,corner,2173,12.8,56.0,0,0,50.3,19.0,11.2,55.2,0.0
13981473,Torino,Kristjan Asllani,save,set-piece,2050,27.1,67.9,0,0,46.8,19.6,1.6,52.0,0.0
13981473,Torino,Giovanni Simeone,miss,assisted,1856,8.7,56.8,0,0,84.9,1.4,2.5,34.1,0.0
13981473,Lazio,Matteo Cancellieri,goal,fast-break,1423,18.8,46.4,0,0,53.1,26.6,,,
13981473,Torino,Cyril Ngonge,save,regular,1392,9.3,63.6,0,0,51.6,5.1,7.6,62.1,0.0
13981473,Lazio,Toma Bašić,block,set-piece,1208,27.2,54.4,0,0,50.6,19.0,24.9,54.0,0.0
13981473,Torino,Giovanni Simeone,goal,regular,934,6.5,49.0,0,0,51.6,3.2,,,
13981473,Torino,Marcus Pedersen,save,assisted,932,8.8,72.0,0,0,52.2,16.5,1.1,54.2,0.0
13981473,Torino,Cyril Ngonge,save,assisted,349,19.2,53.2,0,0,51.9,15.2,0.90000000000001,51.4,0.0
13981473,Lazio,Toma Bašić,miss,assisted,97,31.5,47.5,0,0,40.0,88.9,,,
13981473,Torino,Cyril Ngonge,block,assisted,78,31.1,46.5,0,0,47.6,19.0,22.1,48.2,0.0
13981475,Cremonese,Federico Bonazzoli,miss,assisted,5617,16.6,54.6,0,0,39.0,16.7,,,
13981475,Cremonese,Federico Bonazzoli,goal,assisted,5213,4.3,54.2,0,0,50.8,5.1,,,
13981475,Inter,Davide Frattesi,save,assisted,4973,18.8,48.1,0,0,47.1,2.5,2.2,49.5,0.0
13981475,Inter,Luís Henrique,miss,assisted,4927,18.9,62.0,0,0,41.3,11.1,,,
13981475,Inter,Federico Dimarco,block,free-kick,4786,26.3,50.5,0,0,50.6,19.0,14.0,50.0,0.0
13981475,Inter,Francesco Pio Esposito,save,corner,4575,6.7,49.5,0,0,46.5,25.9,1.5,49.5,0.0
13981475,Inter,Davide Frattesi,block,assisted,4538,10.9,32.8,0,0,49.5,19.0,9.4,35.2,0.0
13981475,Inter,Lautaro Martínez,miss,corner,4317,5.1,47.9,0,0,63.5,30.6,,,
13981475,Inter,Luís Henrique,miss,assisted,4053,16.0,69.9,0,0,52.8,98.6,,,
13981475,Inter,Henrikh Mkhitaryan,miss,regular,3959,23.2,32.9,0,0,13.3,65.3,,,
13981475,Inter,Stefan de Vrij,miss,corner,3763,8.3,52.3,0,0,65.2,68.1,,,
13981475,Inter,Nicolò Barella,goal,assisted,3366,9.2,54.7,0,0,52.1,20.3,,,
13981475,Inter,Federico Dimarco,goal,corner,3249,19.1,33.4,0,0,46.1,1.9,,,
13981475,Inter,Federico Dimarco,miss,corner,2909,25.3,48.1,0,0,40.5,80.6,,,
13981475,Inter,Ange-Yoan Bonny,goal,assisted,2264,3.7,43.7,0,0,53.3,15.2,,,
13981475,Inter,Henrikh Mkhitaryan,miss,regular,2192,15.1,34.4,0,0,50.3,79.2,,,
13981475,Inter,Lautaro Martínez,block,assisted,1595,8.6,25.4,0,0,47.4,19.0,7.2,29.8,0.0
13981475,Inter,Alessandro Bastoni,block,assisted,1451,21.6,35.4,0,0,52.4,19.0,18.1,37.4,0.0
13981475,Inter,Denzel Dumfries,block,assisted,1268,5.7,68.5,0,0,46.5,19.0,4.2,64.6,0.0
13981475,Inter,Nicolò Barella,miss,assisted,1176,13.9,51.5,0,0,61.7,93.1,,,
13981475,Inter,Ange-Yoan Bonny,block,assisted,1174,10.2,51.5,0,0,51.4,19.0,8.1,50.9,0.0
13981475,Inter,Federico Dimarco,miss,regular,1128,9.4,32.3,0,0,34.6,4.2,,,
13981475,Inter,Henrikh Mkhitaryan,save,assisted,1126,28.2,54.0,0,0,53.9,19.0,1.6,51.1,0.0
13981475,Inter,Henrikh Mkhitaryan,save,assisted,1040,10.7,57.3,0,0,48.3,20.3,2.8,53.1,0.0
13981475,Inter,Davide Frattesi,save,assisted,970,21.6,57.0,0,0,47.1,22.2,3.4,51.2,0.0
13981475,Inter,Federico Dimarco,miss,corner,702,23.5,42.8,0,0,41.3,11.1,12.3,50.4,0.0
13981475,Cremonese,Alberto Grassi,save,assisted,496,18.8,50.9,0,0,50.0,19.0,1.4,50.2,0.0
13981475,Inter,Lautaro Martínez,goal,assisted,342,9.4,51.9,0,0,48.2,17.7,,,
13981475,Inter,Manuel Akanji,miss,regular,238,25.0,62.0,0,0,44.4,73.6,,,
13981475,Inter,Davide Frattesi,miss,fast-break,27,8.2,46.8,0,0,31.6,1.4,,,
13981480,Parma,Milan Đurić,block,corner,5726,8.5,46.2,0,0,50.1,19.0,7.5,46.7,0.0
13981480,Parma,Adrian Benedyczak,miss,corner,5542,8.5,48.5,0,0,63.9,34.7,,,
13981480,Parma,Enrico Delprato,save,set-piece,5504,8.3,43.8,0,0,50.0,34.2,1.0,48.7,0.0
13981480,Lecce,Francesco Camarda,miss,corner,5189,8.9,44.8,0,0,35.1,23.6,,,
13981480,Parma,Patrick Cutrone,miss,assisted,4481,4.9,38.9,0,0,57.5,25.0,,,
13981480,Parma,Enrico Delprato,miss,set-piece,3182,9.4,48.3,0,0,36.8,34.7,,,
13981480,Parma,Patrick Cutrone,miss,assisted,3060,20.8,55.3,0,0,62.7,1.4,,,
13981480,Parma,Sascha Britschgi,save,assisted,2875,8.6,67.5,0,0,46.8,3.2,1.8,54.0,0.0
13981480,Lecce,Ylber Ramadani,miss,regular,2769,27.5,51.1,0,0,49.6,72.2,,,
13981480,Lecce,Santiago Pierotti,save,fast-break,2605,9.5,63.4,0,0,50.0,3.8,2.3,53.2,0.0
13981480,Lecce,Nikola Štulić,miss,set-piece,2489,7.9,53.2,0,0,48.9,75.0,,,
13981480,Lecce,Riccardo Sottil,goal,assisted,2251,18.5,9.9,0,0,45.8,3.8,,,
13981480,Lecce,Medon Berisha,block,assisted,2111,26.8,52.3,0,0,48.8,19.0,23.9,52.2,0.0
13981480,Lecce,Medon Berisha,save,assisted,1917,9.9,31.1,0,0,53.2,4.4,1.2,48.2,0.0
13981480,Parma,Patrick Cutrone,miss,assisted,1609,12.8,30.3,0,0,62.4,22.2,,,
13981480,Parma,Patrick Cutrone,block,assisted,308,23.3,44.5,0,0,50.1,19.0,21.4,44.9,0.0
13981480,Parma,Adrián Bernabé,miss,throw-in-set-piece,194,21.5,67.1,0,0,43.2,1.4,,,
13981470,Bologna,Federico Bernardeschi,miss,free-kick,5176,20.6,65.4,0,0,45.9,66.7,,,
13981470,Bologna,Benjamín Domínguez,miss,assisted,5048,6.3,56.1,0,0,43.7,15.3,,,
13981470,Bologna,Jonathan Rowe,miss,throw-in-set-piece,4971,8.1,49.7,0,0,59.2,2.8,,,
13981470,Bologna,Juan Miranda,miss,throw-in-set-piece,4970,13.0,32.5,0,0,34.8,6.9,6.6,48.0,0.0
13981470,Bologna,Giovanni Fabbian,block,throw-in-set-piece,4969,13.1,50.3,0,0,49.2,19.0,7.1,50.5,0.0
13981470,Bologna,Giovanni Fabbian,miss,assisted,4832,11.1,45.4,0,0,40.7,4.2,,,
13981470,Bologna,Benjamín Domínguez,miss,assisted,4680,18.5,61.8,0,0,49.1,72.2,,,
13981470,Bologna,Jonathan Rowe,miss,assisted,4566,5.1,49.9,0,0,48.4,65.3,,,
13981470,Bologna,Thijs Dallinga,block,fast-break,4134,8.0,67.6,0,0,49.0,19.0,7.1,65.7,0.0
13981470,Bologna,Jonathan Rowe,miss,assisted,3917,14.8,46.1,0,0,57.5,5.6,,,
13981470,Bologna,Jonathan Rowe,miss,assisted,3854,8.6,46.0,0,0,58.8,5.6,,,
13981470,Bologna,Nadir Zortea,block,corner,3812,27.6,61.1,0,0,47.1,19.0,24.9,60.3,0.0
13981470,Bologna,Thijs Dallinga,miss,assisted,3297,11.2,45.1,0,0,56.5,81.9,,,
13981470,Bologna,Jens Odgaard,goal,assisted,3165,23.5,58.5,0,0,52.4,9.5,,,
13981470,Pisa,Simone Canestrelli,miss,set-piece,2932,12.8,43.0,0,0,57.0,79.2,,,
13981470,Bologna,Nicolò Cambiaghi,save,corner,2598,3.3,36.0,0,0,52.6,3.8,0.0,47.5,0.0
13981470,Bologna,Riccardo Orsolini,post,corner,2593,13.2,68.5,0,0,44.7,15.8,,,
13981470,Bologna,Riccardo Orsolini,goal,throw-in-set-piece,2362,7.6,56.5,0,0,51.6,0.6,,,
13981470,Bologna,Nikola Moro,goal,free-kick,2233,18.8,41.7,0,0,51.7,27.2,,,
13981470,Bologna,Riccardo Orsolini,save,assisted,2056,19.2,72.3,0,0,47.1,0.6,1.5,52.0,0.0
13981470,Bologna,Riccardo Orsolini,block,assisted,1983,29.1,67.3,0,0,51.8,19.0,26.9,65.9,0.0
13981470,Bologna,Nicolò Cambiaghi,goal,assisted,1418,8.0,54.2,0,0,46.8,14.6,,,
13981470,Bologna,Thijs Dallinga,save,assisted,1383,10.3,36.1,0,0,48.1,10.1,4.4,43.0,0.0
13981470,Bologna,Jens Odgaard,miss,assisted,1343,27.9,69.0,0,0,58.7,77.8,,,
13981470,Bologna,Remo Freuler,block,assisted,220,27.5,45.2,0,0,48.1,19.0,21.9,46.6,0.0
13981470,Pisa,Idrissa Touré,miss,throw-in-set-piece,95,11.7,38.8,0,0,31.9,22.2,7.3,47.7,0.0
13981481,Hellas Verona,Grigoris Kastanos,miss,throw-in-set-piece,5668,6.5,75.5,0,0,39.0,11.1,,,
13981481,Hellas Verona,Daniel Mosquera,save,set-piece,5408,13.9,52.4,0,0,49.3,8.9,2.2,51.1,0.0
13981481,Hellas Verona,Jean-Daniel Akpa Akpro,save,corner,4790,4.1,43.8,0,0,53.6,22.2,1.0,46.6,0.0
13981481,Hellas Verona,Gift Orban,save,assisted,4761,12.5,57.9,0,0,47.0,16.5,2.3,51.8,0.0
13981481,Hellas Verona,Rafik Belghali,block,regular,4757,17.9,67.9,0,0,50.3,19.0,17.3,67.3,0.0
13981481,Sassuolo,Andrea Pinamonti,miss,set-piece,4608,13.8,47.9,0,0,59.2,50.0,,,
13981481,Hellas Verona,Gift Orban,miss,assisted,4460,7.5,38.8,0,0,57.5,11.1,,,
13981481,Sassuolo,Andrea Pinamonti,goal,set-piece,4241,3.5,50.7,0,0,51.5,0.6,,,
13981481,Sassuolo,Andrea Pinamonti,save,penalty,4238,11.5,50.0,0,0,50.0,15.2,1.2,49.8,0.0
13981481,Sassuolo,Nicholas Pierini,block,free-kick,3757,18.1,49.0,0,0,50.4,19.0,9.7,49.3,0.0
13981481,Hellas Verona,Giovane,save,assisted,3461,23.2,76.9,0,0,52.6,7.0,2.5,52.7,0.0
13981481,Sassuolo,Armand Laurienté,miss,assisted,3336,25.3,31.9,0,0,36.1,77.8,,,
13981481,Sassuolo,Aster Vranckx,block,assisted,3176,26.5,42.7,0,0,52.8,19.0,20.7,43.7,0.0
13981481,Sassuolo,Armand Laurienté,save,free-kick,2689,22.2,32.0,0,0,50.6,36.1,1.8,47.7,0.0
13981481,Hellas Verona,Giovane,save,assisted,2528,10.0,36.8,0,0,49.9,25.3,1.2,48.4,0.0
13981481,Hellas Verona,Giovane,save,assisted,2463,12.7,33.0,0,0,48.1,6.3,2.3,46.7,0.0
13981481,Hellas Verona,Suat Serdar,miss,assisted,2347,25.1,69.9,0,0,47.7,75.0,,,
13981481,Sassuolo,Andrea Pinamonti,miss,set-piece,2274,12.9,60.1,0,0,71.9,11.1,8.4,48.9,0.0
13981481,Hellas Verona,Martin Frese,save,free-kick,2154,26.8,58.7,0,0,47.1,5.7,1.4,50.4,0.0
13981481,Hellas Verona,Suat Serdar,miss,assisted,1492,21.7,59.9,0,0,58.5,15.3,,,
13981481,Hellas Verona,Gift Orban,miss,assisted,1407,7.6,36.2,0,0,65.5,25.0,,,
13981481,Hellas Verona,Gift Orban,miss,assisted,1276,26.9,45.4,0,0,41.7,61.1,,,
13981481,Hellas Verona,Giovane,block,assisted,1119,13.6,44.4,0,0,50.7,19.0,10.1,45.7,0.0
13981481,Hellas Verona,Suat Serdar,save,assisted,820,20.6,65.9,0,0,48.4,31.0,2.3,52.2,0.0
13981481,Sassuolo,Cristian Volpato,block,regular,749,12.1,55.5,0,0,49.1,19.0,4.7,52.7,0.0
13981481,Sassuolo,Andrea Pinamonti,block,assisted,700,5.7,57.7,0,0,48.6,19.0,4.6,56.5,0.0
13981481,Sassuolo,Josh Doig,miss,throw-in-set-piece,641,20.7,51.9,0,0,50.1,87.5,,,
13981481,Hellas Verona,Giovane,save,assisted,325,29.3,69.7,0,0,46.0,4.4,2.4,52.5,0.0
13981474,Napoli,Lorenzo Lucca,save,assisted,5377,3.2,33.1,0,0,46.1,17.1,0.5,46.2,0.0
13981474,Genoa,Lorenzo Colombo,block,assisted,4804,26.1,66.3,0,0,50.1,19.4,24.1,64.8,0.0
13981474,Napoli,Rasmus Højlund,goal,regular,4463,6.5,57.1,0,0,47.8,3.2,,,
13981474,Napoli,Frank Anguissa,save,assisted,4462,12.8,60.0,0,0,51.6,3.8,1.0,50.4,0.0
13981474,Napoli,Giovanni Di Lorenzo,post,corner,4415,4.1,38.7,0,0,55.1,22.8,,,
13981474,Napoli,David Neres,miss,assisted,4140,22.0,70.9,0,0,64.9,48.6,,,
13981474,Napoli,Giovanni Di Lorenzo,save,corner,3881,9.8,65.0,0,0,52.4,3.8,1.2,52.9,0.0
13981474,Napoli,David Neres,block,assisted,3843,9.3,69.4,0,0,49.8,19.0,8.4,67.5,0.0
13981474,Napoli,Leonardo Spinazzola,block,assisted,3583,14.8,48.3,0,0,53.4,11.1,6.3,48.6,0.0
13981474,Napoli,Frank Anguissa,goal,regular,3418,4.8,54.8,0,0,53.9,14.6,,,
13981474,Napoli,Scott McTominay,block,assisted,3077,17.2,55.7,0,0,51.2,19.0,14.2,54.5,0.0
13981474,Napoli,Scott McTominay,miss,assisted,2871,7.1,50.0,0,0,75.1,6.9,,,
13981474,Genoa,Vitinha,block,assisted,2739,22.0,29.9,0,0,52.0,19.0,15.8,35.0,0.0
13981474,Genoa,Vitinha,miss,corner,2436,31.2,59.9,0,0,49.4,93.1,,,
13981474,Genoa,Jeff Ekhator,goal,assisted,1979,4.6,52.4,0,0,49.6,4.4,,,
13981474,Napoli,Matteo Politano,miss,regular,638,3.2,59.3,0,0,43.2,73.6,,,
13981474,Genoa,Jeff Ekhator,miss,assisted,585,29.3,72.0,0,0,63.2,1.4,,,
13981474,Genoa,Johan Vásquez,miss,assisted,296,27.5,42.5,0,0,40.8,4.2,,,
13981471,Juventus,Khéphren Thuram,miss,assisted,5516,12.0,32.5,0,0,62.0,90.3,,,
13981471,Milan,Ruben Loftus-Cheek,block,regular,5393,8.6,64.6,0,0,46.7,19.0,6.8,62.3,0.0
13981471,Milan,Rafael Leão,save,assisted,5390,10.3,66.3,0,0,51.4,3.2,1.4,53.2,0.0
13981471,Juventus,Federico Gatti,miss,assisted,5054,11.6,42.5,0,0,63.0,52.8,,,
13981471,Juventus,Andrea Cambiaso,save,assisted,4625,23.3,65.2,0,0,51.3,12.0,1.5,51.4,0.0
13981471,Juventus,Loïs Openda,miss,assisted,4490,20.9,63.0,0,0,34.8,33.3,,,
13981471,Milan,Alexis Saelemaekers,miss,set-piece,4465,25.0,52.8,0,0,55.3,77.8,,,
13981471,Milan,Rafael Leão,miss,assisted,4328,3.6,56.8,0,0,42.9,2.8,,,
13981471,Milan,Rafael Leão,miss,fast-break,4015,53.3,52.9,0,0,56.6,52.8,,,
13981471,Milan,Youssouf Fofana,save,assisted,3507,28.8,52.0,0,0,49.2,13.9,2.2,51.3,0.0
13981471,Milan,Santiago Giménez,block,free-kick,3366,22.8,63.6,0,0,48.3,19.0,14.7,59.4,0.0
13981471,Milan,Christian Pulišić,save,assisted,3230,20.4,38.4,0,0,45.9,3.8,0.90000000000001,48.2,0.0
13981471,Milan,Christian Pulišić,miss,penalty,3169,11.5,50.0,0,0,45.0,56.9,,,
13981471,Juventus,Federico Gatti,block,corner,2841,14.0,29.1,0,0,54.0,19.0,12.0,31.6,0.0
13981471,Juventus,Federico Gatti,save,corner,2830,4.6,46.8,0,0,51.7,24.7,0.7,47.7,0.0
13981471,Juventus,Pierre Kalulu,miss,assisted,2576,19.4,65.0,0,0,66.7,2.8,,,
13981471,Milan,Santiago Giménez,miss,assisted,2526,8.3,44.2,0,0,41.5,31.9,,,
13981471,Milan,Santiago Giménez,save,assisted,1904,10.4,38.0,0,0,51.2,19.0,0.7,47.7,0.0
13981471,Milan,Adrien Rabiot,miss,assisted,1718,21.6,26.2,0,0,57.5,56.9,,,
13981471,Juventus,Weston McKennie,miss,assisted,1676,8.0,58.1,0,0,67.6,11.1,,,
13981471,Juventus,Federico Gatti,save,set-piece,1456,13.3,34.9,0,0,51.7,19.0,1.4,47.5,0.0
13981471,Juventus,Kenan Yıldız,block,assisted,1399,22.5,59.7,0,0,49.6,19.0,19.5,58.5,0.0
13981471,Juventus,Manuel Locatelli,miss,assisted,1333,14.3,39.1,0,0,80.8,2.8,,,
13981471,Juventus,Weston McKennie,miss,assisted,149,11.9,40.1,0,0,62.2,2.8,1.1,34.7,0.0
13981471,Milan,Youssouf Fofana,miss,regular,71,10.0,45.6,0,0,73.1,43.1,,,
13981477,Udinese,Vakoun Bayo,miss,regular,5447,4.2,45.4,0,0,52.1,68.1,,,
13981477,Udinese,Keinan Davis,save,assisted,5445,10.3,59.9,0,0,51.3,5.7,6.3,56.5,0.0
13981477,Udinese,Arthur Atta,block,assisted,5060,13.5,55.7,0,0,49.5,19.0,11.4,54.9,0.0
13981477,Cagliari,Zito Luvumbo,miss,regular,4815,8.0,65.5,0,0,59.2,4.2,,,
13981477,Udinese,Vakoun Bayo,miss,assisted,4763,8.7,45.7,0,0,60.0,16.7,,,
13981477,Udinese,Vakoun Bayo,miss,assisted,4657,3.1,68.4,0,0,42.7,9.7,,,
13981477,Cagliari,Michel Adopo,miss,corner,4587,4.1,40.7,0,0,50.3,70.8,,,
13981477,Udinese,Nicolò Zaniolo,block,assisted,4478,18.7,64.6,0,0,49.5,19.0,16.8,63.2,0.0
13981477,Udinese,Nicolò Zaniolo,miss,assisted,4425,7.3,47.0,0,0,43.9,73.6,,,
13981477,Udinese,Nicolò Zaniolo,block,set-piece,4156,29.1,67.7,0,0,52.2,19.0,25.4,65.2,0.0
13981477,Udinese,Christian Kabasele,goal,corner,3430,4.6,48.6,0,0,46.0,2.5,,,
13981477,Cagliari,Alessandro Di Pardo,miss,assisted,3131,7.3,52.3,0,0,32.9,54.2,,,
13981477,Udinese,Arthur Atta,block,assisted,2975,25.5,47.0,0,0,52.2,19.0,22.0,47.1,0.0
13981477,Udinese,Saba Goglichidze,miss,corner,2792,4.2,41.2,0,0,52.4,66.7,,,
13981477,Udinese,Hassane Kamara,block,regular,2663,21.5,47.2,0,0,48.7,19.0,20.1,47.5,0.0
13981477,Cagliari,Sebastiano Esposito,miss,corner,2564,17.9,33.3,0,0,65.2,26.4,,,
13981477,Udinese,Jesper Karlström,miss,assisted,2463,21.6,47.2,0,0,46.6,84.7,,,
13981477,Udinese,Jakub Piotrowski,block,throw-in-set-piece,2458,10.6,47.2,0,0,51.0,19.0,8.0,47.7,0.0
13981477,Udinese,Arthur Atta,post,assisted,2390,3.0,43.4,0,0,53.8,39.9,,,
13981477,Udinese,Arthur Atta,miss,assisted,2291,13.2,43.8,0,0,42.2,16.7,,,
13981477,Udinese,Jakub Piotrowski,save,assisted,2134,14.1,42.1,0,0,52.0,3.8,0.90000000000001,47.7,0.0
13981477,Udinese,Nicolò Zaniolo,block,assisted,2129,25.4,62.4,0,0,50.7,19.0,15.3,57.2,0.0
13981477,Udinese,Hassane Kamara,block,regular,1638,3.8,28.2,0,0,49.5,19.0,3.2,31.8,0.0
13981477,Udinese,Arthur Atta,save,assisted,1632,26.3,56.2,0,0,53.7,32.3,2.9,51.4,0.0
13981477,Cagliari,Gennaro Borrelli,goal,assisted,1468,8.2,46.6,0,0,51.2,5.7,,,
13981477,Cagliari,Matteo Prati,block,regular,1465,18.8,50.1,0,0,50.1,19.0,10.6,50.0,0.0
13981477,Cagliari,Mattia Felici,block,assisted,1463,13.7,23.1,0,0,52.6,19.0,12.3,25.6,0.0
13981477,Cagliari,Gennaro Borrelli,save,assisted,1354,20.1,54.2,0,0,50.4,6.3,2.3,51.1,0.0
13981477,Udinese,Nicolò Zaniolo,post,assisted,479,4.8,31.3,0,0,55.2,7.6,,,
13981477,Udinese,Christian Kabasele,block,set-piece,216,10.4,54.8,0,0,50.9,19.0,9.6,54.3,0.0
13981477,Udinese,Oumar Solet,block,regular,153,26.9,44.6,0,0,50.2,19.0,22.3,45.5,0.0
13981478,Roma,Evan Ndicka,miss,corner,5366,7.0,48.3,0,0,57.8,66.7,,,
13981478,Roma,Paulo Dybala,save,assisted,5308,23.3,50.4,0,0,46.2,22.2,3.1,50.0,0.0
13981478,Fiorentina,Robin Gosens,miss,assisted,4875,4.9,41.9,0,0,61.2,79.2,,,
13981478,Fiorentina,Roberto Piccoli,post,regular,4386,24.7,65.0,0,0,53.3,39.9,,,
13981478,Fiorentina,Roberto Piccoli,miss,set-piece,4120,7.1,51.7,0,0,39.8,4.2,,,
13981478,Fiorentina,Dodô,miss,corner,3366,24.1,64.1,0,0,40.2,91.7,,,
13981478,Fiorentina,Moise Kean,block,assisted,3330,21.6,56.2,0,0,48.3,19.0,18.4,53.8,0.0
13981478,Fiorentina,Jacopo Fazzini,save,fast-break,3004,24.1,52.6,0,0,50.2,15.2,1.2,50.9,0.0
13981478,Roma,Artem Dovbyk,miss,assisted,2990,9.4,50.3,0,0,64.0,8.3,3.5,47.8,0.0
13981478,Fiorentina,Luca Ranieri,save,regular,2273,28.7,49.1,0,0,51.0,5.7,2.0,50.4,0.0
13981478,Fiorentina,Moise Kean,post,fast-break,2249,15.3,41.4,0,0,44.5,22.2,,,
13981478,Roma,Artem Dovbyk,miss,assisted,2130,2.1,47.0,0,0,57.3,18.1,,,
13981478,Fiorentina,Dodô,block,assisted,1868,8.7,66.5,0,0,49.2,19.0,7.0,63.4,0.0
13981478,Roma,Bryan Cristante,goal,corner,1782,7.2,65.1,0,0,45.9,22.2,,,
13981478,Roma,Matías Soulé,block,assisted,1608,12.6,44.0,0,0,50.8,19.0,5.9,46.7,0.0
13981478,Roma,Matías Soulé,goal,assisted,1276,18.2,51.2,0,0,54.2,22.2,,,
13981478,Fiorentina,Moise Kean,goal,fast-break,814,20.8,36.4,0,0,46.1,20.9,,,
13981478,Roma,Matías Soulé,block,assisted,424,25.5,52.6,0,0,53.1,19.0,13.8,50.0,0.0
13981478,Fiorentina,Rolando Mandragora,miss,free-kick,212,25.1,59.7,0,0,45.4,86.1,,,
13981482,Juventus,Dušan Vlahović,miss,regular,5581,30.2,47.7,0,0,35.0,1.4,,,
13981482,Juventus,Dušan Vlahović,save,free-kick,5430,28.5,52.2,0,0,45.8,6.3,1.9,50.2,0.0
13981482,Como,Anastasios Douvikas,miss,assisted,5316,5.4,40.3,0,0,60.2,66.7,,,
13981482,Como,Anastasios Douvikas,save,assisted,5081,20.7,47.4,0,0,50.1,2.5,1.2,50.0,0.0
13981482,Juventus,Andrea Cambiaso,save,regular,4906,16.4,34.9,0,0,51.5,4.4,1.5,47.8,0.0
13981482,Como,Nico Paz,goal,fast-break,4686,15.8,63.8,0,0,54.2,14.6,,,
13981482,Juventus,Khéphren Thuram,miss,assisted,4008,10.8,44.8,0,0,59.5,20.8,,,
13981482,Como,Nico Paz,block,assisted,3847,22.0,51.9,0,0,49.8,19.0,20.7,51.8,0.0
13981482,Juventus,Teun Koopmeiners,save,assisted,3759,8.2,57.7,0,0,52.6,20.3,1.4,52.0,0.0
13981482,Juventus,Teun Koopmeiners,miss,free-kick,3680,26.3,37.3,0,0,54.8,55.6,,,
13981482,Como,Maxence Caqueret,miss,regular,3325,6.7,42.1,0,0,57.1,2.8,,,
13981482,Como,Mërgim Vojvoda,save,assisted,3322,18.2,72.4,0,0,52.1,1.9,1.8,53.2,0.0
13981482,Como,Mërgim Vojvoda,block,assisted,2746,10.2,59.5,0,0,52.0,19.0,7.2,56.1,0.0
13981482,Juventus,Francisco Conceição,miss,fast-break,2356,12.9,66.4,0,0,58.3,5.6,,,
13981482,Juventus,Khéphren Thuram,miss,assisted,2235,13.3,52.8,0,0,41.8,31.9,,,
13981482,Juventus,Teun Koopmeiners,block,set-piece,2099,16.8,53.1,0,0,51.1,19.0,14.5,52.5,0.0
13981482,Juventus,Teun Koopmeiners,block,set-piece,2097,23.5,52.7,0,0,49.8,19.0,11.8,51.4,0.0
13981482,Como,Alberto Moreno,save,assisted,2005,16.0,28.0,0,0,48.6,0.6,1.0,47.5,0.0
13981482,Como,Álvaro Morata,block,fast-break,1814,8.6,30.9,0,0,52.0,19.0,7.3,33.4,0.0
13981482,Como,Marc-Oliver Kempf,miss,corner,1738,8.6,49.5,0,0,31.4,6.9,,,
13981482,Como,Álvaro Morata,save,assisted,1691,16.1,68.5,0,0,51.6,34.2,0.7,52.0,0.0
13981482,Juventus,Teun Koopmeiners,block,assisted,1576,15.1,45.4,0,0,51.2,19.0,12.3,46.0,0.0
13981482,Juventus,Kenan Yıldız,block,assisted,1450,9.5,52.9,0,0,50.9,19.0,8.1,52.3,0.0
13981482,Juventus,Kenan Yıldız,miss,fast-break,1204,18.2,35.8,0,0,41.2,5.6,,,
13981482,Juventus,Francisco Conceição,miss,assisted,1045,25.0,62.6,0,0,66.7,66.7,,,
13981482,Juventus,Manuel Locatelli,miss,regular,865,15.3,32.5,0,0,37.5,95.8,,,
13981482,Como,Marc-Oliver Kempf,goal,corner,192,2.9,44.5,0,0,52.2,24.1,,,
13981485,Roma,Evan Ferguson,miss,regular,5456,26.2,53.7,0,0,63.5,83.3,,,
13981485,Roma,Bryan Cristante,miss,set-piece,5365,10.7,56.9,0,0,47.1,59.7,,,
13981485,Roma,Artem Dovbyk,save,assisted,5264,11.7,41.0,0,0,53.4,1.3,1.2,49.3,0.0
13981485,Inter,Manuel Akanji,miss,corner,5141,12.8,55.0,0,0,60.5,65.3,,,
13981485,Inter,Henrikh Mkhitaryan,post,regular,5032,13.5,51.3,0,0,44.3,22.2,,,
13981485,Roma,Zeki Çelik,block,assisted,4340,5.1,71.1,0,0,45.7,19.0,4.2,68.2,0.0
13981485,Inter,Alessandro Bastoni,block,set-piece,4225,25.4,43.7,0,0,51.0,19.0,20.3,44.8,0.0
13981485,Roma,Wesley,miss,assisted,4063,9.2,29.3,0,0,59.3,56.9,,,
13981485,Inter,Ange-Yoan Bonny,miss,assisted,4015,18.2,51.3,0,0,58.0,81.9,,,
13981485,Roma,Matías Soulé,save,assisted,3793,12.0,69.3,0,0,52.4,1.9,2.4,54.2,0.0
13981485,Roma,Artem Dovbyk,miss,corner,3522,4.1,51.0,0,0,52.9,55.6,,,
13981485,Roma,Zeki Çelik,block,assisted,3480,8.9,67.1,0,0,47.4,19.0,7.6,65.0,0.0
13981485,Roma,Paulo Dybala,save,free-kick,3249,18.8,56.0,0,0,53.0,11.4,1.2,49.8,0.0
13981485,Roma,Manu Koné,block,corner,3145,22.3,56.6,0,0,49.9,19.0,17.6,55.2,0.0
13981485,Roma,Mario Hermoso,save,corner,3137,5.8,52.1,0,0,47.9,24.1,1.1,51.8,0.0
13981485,Roma,Paulo Dybala,save,assisted,3104,4.3,33.4,0,0,53.2,8.9,1.0,44.4,0.0
13981485,Inter,Denzel Dumfries,save,fast-break,2997,16.1,68.1,0,0,48.1,8.2,1.9,52.7,0.0
13981485,Inter,Lautaro Martínez,miss,corner,2838,3.6,42.7,0,0,58.0,43.1,,,
13981485,Inter,Hakan Çalhanoğlu,miss,assisted,1652,26.1,33.6,0,0,57.8,59.7,,,
13981485,Roma,Evan Ndicka,miss,corner,1574,3.9,54.5,0,0,51.1,70.8,,,
13981485,Inter,Federico Dimarco,miss,regular,1346,23.7,27.6,0,0,30.8,11.1,,,
13981485,Inter,Henrikh Mkhitaryan,miss,assisted,828,13.8,43.8,0,0,50.8,95.8,,,
13981485,Roma,Bryan Cristante,miss,corner,735,6.4,57.2,0,0,48.2,54.2,,,
13981485,Roma,Lorenzo Pellegrini,block,assisted,708,21.2,48.7,0,0,50.9,19.0,19.3,48.7,0.0
13981485,Inter,Hakan Çalhanoğlu,save,assisted,551,28.5,47.3,0,0,51.9,7.0,2.3,49.8,0.0
13981485,Inter,Lautaro Martínez,block,regular,548,11.6,38.7,0,0,52.5,19.0,9.6,40.2,0.0
13981485,Inter,Ange-Yoan Bonny,goal,assisted,334,7.9,65.0,0,0,46.8,9.5,,,
13981479,Napoli,Matteo Politano,post,assisted,5569,16.8,72.3,0,0,55.5,4.4,,,
13981479,Napoli,Leonardo Spinazzola,save,assisted,5503,24.9,35.8,0,0,51.0,25.3,3.3,48.7,0.0
13981479,Torino,Duván Zapata,miss,set-piece,5384,9.8,50.0,0,0,1.2,5.6,5.1,100.0,0.0
13981479,Napoli,Eljif Elmas,miss,assisted,5250,10.0,47.9,0,0,60.8,88.9,,,
13981479,Napoli,Sam Beukema,miss,corner,4756,9.6,53.1,0,0,47.4,68.1,,,
13981479,Napoli,Kevin De Bruyne,block,corner,4623,20.3,57.5,0,0,52.3,19.0,10.3,52.7,0.0
13981479,Napoli,Matteo Politano,block,regular,4585,15.9,62.0,0,0,49.1,19.0,11.4,58.8,0.0
13981479,Napoli,Frank Anguissa,miss,assisted,4488,11.4,46.8,0,0,22.5,6.9,,,
13981479,Torino,Che Adams,save,assisted,4308,22.5,45.4,0,0,54.3,5.1,1.8,49.6,0.0
13981479,Napoli,Kevin De Bruyne,miss,assisted,4043,11.4,45.8,0,0,53.9,76.4,,,
13981479,Napoli,David Neres,miss,assisted,3918,21.9,72.3,0,0,58.7,77.8,,,
13981479,Napoli,Frank Anguissa,save,assisted,3602,9.2,53.3,0,0,48.6,31.6,0.59999999999999,50.5,0.0
13981479,Torino,Giovanni Simeone,miss,assisted,3513,36.0,33.8,0,0,32.1,84.7,,,
13981479,Napoli,Leonardo Spinazzola,miss,assisted,3174,23.5,27.7,0,0,30.6,59.7,,,
13981479,Napoli,Leonardo Spinazzola,save,assisted,3081,23.3,49.0,0,0,52.5,11.4,2.2,50.5,0.0
13981479,Torino,Cesare Casadei,miss,corner,2946,3.4,56.4,0,0,51.1,63.9,,,
13981479,Torino,Che Adams,block,assisted,2902,8.3,67.9,0,0,51.4,11.1,6.0,64.1,0.0
13981479,Napoli,Frank Anguissa,miss,corner,2767,6.2,63.7,0,0,42.5,47.2,,,
13981479,Napoli,David Neres,miss,free-kick,2807,21.9,68.4,0,0,40.5,72.2,,,
13981479,Napoli,Lorenzo Lucca,miss,assisted,2446,3.8,60.5,0,0,40.7,6.9,,,
13981479,Napoli,Sam Beukema,miss,assisted,2394,30.5,65.8,0,0,60.3,58.3,,,
13981479,Torino,Che Adams,block,fast-break,2162,14.3,35.3,0,0,45.9,2.8,8.1,42.6,0.0
13981479,Torino,Marcus Pedersen,miss,fast-break,2065,8.6,45.2,0,0,52.9,97.2,,,
13981479,Torino,Giovanni Simeone,goal,regular,1882,6.3,46.0,0,0,51.9,1.9,,,
13981479,Napoli,Frank Anguissa,miss,corner,1752,11.7,54.5,0,0,38.7,19.4,5.9,56.7,0.0
13981479,Napoli,Lorenzo Lucca,save,corner,1749,9.1,47.3,0,0,51.7,21.5,7.0,47.7,0.0
13981479,Torino,Kristjan Asllani,miss,regular,1596,25.7,49.1,0,0,35.6,83.3,,,
13981479,Napoli,Lorenzo Lucca,block,assisted,1566,8.8,49.1,0,0,49.9,19.0,7.2,49.3,0.0
13981479,Napoli,Mathías Olivera,miss,assisted,1535,3.3,52.9,0,0,94.1,11.1,3.2,45.8,0.0
13981479,Napoli,Kevin De Bruyne,block,regular,1362,14.8,43.7,0,0,48.3,19.0,8.1,47.3,0.0
13981479,Torino,Giovanni Simeone,miss,throw-in-set-piece,1164,14.7,53.3,0,0,56.5,77.8,,,
13981479,Napoli,Kevin De Bruyne,save,free-kick,973,26.6,51.3,0,0,51.8,3.8,1.8,49.1,0.0
13981479,Torino,Nikola Vlašić,post,assisted,861,20.7,33.6,0,0,44.8,1.9,,,
13981479,Torino,Saúl Coco,miss,set-piece,630,7.0,42.8,0,0,35.5,15.3,3.7,51.8,0.0
13981484,Hellas Verona,Martin Frese,miss,assisted,5636,12.5,27.6,0,0,34.5,16.7,,,
13981484,Pisa,Giovanni Bonfanti,miss,throw-in-set-piece,5516,13.8,55.8,0,0,39.8,1.4,,,
13981484,Pisa,Antonio Caracciolo,block,set-piece,5316,14.5,44.0,0,0,50.5,19.0,11.2,45.2,0.0
13981484,Hellas Verona,Yellu Santiago,save,set-piece,5227,26.0,45.0,0,0,52.1,22.2,1.1,50.7,0.0
13981484,Hellas Verona,Nicolás Valentini,miss,throw-in-set-piece,4793,23.7,31.3,0,0,21.0,6.9,12.7,50.5,0.0
13981484,Hellas Verona,Roberto Gagliardini,miss,corner,4135,6.7,30.7,0,0,57.0,77.8,,,
13981484,Hellas Verona,Amin Sarr,block,corner,4133,8.9,47.7,0,0,51.2,19.0,7.3,47.9,0.0
13981484,Hellas Verona,Rafik Belghali,block,assisted,4085,9.8,67.5,0,0,49.1,19.0,7.1,62.9,0.0
13981484,Pisa,M'Bala Nzola,miss,fast-break,3454,19.5,63.8,0,0,55.0,58.3,,,
13981484,Hellas Verona,Nicolás Valentini,save,corner,3383,12.9,54.4,0,0,51.0,31.0,1.2,51.8,0.0
13981484,Hellas Verona,Gift Orban,miss,regular,3278,9.4,51.3,0,0,50.6,72.2,,,
13981484,Hellas Verona,Unai Núñez,miss,throw-in-set-piece,2710,9.5,49.7,0,0,69.6,15.3,7.0,42.1,0.0
13981484,Hellas Verona,Gift Orban,miss,assisted,2466,5.8,47.0,0,0,47.6,56.9,,,
13981484,Hellas Verona,Fallou Cham,miss,regular,2465,9.7,62.4,0,0,78.8,11.1,5.8,48.2,0.0
13981484,Hellas Verona,Fallou Cham,save,assisted,2462,11.7,64.2,0,0,48.1,16.5,2.5,53.4,0.0
13981484,Pisa,Ebenezer Akinsanmiro,miss,regular,2348,11.4,36.4,0,0,44.5,79.2,,,
13981484,Pisa,Stefano Moreo,miss,corner,1872,7.7,47.7,0,0,48.9,54.2,,,
13981484,Pisa,Stefano Moreo,block,assisted,1840,18.1,56.6,0,0,49.9,19.0,16.2,55.9,0.0
13981484,Pisa,M'Bala Nzola,miss,assisted,1652,8.6,52.6,0,0,66.9,6.9,,,
13981484,Hellas Verona,Fallou Cham,miss,fast-break,1293,15.0,63.6,0,0,41.5,1.4,,,
13981484,Hellas Verona,Giovane,block,fast-break,1252,12.3,45.2,0,0,50.4,19.0,10.7,45.8,0.0
13981484,Hellas Verona,Giovane,block,fast-break,670,21.2,58.3,0,0,49.5,19.0,11.4,54.7,0.0
13981487,Atalanta,Charles De Ketelaere,miss,assisted,5001,18.2,55.2,0,0,60.5,81.9,,,
13981487,Atalanta,Marten de Roon,save,regular,4824,14.2,47.2,0,0,46.6,7.0,1.4,50.5,0.0
13981487,Atalanta,Davide Zappacosta,post,assisted,4822,7.9,62.8,0,0,55.2,8.9,,,
13981487,Lazio,Matías Vecino,block,assisted,4714,23.8,33.3,0,0,51.4,19.0,19.2,36.3,0.0
13981487,Atalanta,Nikola Krstović,block,assisted,4435,6.5,68.9,0,0,50.0,19.0,5.5,66.1,0.0
13981487,Atalanta,Lorenzo Bernasconi,block,assisted,4349,21.2,48.3,0,0,49.2,19.0,17.5,48.7,0.0
13981487,Atalanta,Nikola Krstović,save,corner,4299,8.2,54.6,0,0,54.0,33.5,1.2,52.2,0.0
13981487,Atalanta,Ademola Lookman,save,assisted,4256,15.4,37.0,0,0,48.7,1.3,1.9,48.4,0.0
13981487,Atalanta,Nikola Krstović,save,assisted,4036,10.2,65.8,0,0,47.7,14.6,2.7,56.1,0.0
13981487,Atalanta,Davide Zappacosta,miss,corner,3941,20.3,72.4,0,0,35.5,97.2,,,
13981487,Lazio,Nuno Tavares,miss,free-kick,3781,23.8,68.1,0,0,48.7,81.9,,,
13981487,Atalanta,Honest Ahanor,miss,corner,3618,2.3,46.9,0,0,60.0,6.9,,,
13981487,Atalanta,Mario Pašalić,miss,corner,3617,4.5,54.8,0,0,59.2,2.8,1.9,46.4,0.0
13981487,Atalanta,Davide Zappacosta,block,assisted,3580,4.2,64.2,0,0,47.1,19.0,2.5,59.7,0.0
13981487,Atalanta,Éderson,save,assisted,3375,18.7,48.3,0,0,50.3,1.9,1.8,49.8,0.0
13981487,Atalanta,Ademola Lookman,miss,assisted,2996,4.6,49.9,0,0,53.4,52.8,,,
13981487,Atalanta,Kamaldeen Sulemana,miss,assisted,2758,7.5,50.9,0,0,98.0,5.6,7.0,27.6,0.0
13981487,Atalanta,Davide Zappacosta,save,assisted,2547,15.4,67.8,0,0,46.1,1.3,2.5,52.9,0.0
13981487,Lazio,Mattéo Guendouzi,miss,fast-break,2296,13.6,58.8,0,0,43.9,55.6,,,
13981487,Lazio,Toma Bašić,save,free-kick,1837,27.4,54.8,0,0,46.6,17.7,2.3,50.2,0.0
13981495,Cagliari,Gianluca Gaetano,miss,free-kick,5609,26.8,52.8,0,0,41.5,51.4,,,
13981495,Cagliari,Gianluca Gaetano,save,free-kick,5532,30.2,42.3,0,0,50.2,14.6,1.6,50.0,0.0
13981495,Bologna,Tommaso Pobega,save,assisted,5018,5.1,60.5,0,0,48.7,3.8,2.3,56.0,0.0
13981495,Bologna,Riccardo Orsolini,goal,assisted,4785,21.2,70.2,0,0,45.7,22.2,,,
13981495,Cagliari,Sebastiano Luperto,save,set-piece,4628,10.7,51.6,0,0,50.0,17.1,0.90000000000001,50.9,0.0
13981495,Bologna,Riccardo Orsolini,miss,assisted,4449,13.4,69.9,0,0,84.9,16.7,7.0,48.4,0.0
13981495,Bologna,Nicolò Cambiaghi,save,corner,2991,18.2,26.0,0,0,51.1,2.5,1.4,48.4,0.0
13981495,Bologna,Jens Odgaard,save,assisted,2702,22.0,26.0,0,0,51.3,20.9,3.7,46.6,0.0
13981495,Cagliari,Mattia Felici,save,assisted,2491,21.0,40.5,0,0,47.2,0.6,10.5,45.1,0.0
13981495,Bologna,Federico Bernardeschi,block,corner,2273,22.2,66.7,0,0,49.6,19.0,20.8,65.7,0.0
13981495,Bologna,Emil Holm,goal,corner,1810,4.6,50.8,0,0,48.4,17.7,,,
13981495,Bologna,Federico Bernardeschi,save,assisted,1774,29.9,54.3,0,0,48.5,30.4,1.5,50.9,0.0
13981495,Bologna,Lewis Ferguson,save,assisted,1742,17.9,49.6,0,0,50.6,2.5,1.1,49.8,0.0
13981495,Bologna,Jens Odgaard,miss,assisted,1225,11.3,23.3,0,0,56.0,88.9,,,
13981486,Fiorentina,Marin Pongračić,miss,regular,5814,25.3,60.9,0,0,35.8,81.9,,,
13981486,Milan,Youssouf Fofana,block,regular,5661,14.5,48.7,0,0,51.1,19.0,11.6,48.7,0.0
13981486,Fiorentina,Dodô,block,assisted,5323,9.1,64.6,0,0,49.0,19.0,7.2,61.8,0.0
13981486,Milan,Rafael Leão,goal,penalty,5148,11.5,50.0,0,0,52.6,1.9,,,
13981486,Milan,Santiago Giménez,block,assisted,4836,12.9,44.6,0,0,52.8,19.0,11.0,45.0,0.0
13981486,Milan,Matteo Gabbia,miss,corner,4571,9.1,45.6,0,0,60.7,20.8,,,
13981486,Milan,Santiago Giménez,save,assisted,4525,9.1,48.9,0,0,49.4,25.9,1.4,49.8,0.0
13981486,Fiorentina,Dodô,miss,assisted,4459,22.9,58.3,0,0,50.4,61.1,,,
13981486,Milan,Youssouf Fofana,miss,assisted,4289,29.0,39.7,0,0,43.2,84.7,,,
13981486,Milan,Youssouf Fofana,save,assisted,4233,9.1,57.5,0,0,49.4,25.3,0.59999999999999,52.5,0.0
13981486,Milan,Santiago Giménez,miss,set-piece,4181,11.3,44.6,0,0,59.2,23.6,,,
13981486,Milan,Rafael Leão,goal,assisted,3737,24.1,40.1,0,0,46.6,5.7,,,
13981486,Milan,Fikayo Tomori,block,assisted,3538,15.0,61.3,0,0,50.9,19.0,7.1,54.9,0.0
13981486,Fiorentina,Robin Gosens,goal,corner,3296,1.2,48.7,0,0,51.4,23.4,,,
13981486,Fiorentina,Hans Nicolussi Caviglia,miss,assisted,3145,27.9,46.2,0,0,59.3,11.1,,,
13981486,Milan,Alexis Saelemaekers,miss,assisted,2697,19.4,35.0,0,0,35.1,91.7,,,
13981486,Milan,Zachary Athekame,miss,assisted,2475,22.5,68.5,0,0,66.6,31.9,,,
13981486,Milan,Strahinja Pavlović,miss,set-piece,1201,7.4,48.5,0,0,49.7,76.4,,,
13981486,Milan,Fikayo Tomori,miss,set-piece,260,11.4,44.8,0,0,60.3,87.5,,,
13981490,Sassuolo,Nicholas Pierini,block,regular,5610,19.6,39.5,0,0,50.5,19.0,11.8,43.5,0.0
13981490,Sassuolo,Walid Cheddira,block,assisted,5608,13.9,35.9,0,0,51.8,19.0,11.6,37.9,0.0
13981490,Sassuolo,Kristian Thorstvedt,block,throw-in-set-piece,5402,10.6,31.3,0,0,48.5,19.0,9.0,34.3,0.0
13981490,Lecce,Kialonda Gaspar,miss,corner,4945,5.7,55.6,0,0,45.7,91.7,,,
13981490,Lecce,Þórir Jóhann Helgason,save,fast-break,4525,18.8,55.0,0,0,53.5,12.7,3.7,51.4,0.0
13981490,Lecce,Medon Berisha,miss,assisted,4188,25.6,45.0,0,0,29.9,73.6,,,
13981490,Sassuolo,Andrea Pinamonti,miss,assisted,3939,28.7,49.1,0,0,34.8,34.7,,,
13981490,Sassuolo,Domenico Berardi,miss,regular,3780,8.8,34.4,0,0,38.5,1.4,,,
13981490,Sassuolo,Domenico Berardi,save,regular,3778,6.5,32.8,0,0,49.7,2.5,3.1,41.0,0.0
13981490,Lecce,Tiago Gabriel,block,corner,3105,9.1,53.2,0,0,50.0,19.0,7.2,52.5,0.0
13981490,Lecce,Nikola Štulić,block,assisted,2473,10.0,60.3,0,0,49.8,19.0,8.4,58.7,0.0
13981490,Lecce,Medon Berisha,miss,regular,2397,27.3,45.1,0,0,44.9,72.2,,,
13981490,Lecce,Nikola Štulić,miss,assisted,2213,20.7,57.7,0,0,57.0,5.6,,,
13981490,Lecce,Tete Morente,block,assisted,2064,21.0,47.2,0,0,52.3,19.0,17.3,47.3,0.0
13981490,Lecce,Santiago Pierotti,miss,corner,1821,10.5,48.9,0,0,41.5,18.1,3.2,55.2,0.0
13981490,Sassuolo,Kristian Thorstvedt,miss,corner,1367,8.7,42.6,0,0,38.0,9.7,5.0,52.2,0.0
13981490,Sassuolo,Aster Vranckx,miss,assisted,1286,20.6,33.8,0,0,36.6,4.2,11.9,48.4,0.0
13981490,Sassuolo,Armand Laurienté,save,assisted,1045,26.6,23.1,0,0,54.2,3.2,1.6,48.9,0.0
13981490,Lecce,Danilo Veiga,save,assisted,774,8.1,66.5,0,0,45.7,2.5,0.90000000000001,52.2,0.0
13981490,Lecce,Ylber Ramadani,miss,assisted,193,20.4,60.5,0,0,59.7,47.2,,,
13981491,Udinese,Jesper Karlström,block,corner,5548,7.5,34.3,0,0,48.9,19.0,2.4,45.7,0.0
13981491,Cremonese,Jamie Vardy,block,assisted,5437,13.1,41.3,0,0,49.2,19.0,9.6,43.9,0.0
13981491,Udinese,Oumar Solet,miss,assisted,5082,19.8,43.0,0,0,48.2,90.3,,,
13981491,Udinese,Keinan Davis,miss,fast-break,4776,5.5,30.3,0,0,41.2,2.8,,,
13981491,Cremonese,Franco Vázquez,post,free-kick,4694,22.2,36.4,0,0,55.4,4.4,,,
13981491,Udinese,Arthur Atta,miss,free-kick,4368,22.9,39.5,0,0,52.9,61.1,,,
13981491,Udinese,Jakub Piotrowski,block,assisted,4000,10.3,53.9,0,0,48.3,19.0,7.2,53.2,0.0
13981491,Udinese,Vakoun Bayo,miss,regular,3624,5.4,45.8,0,0,57.3,9.7,,,
13981491,Cremonese,Jamie Vardy,save,fast-break,3540,10.8,37.6,0,0,51.6,15.2,7.1,42.1,0.0
13981491,Cremonese,Martín Payero,miss,assisted,3280,26.0,45.0,0,0,61.3,2.8,,,
13981491,Udinese,Nicolò Zaniolo,goal,assisted,3012,4.9,40.0,0,0,46.1,22.8,,,
13981491,Cremonese,Federico Bonazzoli,miss,regular,2627,22.8,66.3,0,0,47.1,70.8,,,
13981491,Cremonese,Jari Vandeputte,miss,assisted,2477,18.8,68.3,0,0,59.7,22.2,,,
13981491,Cremonese,Federico Bonazzoli,post,regular,1860,13.0,44.2,0,0,52.4,39.9,,,
13981491,Cremonese,Alessio Zerbin,save,set-piece,1842,20.5,59.1,0,0,50.1,5.7,1.0,50.4,0.0
13981491,Cremonese,Alessio Zerbin,block,corner,1624,14.5,58.3,0,0,46.8,19.0,7.5,56.1,0.0
13981491,Cremonese,Matteo Bianchetti,save,corner,1623,8.5,46.4,0,0,52.2,19.0,6.4,46.7,0.0
13981491,Udinese,Arthur Atta,miss,assisted,1295,11.1,35.8,0,0,51.1,84.7,,,
13981491,Cremonese,Filippo Terracciano,goal,set-piece,223,5.2,48.3,0,0,50.6,32.3,,,
13981494,Genoa,Johan Vásquez,miss,corner,5844,10.1,45.7,0,0,67.4,29.2,,,
13981494,Genoa,Maxwel Cornet,save,penalty,5763,11.5,50.0,0,0,52.9,6.3,0.7,50.5,0.0
13981494,Genoa,Valentín Carboni,block,assisted,4996,10.2,64.6,0,0,48.2,19.0,7.5,61.2,0.0
13981494,Genoa,Jeff Ekhator,save,assisted,4909,7.1,50.5,0,0,53.0,15.2,1.0,49.6,0.0
13981494,Genoa,Ruslan Malinovskyi,miss,regular,4547,24.7,44.4,0,0,50.4,91.7,,,
13981494,Genoa,Ruslan Malinovskyi,miss,set-piece,4402,24.9,31.5,0,0,59.5,90.3,,,
13981494,Genoa,Ruslan Malinovskyi,block,free-kick,4400,24.1,40.3,0,0,50.1,19.0,14.2,44.2,0.0
13981494,Genoa,Mikael Ellertsson,miss,regular,4068,12.9,46.8,0,0,40.8,65.3,,,
13981494,Genoa,Patrizio Masini,save,assisted,3788,24.8,69.5,0,0,51.9,6.3,1.8,52.5,0.0
13981494,Genoa,Mikael Ellertsson,block,assisted,3756,9.1,45.2,0,0,52.2,19.0,7.5,45.7,0.0
13981494,Genoa,Ruslan Malinovskyi,save,assisted,3750,20.7,58.5,0,0,53.8,1.9,1.2,50.2,0.0
13981494,Genoa,Morten Frendrup,miss,regular,3213,24.7,45.0,0,0,29.6,79.2,,,
13981494,Genoa,Vitinha,block,assisted,3212,12.9,51.5,0,0,48.9,19.0,11.1,51.4,0.0
13981494,Genoa,Caleb Ekuban,miss,assisted,3016,9.4,36.0,0,0,65.9,23.6,,,
13981494,Genoa,Valentín Carboni,save,set-piece,2856,18.8,65.8,0,0,48.1,10.1,0.90000000000001,51.6,0.0
13981494,Genoa,Ruslan Malinovskyi,save,free-kick,2846,25.5,43.5,0,0,46.4,15.8,0.7,51.6,0.0
13981494,Genoa,Johan Vásquez,miss,throw-in-set-piece,2716,20.0,45.8,0,0,45.4,93.1,,,
13981494,Genoa,Johan Vásquez,block,throw-in-set-piece,2715,25.3,46.2,0,0,53.7,19.0,23.3,46.2,0.0
13981494,Genoa,Ruslan Malinovskyi,block,throw-in-set-piece,2713,19.5,58.7,0,0,49.5,19.0,17.5,58.1,0.0
13981494,Genoa,Patrizio Masini,block,corner,1654,4.2,57.2,0,0,46.9,19.0,2.9,56.0,0.0
13981494,Genoa,Vitinha,save,set-piece,1624,7.3,58.5,0,0,46.8,12.7,0.0,52.3,0.0
13981494,Genoa,Caleb Ekuban,miss,assisted,983,20.1,43.2,0,0,39.0,72.2,,,
13981494,Parma,Patrick Cutrone,miss,assisted,513,17.3,35.2,0,0,41.0,4.2,,,
13981494,Genoa,Caleb Ekuban,miss,regular,307,19.3,40.0,0,0,63.5,13.9,,,
13981497,Como,Anastasios Douvikas,miss,assisted,5640,10.7,54.8,0,0,48.2,83.3,,,
13981497,Parma,Hernani,block,set-piece,5261,19.0,50.5,0,0,51.1,19.0,17.3,50.4,0.0
13981497,Parma,Sascha Britschgi,miss,set-piece,5259,24.0,35.4,0,0,34.6,9.7,12.9,48.9,0.0
13981497,Como,Anastasios Douvikas,save,assisted,5059,9.2,49.7,0,0,50.6,22.8,0.7,49.3,0.0
13981497,Parma,Patrick Cutrone,block,throw-in-set-piece,4885,11.7,28.9,0,0,51.7,19.0,11.0,26.2,0.0
13981497,Parma,Enrico Delprato,save,set-piece,4808,7.7,55.5,0,0,50.2,22.8,4.9,54.2,0.0
13981497,Como,Lucas Da Cunha,save,assisted,3074,15.8,47.2,0,0,54.1,5.7,0.2,48.4,0.0
13981497,Como,Álvaro Morata,miss,assisted,2587,4.6,44.6,0,0,52.8,75.0,,,
13981497,Parma,Lautaro Valenti,save,set-piece,2391,20.4,26.4,0,0,51.3,2.5,2.4,46.4,0.0
13981497,Parma,Adrián Bernabé,miss,assisted,2110,6.7,65.2,0,0,52.3,63.9,,,
13981497,Como,Nico Paz,miss,assisted,1976,25.1,38.2,0,0,58.8,18.1,0.3,42.2,0.0
13981497,Como,Lucas Da Cunha,block,assisted,1279,27.3,43.9,0,0,50.4,19.0,18.0,45.8,0.0
13981497,Parma,Adrián Bernabé,block,set-piece,1167,10.5,73.4,0,0,49.7,19.0,9.6,70.2,0.0
13981497,Parma,Lautaro Valenti,miss,assisted,856,29.4,36.9,0,0,57.8,77.8,,,
13981497,Parma,Patrick Cutrone,save,throw-in-set-piece,758,3.2,40.0,0,0,52.3,4.4,1.8,44.0,0.0
13981497,Parma,Patrick Cutrone,post,throw-in-set-piece,751,8.0,44.7,0,0,53.3,39.2,,,
13981492,Genoa,Maxwel Cornet,save,assisted,5737,7.3,52.4,0,0,50.0,3.8,1.0,51.3,0.0
13981492,Genoa,Mikael Ellertsson,block,throw-in-set-piece,5722,27.8,49.1,0,0,47.6,8.3,19.3,50.0,0.0
13981492,Genoa,Caleb Ekuban,save,set-piece,5683,8.8,46.8,0,0,49.5,21.5,4.2,48.6,0.0
13981492,Torino,Guillermo Maripán,goal,corner,5379,8.6,47.9,0,0,48.1,36.1,,,
13981492,Genoa,Lorenzo Colombo,miss,assisted,5292,10.1,59.5,0,0,42.0,80.6,,,
13981492,Torino,Duván Zapata,block,assisted,5151,19.3,34.6,0,0,51.5,19.0,17.5,35.9,0.0
13981492,Torino,Cesare Casadei,miss,assisted,5024,4.3,51.7,0,0,43.0,66.7,,,
13981492,Torino,Cesare Casadei,save,assisted,4983,14.2,51.7,0,0,51.9,35.4,1.4,48.4,0.0
13981492,Torino,Saúl Coco,block,free-kick,4835,29.0,51.3,0,0,50.8,19.0,20.8,50.7,0.0
13981492,Torino,Cyril Ngonge,save,corner,4480,21.3,64.4,0,0,51.5,29.1,1.1,50.7,0.0
13981492,Genoa,Ruslan Malinovskyi,miss,assisted,4376,13.0,35.2,0,0,42.2,69.4,,,
13981492,Torino,Cyril Ngonge,save,assisted,4257,4.0,45.0,0,0,48.2,15.2,1.0,47.7,0.0
13981492,Torino,Valentino Lazaro,block,assisted,4249,15.1,53.9,0,0,47.6,4.2,13.3,53.4,0.0
13981492,Genoa,Morten Thorsby,block,assisted,4030,12.8,37.4,0,0,48.8,19.0,7.7,42.2,0.0
13981492,Torino,Stefano Sabelli,goal,regular,3751,7.1,45.6,0,0,54.3,16.5,,,
13981492,Torino,Giovanni Simeone,miss,assisted,3487,15.0,54.2,0,0,42.9,13.9,5.0,55.4,0.0
13981492,Torino,Guillermo Maripán,save,corner,3448,8.9,47.0,0,0,52.8,5.1,1.0,48.4,0.0
13981492,Genoa,Jeff Ekhator,block,fast-break,3353,19.7,56.4,0,0,50.1,19.0,17.6,55.7,0.0
13981492,Torino,Saúl Coco,miss,throw-in-set-piece,2735,10.7,56.0,0,0,60.3,25.0,,,
13981492,Torino,Guillermo Maripán,save,set-piece,2302,3.3,42.7,0,0,50.4,6.3,2.1,44.5,0.0
13981492,Torino,Kristjan Asllani,block,free-kick,2298,19.5,43.2,0,0,49.7,19.0,11.8,46.0,0.0
13981492,Genoa,Jeff Ekhator,miss,assisted,1165,13.3,53.0,0,0,48.1,84.7,,,
13981492,Genoa,Morten Thorsby,miss,assisted,1145,11.4,44.6,0,0,47.2,56.9,,,
13981492,Genoa,Ruslan Malinovskyi,miss,free-kick,1049,29.7,76.7,0,0,42.5,8.3,,,
13981492,Genoa,Morten Thorsby,goal,regular,418,5.2,47.2,0,0,50.4,3.8,,,
13981502,Fiorentina,Dodô,miss,set-piece,5895,3.5,58.9,0,0,42.4,25.0,,,
13981502,Fiorentina,Roberto Piccoli,save,set-piece,5894,9.6,44.7,0,0,47.9,20.3,2.5,48.6,0.0
13981502,Fiorentina,Moise Kean,goal,penalty,5629,11.5,50.0,0,0,46.9,19.0,,,
13981502,Fiorentina,Moise Kean,block,assisted,5435,9.2,44.0,0,0,52.1,19.0,7.0,44.9,0.0
13981502,Fiorentina,Luca Ranieri,block,regular,4924,23.6,36.3,0,0,51.2,19.0,22.3,37.0,0.0
13981502,Fiorentina,Albert Guðmundsson,block,set-piece,4757,5.4,32.7,0,0,53.7,19.0,3.8,36.6,0.0
13981502,Fiorentina,Marin Pongračić,miss,set-piece,4756,10.7,53.1,0,0,70.9,8.3,4.5,34.8,0.0
13981502,Fiorentina,Albert Guðmundsson,goal,penalty,4380,11.5,50.0,0,0,54.2,0.6,,,
13981502,Fiorentina,Moise Kean,save,set-piece,4274,4.8,48.9,0,0,46.8,19.0,0.7,52.9,0.0
13981502,Fiorentina,Edin Džeko,block,set-piece,4272,9.1,38.9,0,0,50.0,19.0,2.7,46.7,0.0
13981502,Bologna,Giovanni Fabbian,miss,assisted,3932,7.3,53.2,0,0,68.2,29.2,1.8,27.6,0.0
13981502,Fiorentina,Abdelhamid Sabiri,miss,assisted,3880,28.6,57.9,0,0,52.8,84.7,,,
13981502,Bologna,Santiago Castro,block,fast-break,3563,30.9,48.5,0,0,52.5,19.0,21.4,48.2,0.0
13981502,Fiorentina,Moise Kean,save,assisted,3445,19.1,57.0,0,0,48.4,8.9,1.9,51.8,0.0
13981502,Bologna,Nicolò Cambiaghi,goal,assisted,3062,5.2,52.6,0,0,52.2,1.3,,,
13981502,Fiorentina,Moise Kean,save,regular,2722,5.1,60.3,0,0,49.0,12.7,4.4,58.5,0.0
13981502,Fiorentina,Moise Kean,block,assisted,2719,12.2,62.4,0,0,50.1,19.0,8.9,59.0,0.0
13981502,Fiorentina,Dodô,miss,set-piece,2373,5.8,65.4,0,0,38.7,12.5,,,
13981502,Fiorentina,Rolando Mandragora,save,free-kick,2371,27.1,64.8,0,0,47.2,20.9,1.5,51.8,0.0
13981502,Bologna,Nicolò Cambiaghi,miss,assisted,1928,14.5,26.8,0,0,38.0,50.0,,,
13981502,Fiorentina,Luca Ranieri,miss,corner,1790,2.6,55.8,0,0,47.6,88.9,,,
13981502,Fiorentina,Rolando Mandragora,miss,corner,1789,8.3,49.1,0,0,40.8,9.7,2.8,57.2,0.0
13981502,Bologna,Santiago Castro,goal,corner,1496,10.5,42.5,0,0,46.2,31.6,,,
13981502,Bologna,Juan Miranda,save,assisted,1022,30.1,33.3,0,0,48.8,32.3,1.9,47.7,0.0
13981502,Fiorentina,Robin Gosens,miss,corner,675,4.3,45.6,0,0,49.7,87.5,,,
13981500,Juventus,Khéphren Thuram,save,assisted,5618,8.8,40.9,0,0,52.0,17.7,2.5,47.7,0.0
13981500,Juventus,Manuel Locatelli,block,regular,5558,17.9,48.3,0,0,53.6,19.0,11.9,47.7,0.0
13981500,Lazio,Pedro,miss,throw-in-set-piece,4954,12.9,34.0,0,0,57.3,45.8,,,
13981500,Lazio,Gustav Isaksen,miss,assisted,4697,9.4,64.4,0,0,63.2,18.1,,,
13981500,Lazio,Mattia Zaccagni,miss,assisted,4618,6.1,60.2,0,0,36.0,2.8,,,
13981500,Juventus,Khéphren Thuram,save,corner,4470,8.5,48.1,0,0,48.7,22.2,1.6,50.2,0.0
13981500,Juventus,Kenan Yıldız,save,assisted,4305,9.8,51.5,0,0,49.6,22.8,1.6,50.7,0.0
13981500,Juventus,Dušan Vlahović,miss,assisted,4212,10.1,56.4,0,0,38.3,13.9,,,
13981500,Lazio,Boulaye Dia,save,regular,3867,9.4,29.4,0,0,54.1,7.0,0.59999999999999,47.3,0.0
13981500,Juventus,Jonathan David,block,assisted,3787,12.9,35.0,0,0,48.0,19.0,11.1,37.4,0.0
13981500,Lazio,Toma Bašić,save,assisted,3713,12.6,55.1,0,0,50.9,22.8,1.0,52.7,0.0
13981500,Lazio,Mattéo Guendouzi,block,regular,3587,21.6,39.5,0,0,54.5,19.0,17.6,40.6,0.0
13981500,Lazio,Mattia Zaccagni,block,regular,3584,13.8,44.8,0,0,49.3,19.0,11.8,45.7,0.0
13981500,Lazio,Mattia Zaccagni,block,assisted,3581,22.3,47.8,0,0,48.8,19.0,13.8,49.1,0.0
13981500,Lazio,Danilo Cataldi,miss,assisted,3474,19.2,67.5,0,0,45.5,84.7,,,
13981500,Juventus,Manuel Locatelli,save,assisted,2872,23.4,50.1,0,0,48.8,7.6,2.5,49.6,0.0
13981500,Juventus,Teun Koopmeiners,block,free-kick,2696,23.7,77.4,0,0,50.3,19.0,9.7,61.0,0.0
13981500,Juventus,Dušan Vlahović,miss,assisted,2305,9.7,49.3,0,0,61.2,16.7,0.7,43.0,0.0
13981500,Juventus,Francisco Conceição,miss,set-piece,2104,13.8,70.1,0,0,59.7,81.9,,,
13981500,Juventus,Jonathan David,save,assisted,2029,7.7,34.2,0,0,52.3,2.5,5.7,37.7,0.0
13981500,Lazio,Gustav Isaksen,miss,regular,1879,5.7,56.1,0,0,96.6,20.8,4.5,50.4,0.0
13981500,Lazio,Gustav Isaksen,block,regular,1876,9.2,55.6,0,0,47.7,19.0,8.0,55.6,0.0
13981500,Lazio,Mattéo Guendouzi,miss,regular,1874,13.6,64.6,0,0,65.4,1.4,4.5,47.5,0.0
13981500,Juventus,Andrea Cambiaso,miss,assisted,1262,4.2,36.8,0,0,57.8,13.9,,,
13981500,Juventus,Weston McKennie,miss,assisted,976,12.6,49.5,0,0,37.5,55.6,,,
13981500,Juventus,Dušan Vlahović,block,assisted,714,5.0,50.5,0,0,50.3,19.0,2.9,50.2,0.0
13981500,Lazio,Toma Bašić,goal,assisted,515,24.0,44.5,0,0,46.7,4.4,,,
13981496,Roma,Lorenzo Pellegrini,save,set-piece,5708,13.0,60.3,0,0,47.7,14.6,1.6,52.2,0.0
13981496,Roma,Lorenzo Pellegrini,save,assisted,5532,22.2,38.5,0,0,46.2,20.3,1.9,49.5,0.0
13981496,Sassuolo,Walid Cheddira,block,throw-in-set-piece,5436,7.3,67.1,0,0,52.2,19.0,6.6,65.2,0.0
13981496,Roma,Wesley,miss,assisted,4945,8.9,35.0,0,0,40.2,9.7,,,
13981496,Roma,Zeki Çelik,miss,assisted,4787,8.0,50.3,0,0,48.6,68.1,,,
13981496,Roma,Wesley,block,corner,4587,16.1,43.6,0,0,51.1,16.7,4.6,48.4,0.0
13981496,Roma,Wesley,save,assisted,4532,4.6,31.3,0,0,52.6,20.9,1.1,43.3,0.0
13981496,Roma,Lorenzo Pellegrini,post,assisted,4039,7.1,56.4,0,0,44.6,13.3,,,
13981496,Sassuolo,Andrea Pinamonti,miss,assisted,3818,7.4,57.5,0,0,32.6,4.2,,,
13981496,Roma,Zeki Çelik,save,fast-break,3419,12.3,72.8,0,0,47.3,17.1,2.0,56.3,0.0
13981496,Sassuolo,Andrea Pinamonti,miss,corner,3191,10.1,68.5,0,0,62.2,4.2,,,
13981496,Sassuolo,Nemanja Matić,miss,corner,3185,15.6,63.0,0,0,62.5,8.3,12.8,56.3,0.0
13981496,Sassuolo,Ismael Koné,miss,assisted,3072,23.7,60.5,0,0,64.7,4.2,,,
13981496,Sassuolo,Kristian Thorstvedt,block,assisted,2734,7.4,66.6,0,0,48.6,19.0,6.4,64.6,0.0
13981496,Roma,Paulo Dybala,miss,free-kick,2355,23.4,69.0,0,0,43.0,19.4,,,
13981496,Roma,Bryan Cristante,save,assisted,1956,15.6,37.1,0,0,52.3,5.7,13.7,38.8,0.0
13981496,Roma,Neil El Aynaoui,save,assisted,1869,28.8,48.5,0,0,48.7,9.5,2.3,49.8,0.0
13981496,Sassuolo,Kristian Thorstvedt,miss,corner,1579,6.9,49.3,0,0,62.7,2.8,,,
13981496,Sassuolo,Sebastian Walukiewicz,block,corner,1547,25.5,71.7,0,0,49.4,19.0,12.1,60.7,0.0
13981496,Roma,Paulo Dybala,goal,regular,919,14.1,54.8,0,0,47.5,24.1,,,
13981496,Roma,Bryan Cristante,save,assisted,917,14.0,39.4,0,0,49.4,10.1,2.3,48.7,0.0
13981496,Roma,Konstantinos Tsimikas,miss,corner,883,18.5,46.8,0,0,48.9,88.9,,,
13981496,Roma,Bryan Cristante,miss,assisted,691,8.2,69.0,0,0,50.1,70.8,,,
13981496,Sassuolo,Filippo Romagna,miss,corner,402,21.0,28.5,0,0,42.0,80.6,,,
13981496,Sassuolo,Alieu Fadera,save,assisted,382,18.8,56.1,0,0,52.8,12.7,1.2,51.4,0.0
13981496,Sassuolo,Kristian Thorstvedt,miss,assisted,264,7.6,49.7,0,0,66.7,11.1,,,
13981498,Inter,Francesco Pio Esposito,miss,assisted,5658,9.9,48.7,0,0,46.7,75.0,,,
13981498,Inter,Luís Henrique,miss,corner,5224,20.7,68.9,0,0,41.0,13.9,,,
13981498,Inter,Lautaro Martínez,block,assisted,5160,11.2,38.7,0,0,52.0,19.0,9.6,40.1,0.0
13981498,Napoli,David Neres,block,fast-break,4726,15.1,48.9,0,0,49.6,19.0,13.1,49.1,0.0
13981498,Inter,Piotr Zieliński,block,assisted,4681,25.0,50.5,0,0,51.1,19.0,22.8,50.4,0.0
13981498,Napoli,Frank Anguissa,goal,assisted,3959,14.8,46.8,0,0,46.7,22.2,,,
13981498,Inter,Hakan Çalhanoğlu,goal,penalty,3521,11.5,50.0,0,0,47.0,1.3,,,
13981498,Inter,Lautaro Martínez,block,set-piece,3337,10.2,49.5,0,0,50.8,19.0,8.6,49.5,0.0
13981498,Napoli,Scott McTominay,goal,fast-break,3184,16.1,63.0,0,0,54.0,7.6,,,
13981498,Inter,Hakan Çalhanoğlu,miss,assisted,2842,20.1,54.0,0,0,47.1,59.7,,,
13981498,Napoli,Leonardo Spinazzola,block,assisted,3024,21.5,27.2,0,0,48.6,19.0,18.2,30.9,0.0
13981498,Inter,Denzel Dumfries,post,throw-in-set-piece,2860,10.8,52.8,0,0,55.5,9.5,,,
13981498,Inter,Lautaro Martínez,miss,assisted,2762,8.6,58.9,0,0,57.1,2.8,,,
13981498,Inter,Hakan Çalhanoğlu,save,regular,2752,18.1,37.2,0,0,46.4,8.2,0.59999999999999,48.2,0.0
13981498,Inter,Alessandro Bastoni,post,corner,2428,9.7,50.7,0,0,45.1,39.9,,,
13981498,Napoli,Kevin De Bruyne,goal,penalty,1960,11.5,50.0,0,0,53.4,14.6,,,
13981498,Inter,Ange-Yoan Bonny,miss,assisted,1425,13.9,46.8,0,0,49.7,93.1,,,
13981498,Napoli,Billy Gilmour,miss,regular,1241,18.5,61.1,0,0,61.2,4.2,,,
13981498,Napoli,David Neres,block,corner,992,21.2,69.1,0,0,51.2,19.0,17.5,65.5,0.0
13981498,Inter,Nicolò Barella,miss,regular,847,17.5,51.1,0,0,38.2,13.9,,,
13981498,Inter,Lautaro Martínez,save,assisted,843,13.4,54.1,0,0,48.3,20.9,6.3,52.5,0.0
13981498,Inter,Hakan Çalhanoğlu,miss,assisted,772,26.0,54.2,0,0,41.3,6.9,,,
13981499,Milan,Alexis Saelemaekers,miss,assisted,5897,10.4,37.8,0,0,41.7,6.9,,,
13981499,Milan,Youssouf Fofana,block,set-piece,5822,13.0,57.9,0,0,48.5,19.0,10.4,56.6,0.0
13981499,Pisa,Juan Cuadrado,block,assisted,5648,18.1,63.6,0,0,51.2,19.0,16.2,62.1,0.0
13981499,Milan,Zachary Athekame,goal,corner,5555,25.6,62.2,0,0,46.3,7.6,,,
13981499,Milan,Rafael Leão,save,assisted,5386,10.2,50.5,0,0,47.8,2.5,1.6,50.5,0.0
13981499,Pisa,M'Bala Nzola,goal,assisted,5106,13.9,48.5,0,0,50.9,0.6,,,
13981499,Milan,Christopher Nkunku,block,fast-break,4679,10.7,44.0,0,0,48.6,19.0,8.5,45.5,0.0
13981499,Milan,Matteo Gabbia,miss,corner,4197,8.5,37.4,0,0,62.0,23.6,,,
13981499,Milan,Alexis Saelemaekers,save,corner,4164,26.9,57.3,0,0,48.3,25.3,1.4,49.5,0.0
13981499,Milan,Matteo Gabbia,save,corner,4161,7.4,40.9,0,0,49.7,17.1,1.1,47.8,0.0
13981499,Milan,Samuele Ricci,block,assisted,3981,20.1,66.0,0,0,50.4,19.0,18.6,64.8,0.0
13981499,Milan,Davide Bartesaghi,block,set-piece,3923,26.2,49.8,0,0,50.1,19.0,21.2,49.8,0.0
13981499,Milan,Rafael Leão,post,assisted,3821,12.8,47.1,0,0,52.1,39.2,,,
13981499,Milan,Alexis Saelemaekers,miss,assisted,3631,18.1,66.9,0,0,59.0,45.8,,,
13981499,Pisa,Juan Cuadrado,goal,penalty,3548,11.5,50.0,0,0,52.5,17.7,,,
13981499,Pisa,Juan Cuadrado,block,assisted,3377,23.1,32.3,0,0,49.7,19.0,13.8,39.5,0.0
13981499,Pisa,Antonio Caracciolo,block,assisted,3226,31.6,37.2,0,0,51.1,19.0,24.4,39.9,0.0
13981499,Milan,Santiago Giménez,miss,assisted,2944,7.3,41.5,0,0,59.3,5.6,,,
13981499,Pisa,Matteo Tramoni,miss,set-piece,2738,23.7,33.8,0,0,49.2,62.5,,,
13981499,Milan,Luka Modrić,miss,assisted,2484,22.9,62.8,0,0,46.7,70.8,,,
13981499,Milan,Youssouf Fofana,save,assisted,2341,23.4,50.9,0,0,53.7,9.5,1.9,50.9,0.0
13981499,Milan,Koni De Winter,miss,assisted,1626,22.0,66.1,0,0,61.0,59.7,,,
13981499,Pisa,Ebenezer Akinsanmiro,miss,assisted,1449,22.6,62.2,0,0,42.0,79.2,,,
13981499,Milan,Davide Bartesaghi,save,set-piece,1412,22.0,47.9,0,0,50.8,8.2,1.1,50.2,0.0
13981499,Milan,Rafael Leão,block,assisted,1226,13.5,43.0,0,0,48.6,19.0,8.6,46.0,0.0
13981499,Pisa,Giovanni Bonfanti,miss,corner,1076,8.9,75.0,0,0,47.7,73.6,,,
13981499,Milan,Samuele Ricci,miss,assisted,588,25.4,53.6,0,0,62.9,4.2,,,
13981499,Milan,Rafael Leão,goal,set-piece,381,18.9,21.5,0,0,45.8,10.1,,,
13981493,Lecce,Konan N'Dri,goal,corner,5720,20.1,67.4,0,0,52.9,25.3,,,
13981493,Udinese,Adam Buksa,goal,fast-break,5289,8.2,41.1,0,0,46.4,6.3,,,
13981493,Lecce,Alex Sala,save,regular,5243,22.2,47.6,0,0,54.2,32.3,1.6,49.6,0.0
13981493,Lecce,Santiago Pierotti,miss,assisted,4828,13.0,50.0,0,0,57.1,22.2,,,
13981493,Udinese,Vakoun Bayo,miss,assisted,4772,9.7,46.3,0,0,66.7,22.2,,,
13981493,Lecce,Konan N'Dri,miss,assisted,4455,19.5,69.7,0,0,60.7,27.8,,,
13981493,Lecce,Santiago Pierotti,block,assisted,4447,24.8,50.2,0,0,49.9,19.0,20.6,50.2,0.0
13981493,Lecce,Medon Berisha,goal,free-kick,3520,25.8,27.7,0,0,53.3,21.5,,,
13981493,Lecce,Medon Berisha,block,assisted,3329,24.1,48.2,0,0,51.1,19.0,18.1,48.4,0.0
13981493,Lecce,Medon Berisha,miss,assisted,2833,24.7,65.4,0,0,42.7,22.2,2.3,63.2,0.0
13981493,Udinese,Oumar Solet,block,corner,2800,13.0,46.4,0,0,49.7,19.0,11.2,46.9,0.0
13981493,Lecce,Nikola Štulić,miss,regular,2530,23.8,87.8,0,0,43.0,8.3,,,
13981493,Lecce,Medon Berisha,miss,assisted,2384,22.0,62.8,0,0,60.7,6.9,,,
13981493,Udinese,Keinan Davis,goal,assisted,2181,7.3,49.4,0,0,49.0,11.4,,,
13981493,Lecce,Santiago Pierotti,miss,assisted,2102,19.4,49.1,0,0,47.1,55.6,,,
13981493,Lecce,Tiago Gabriel,miss,corner,1841,9.3,45.3,0,0,5.9,9.7,5.7,69.9,0.0
13981493,Lecce,Ylber Ramadani,block,assisted,1797,25.2,66.6,0,0,50.6,19.0,14.9,59.6,0.0
13981493,Udinese,Keinan Davis,save,assisted,1287,13.2,51.9,0,0,46.7,3.2,2.2,50.5,0.0
13981493,Udinese,Nicolò Zaniolo,post,assisted,1184,13.9,37.6,0,0,45.8,40.5,,,
13981493,Udinese,Jesper Karlström,goal,corner,938,2.9,34.4,0,0,50.0,3.2,,,
13981493,Udinese,Keinan Davis,block,assisted,416,11.1,72.4,0,0,53.7,19.0,9.9,69.7,0.0
13981488,Atalanta,Gianluca Scamacca,miss,assisted,5273,23.4,48.7,0,0,42.0,58.3,,,
13981488,Atalanta,Marco Brescianini,goal,regular,5017,14.7,42.7,0,0,45.5,4.4,,,
13981488,Atalanta,Gianluca Scamacca,save,assisted,5002,10.1,46.0,0,0,48.9,4.4,1.4,49.5,0.0
13981488,Cremonese,Jamie Vardy,goal,regular,4644,6.8,47.6,0,0,50.2,31.0,,,
13981488,Cremonese,Alessio Zerbin,save,assisted,4642,9.7,60.1,0,0,51.9,6.3,1.9,51.8,0.0
13981488,Atalanta,Marten de Roon,miss,corner,4332,18.1,47.9,0,0,59.0,12.5,,,
13981488,Atalanta,Lazar Samardžić,save,assisted,4269,23.1,61.3,0,0,46.2,8.2,1.9,51.6,0.0
13981488,Atalanta,Gianluca Scamacca,miss,assisted,4054,8.3,59.7,0,0,38.3,20.8,,,
13981488,Atalanta,Lazar Samardžić,miss,assisted,3941,11.9,65.6,0,0,37.6,65.3,,,
13981488,Atalanta,Ademola Lookman,block,fast-break,3835,18.2,36.0,0,0,50.2,19.0,13.3,39.7,0.0
13981488,Atalanta,Nicola Zalewski,miss,assisted,3713,9.8,29.3,0,0,36.0,68.1,,,
13981488,Atalanta,Éderson,miss,corner,3605,6.1,59.5,0,0,51.1,70.8,,,
13981488,Atalanta,Lazar Samardžić,save,assisted,3569,18.9,63.4,0,0,45.6,3.2,1.9,54.2,0.0
13981488,Atalanta,Ademola Lookman,block,assisted,3195,18.8,35.4,0,0,51.3,19.0,16.9,36.8,0.0
13981488,Atalanta,Nikola Krstović,block,regular,2997,7.7,43.2,0,0,51.5,19.0,5.8,44.5,0.0
13981488,Cremonese,Jeremy Sarmiento,save,fast-break,2737,25.3,50.7,0,0,50.4,1.3,2.4,49.6,0.0
13981488,Atalanta,Ademola Lookman,block,regular,2747,6.1,35.4,0,0,52.3,19.0,4.0,39.7,0.0
13981488,Atalanta,Ademola Lookman,block,assisted,2744,6.0,33.8,0,0,52.8,19.0,5.0,36.0,0.0
13981488,Atalanta,Charles De Ketelaere,save,assisted,2694,9.5,55.6,0,0,49.9,15.8,0.7,50.7,0.0
13981488,Atalanta,Nikola Krstović,save,fast-break,2069,21.2,36.6,0,0,46.3,1.3,4.0,47.1,0.0
13981488,Cremonese,Romano Floriani Mussolini,miss,assisted,1900,21.1,34.4,0,0,29.4,12.5,,,
13981488,Cremonese,Federico Baschirotto,miss,corner,1850,4.2,49.7,0,0,49.2,81.9,,,
13981488,Cremonese,Filippo Terracciano,miss,corner,1651,5.7,38.5,0,0,42.7,36.1,,,
13981488,Cremonese,Tommaso Barbieri,save,assisted,1605,25.4,40.9,0,0,53.0,20.9,1.5,50.2,0.0
13981488,Atalanta,Marten de Roon,block,corner,1461,16.6,43.4,0,0,49.4,19.0,10.8,45.9,0.0
13981488,Atalanta,Nikola Krstović,block,assisted,1373,7.6,51.5,0,0,52.3,19.0,2.4,48.9,0.0
13981488,Cremonese,Jari Vandeputte,save,assisted,1185,25.0,59.9,0,0,46.8,20.3,1.5,51.8,0.0
13981488,Atalanta,Éderson,block,corner,1070,23.4,51.9,0,0,53.0,19.0,15.7,50.3,0.0
13981488,Cremonese,Alessio Zerbin,miss,regular,369,18.1,63.8,0,0,40.2,62.5,,,
13981489,Cagliari,Mattia Felici,goal,assisted,5490,9.4,29.1,0,0,46.7,4.4,,,
13981489,Cagliari,Matteo Prati,block,assisted,5022,27.5,54.0,0,0,49.2,19.0,22.7,53.4,0.0
13981489,Cagliari,Riyad Idrissi,goal,assisted,4568,4.3,34.6,0,0,52.4,27.8,,,
13981489,Cagliari,Michel Adopo,block,assisted,4080,23.4,62.2,0,0,49.3,19.0,22.2,61.6,0.0
13981489,Hellas Verona,Nicolás Valentini,save,set-piece,4043,11.3,64.4,0,0,47.4,18.4,1.2,52.9,0.0
13981489,Hellas Verona,Gift Orban,goal,fast-break,3518,9.8,55.0,0,0,51.3,5.1,,,
13981489,Hellas Verona,Giovane,save,assisted,3286,4.9,53.6,0,0,49.0,20.9,1.1,51.4,0.0
13981489,Hellas Verona,Gift Orban,block,assisted,3280,10.5,40.5,0,0,50.0,19.0,5.0,45.5,0.0
13981489,Hellas Verona,Giovane,miss,assisted,2729,29.7,45.2,0,0,51.1,81.9,,,
13981489,Cagliari,Gianluca Gaetano,miss,free-kick,2330,24.6,70.5,0,0,45.9,68.1,,,
13981489,Hellas Verona,Gift Orban,save,regular,1985,5.1,47.0,0,0,51.9,18.4,1.9,48.4,0.0
13981489,Hellas Verona,Suat Serdar,save,assisted,1984,13.1,41.6,0,0,49.4,4.4,3.2,47.5,0.0
13981489,Hellas Verona,Giovane,block,assisted,1980,23.2,60.9,0,0,50.0,19.0,15.0,57.0,0.0
13981489,Hellas Verona,Suat Serdar,block,assisted,1594,21.2,58.9,0,0,49.9,19.0,16.3,56.9,0.0
13981489,Hellas Verona,Roberto Gagliardini,goal,set-piece,1360,12.8,58.1,0,0,53.9,4.4,,,
13981489,Cagliari,Gianluca Gaetano,save,regular,741,22.3,68.7,0,0,52.7,5.1,1.4,51.4,0.0
13981489,Cagliari,Gennaro Borrelli,miss,fast-break,154,12.0,36.4,0,0,48.1,58.3,,,
13981501,Atalanta,Yunus Musah,block,assisted,5269,3.9,43.2,0,0,52.8,19.0,2.7,44.5,0.0
13981501,Atalanta,Davide Zappacosta,miss,corner,5118,21.2,37.8,0,0,60.2,6.9,,,
13981501,Atalanta,Éderson,block,corner,5115,7.1,51.7,0,0,50.1,19.0,6.1,51.5,0.0
13981501,Atalanta,Davide Zappacosta,save,fast-break,5086,19.8,35.6,0,0,49.0,25.3,2.0,48.6,0.0
13981501,Atalanta,Isak Hien,miss,corner,4816,9.5,48.3,0,0,38.8,16.7,,,
13981501,Milan,Youssouf Fofana,miss,corner,4041,9.1,50.5,0,0,39.3,11.1,,,
13981501,Milan,Ruben Loftus-Cheek,block,corner,3995,8.2,60.9,0,0,48.9,19.0,6.7,59.1,0.0
13981501,Milan,Alexis Saelemaekers,block,corner,3993,14.2,58.7,0,0,51.1,19.0,6.3,53.2,0.0
13981501,Atalanta,Lorenzo Bernasconi,block,regular,3362,12.2,36.8,0,0,51.1,19.0,8.0,41.0,0.0
13981501,Atalanta,Lorenzo Bernasconi,block,assisted,3359,12.6,34.6,0,0,50.7,19.0,11.5,35.9,0.0
13981501,Milan,Santiago Giménez,miss,assisted,2781,13.3,54.0,0,0,31.9,97.2,,,
13981501,Atalanta,Davide Zappacosta,block,assisted,2504,17.9,65.0,0,0,52.0,19.0,15.5,62.7,0.0
13981501,Atalanta,Ademola Lookman,goal,assisted,2047,7.4,34.2,0,0,52.6,27.8,,,
13981501,Milan,Youssouf Fofana,block,fast-break,1986,24.8,59.7,0,0,45.3,19.0,19.7,58.7,0.0
13981501,Atalanta,Honest Ahanor,miss,assisted,1582,12.2,40.3,0,0,47.7,75.0,,,
13981501,Atalanta,Davide Zappacosta,miss,regular,1531,8.9,71.8,0,0,80.5,16.7,,,
13981501,Atalanta,Honest Ahanor,miss,assisted,1353,2.7,43.0,0,0,60.3,43.1,,,
13981501,Atalanta,Éderson,save,assisted,1211,18.4,49.7,0,0,48.1,2.5,1.8,49.8,0.0
13981501,Atalanta,Marten de Roon,miss,corner,659,24.1,37.6,0,0,37.8,73.6,,,
13981501,Atalanta,Ademola Lookman,block,assisted,623,22.5,41.3,0,0,51.0,19.0,18.5,42.7,0.0
13981501,Atalanta,Honest Ahanor,miss,set-piece,567,7.7,44.4,0,0,36.0,8.3,4.1,51.4,0.0
13981501,Atalanta,Isak Hien,miss,corner,347,3.9,47.4,0,0,60.0,22.2,,,
13981501,Milan,Samuele Ricci,goal,corner,192,24.3,50.5,0,0,53.9,19.6,,,
13981507,Hellas Verona,Daniel Mosquera,save,fast-break,5654,4.0,26.6,0,0,53.2,3.2,1.0,44.2,0.0
13981507,Como,Mërgim Vojvoda,goal,fast-break,5475,8.8,64.4,0,0,47.0,11.4,,,
13981507,Hellas Verona,Domagoj Bradarić,save,assisted,5259,8.3,41.1,0,0,52.3,15.2,1.9,47.5,0.0
13981507,Hellas Verona,Amin Sarr,save,assisted,5133,15.8,49.0,0,0,50.9,13.9,5.3,49.6,0.0
13981507,Hellas Verona,Gift Orban,block,assisted,4869,16.9,59.1,0,0,46.4,19.0,15.0,58.5,0.0
13981507,Como,Lucas Da Cunha,miss,regular,4324,26.9,53.6,0,0,33.1,1.4,,,
13981507,Como,Jesús Rodriguez,block,regular,4322,13.5,37.8,0,0,52.9,19.0,10.2,40.1,0.0
13981507,Como,Maxence Caqueret,miss,regular,4277,25.6,40.5,0,0,34.3,37.5,,,
13981507,Hellas Verona,Martin Frese,save,assisted,3761,10.7,36.0,0,0,50.8,15.2,1.4,47.7,0.0
13981507,Como,Stefan Posch,goal,set-piece,3678,6.3,52.4,0,0,50.4,27.8,,,
13981507,Como,Nico Paz,block,free-kick,3665,25.0,56.6,0,0,49.1,19.0,15.9,54.5,0.0
13981507,Como,Anastasios Douvikas,save,assisted,3537,20.4,61.5,0,0,49.8,5.1,2.0,51.8,0.0
13981507,Hellas Verona,Gift Orban,save,fast-break,3518,29.1,95.7,0,0,46.5,25.3,7.5,59.0,0.0
13981507,Como,Nico Paz,block,assisted,2520,20.0,36.8,0,0,50.9,19.0,16.4,39.0,0.0
13981507,Hellas Verona,Suat Serdar,miss,corner,2105,14.7,65.2,0,0,42.0,63.9,,,
13981507,Hellas Verona,Suat Serdar,save,corner,2065,0.90000000000001,44.6,0,0,53.4,19.0,0.099999999999994,46.4,0.0
13981507,Como,Álex Valle,miss,regular,1899,14.1,44.6,0,0,56.5,81.9,,,
13981507,Como,Nico Paz,save,assisted,1898,14.8,43.2,0,0,49.7,11.4,6.7,47.3,0.0
13981507,Como,Anastasios Douvikas,miss,set-piece,1756,10.8,45.4,0,0,35.8,18.1,7.0,53.2,0.0
13981507,Como,Nico Paz,block,free-kick,1585,29.7,58.7,0,0,52.5,19.0,22.9,56.1,0.0
13981507,Hellas Verona,Suat Serdar,goal,regular,1467,8.3,57.6,0,0,47.7,1.3,,,
13981507,Hellas Verona,Victor Nelsson,miss,corner,1410,9.2,46.2,0,0,54.6,59.7,,,
13981507,Hellas Verona,Martin Frese,block,regular,1370,12.9,32.9,0,0,51.5,19.0,9.8,36.6,0.0
13981507,Hellas Verona,Suat Serdar,save,assisted,1366,10.5,39.9,0,0,51.0,16.5,7.0,42.8,0.0
13981507,Como,Anastasios Douvikas,goal,assisted,495,7.8,49.3,0,0,52.7,27.2,,,
13981507,Como,Nico Paz,miss,regular,491,25.5,36.3,0,0,63.0,27.8,23.6,35.2,0.0
13981507,Hellas Verona,Giovane,save,fast-break,455,23.8,32.5,0,0,48.3,4.4,6.4,45.5,0.0
13981507,Como,Nico Paz,post,free-kick,230,24.1,76.1,0,0,44.6,27.8,,,
13981512,Roma,Paulo Dybala,miss,free-kick,5527,26.1,34.7,0,0,45.0,75.0,,,
13981512,Parma,Alessandro Circati,goal,throw-in-set-piece,5149,6.7,52.6,0,0,54.4,15.8,,,
13981512,Roma,Artem Dovbyk,goal,regular,4830,11.1,44.0,0,0,47.4,3.8,,,
13981512,Roma,Bryan Cristante,block,assisted,4826,13.9,34.6,0,0,53.3,19.0,12.8,35.6,0.0
13981512,Parma,Oliver Sørensen,save,set-piece,4727,19.4,47.0,0,0,48.0,28.5,2.0,48.6,0.0
13981512,Roma,Gianluca Mancini,miss,corner,4575,6.0,52.8,0,0,50.3,70.8,,,
13981512,Roma,Bryan Cristante,miss,corner,4573,7.8,44.5,0,0,25.5,4.2,5.0,53.8,0.0
13981512,Roma,Gianluca Mancini,miss,corner,3962,11.2,50.3,0,0,51.4,63.9,,,
13981512,Roma,Wesley,block,assisted,3917,20.2,35.4,0,0,51.6,19.0,12.7,40.2,0.0
13981512,Roma,Mario Hermoso,goal,corner,3757,9.5,48.5,0,0,52.1,24.1,,,
13981512,Roma,Evan Ndicka,miss,assisted,3539,24.4,49.3,0,0,48.9,73.6,,,
13981512,Roma,Bryan Cristante,miss,fast-break,3359,13.3,73.8,0,0,46.4,83.3,,,
13981512,Roma,Manu Koné,miss,corner,3312,14.7,65.8,0,0,37.6,33.3,,,
13981512,Roma,Evan Ndicka,block,corner,3309,10.5,47.9,0,0,52.5,19.0,8.8,47.8,0.0
13981512,Roma,Wesley,save,regular,3248,25.9,19.9,0,0,49.5,8.9,2.9,47.7,0.0
13981512,Roma,Paulo Dybala,save,assisted,2961,18.9,50.2,0,0,54.3,2.5,1.5,50.7,0.0
13981512,Parma,Oliver Sørensen,save,fast-break,2908,13.0,56.6,0,0,52.5,5.7,1.8,50.7,0.0
13981512,Parma,Adrián Bernabé,save,regular,2711,21.0,67.3,0,0,50.2,18.4,1.9,51.4,0.0
13981512,Roma,Zeki Çelik,miss,corner,2934,33.4,43.0,0,0,48.9,93.1,,,
13981512,Roma,Paulo Dybala,save,assisted,2875,9.4,46.4,0,0,50.1,34.2,1.9,49.1,0.0
13981512,Parma,Mateo Pellegrino,miss,corner,2165,3.6,37.6,0,0,45.7,56.9,,,
13981512,Parma,Adrián Bernabé,block,throw-in-set-piece,2128,13.5,57.0,0,0,50.9,19.0,9.6,54.7,0.0
13981512,Parma,Christian Ordoñez,save,throw-in-set-piece,2126,13.5,40.1,0,0,48.9,1.9,1.4,48.4,0.0
13981512,Parma,Adrián Bernabé,miss,free-kick,1428,26.8,38.6,0,0,47.2,61.1,,,
13981512,Roma,Manu Koné,block,corner,1129,21.7,70.5,0,0,49.4,19.0,18.2,67.3,0.0
13981512,Roma,Wesley,save,assisted,621,12.2,30.4,0,0,53.8,7.6,1.0,46.6,0.0
13981509,Napoli,Giovanni Di Lorenzo,save,assisted,5733,20.5,69.7,0,0,50.3,2.5,1.9,52.3,0.0
13981509,Napoli,Giovanni Di Lorenzo,block,regular,5303,15.2,60.5,0,0,50.0,19.0,12.5,58.7,0.0
13981509,Lecce,Medon Berisha,miss,fast-break,4449,41.5,46.8,0,0,68.7,12.5,,,
13981509,Lecce,Lassana Coulibaly,save,corner,4320,8.2,62.0,0,0,47.0,27.2,1.5,51.4,0.0
13981509,Napoli,Eljif Elmas,miss,assisted,4241,23.4,46.2,0,0,41.5,19.4,,,
13981509,Napoli,Frank Anguissa,goal,set-piece,4100,7.5,49.8,0,0,54.1,21.5,,,
13981509,Napoli,Juan Jesus,block,corner,3965,7.3,54.5,0,0,51.3,19.0,6.2,53.6,0.0
13981509,Lecce,Medon Berisha,block,free-kick,3657,10.4,84.7,0,0,48.2,19.0,7.5,75.5,0.0
13981509,Lecce,Francesco Camarda,save,penalty,3353,11.5,50.0,0,0,53.8,12.7,1.8,49.8,0.0
13981509,Lecce,Kialonda Gaspar,block,corner,3020,9.8,48.2,0,0,50.6,19.0,6.8,48.6,0.0
13981509,Napoli,Matteo Politano,miss,regular,2912,27.8,80.7,0,0,69.7,15.3,18.0,59.9,0.0
13981509,Lecce,Tiago Gabriel,miss,corner,2769,5.8,49.1,0,0,89.6,51.4,3.1,19.7,0.0
13981509,Napoli,Lorenzo Lucca,miss,regular,2104,10.4,54.6,0,0,35.3,8.3,,,
13981509,Napoli,Billy Gilmour,block,assisted,2101,15.3,34.7,0,0,51.2,19.0,12.0,37.7,0.0
13981509,Napoli,Mathías Olivera,save,assisted,2091,4.4,35.6,0,0,53.1,2.5,1.1,45.1,0.0
13981509,Napoli,Matteo Politano,miss,regular,1794,9.2,68.0,0,0,51.3,70.8,,,
13981509,Lecce,Medon Berisha,miss,assisted,1509,16.4,53.1,0,0,59.8,2.8,,,
13981509,Napoli,Matteo Politano,block,assisted,1032,13.8,70.8,0,0,51.1,19.0,6.8,59.7,0.0
13981509,Napoli,Mathías Olivera,miss,corner,924,4.7,58.8,0,0,43.7,73.6,,,
13981509,Napoli,Billy Gilmour,block,regular,708,25.6,48.7,0,0,54.3,6.9,13.7,48.7,0.0
13981509,Napoli,Lorenzo Lucca,block,assisted,228,27.2,53.3,0,0,51.1,19.0,25.8,53.1,0.0
13981505,Genoa,Patrizio Masini,miss,regular,5701,22.0,66.0,0,0,36.6,81.9,,,
13981505,Genoa,Vitinha,block,assisted,5698,12.6,27.6,0,0,49.5,19.0,9.8,32.7,0.0
13981505,Genoa,Morten Frendrup,miss,corner,5624,7.6,37.4,0,0,56.0,48.6,,,
13981505,Genoa,Caleb Ekuban,block,corner,5622,4.8,43.7,0,0,50.9,19.0,2.4,46.4,0.0
13981505,Genoa,Brooke Norton-Cuffy,block,assisted,5596,11.0,54.8,0,0,48.8,19.0,9.3,54.2,0.0
13981505,Genoa,Caleb Ekuban,miss,corner,5527,3.1,50.9,0,0,50.8,54.2,,,
13981505,Genoa,Morten Frendrup,save,assisted,4940,11.9,58.7,0,0,48.6,1.9,1.2,52.2,0.0
13981505,Genoa,Caleb Ekuban,miss,assisted,4635,18.5,49.5,0,0,59.0,84.7,,,
13981505,Cremonese,Filippo Terracciano,miss,set-piece,4366,4.2,52.8,0,0,44.0,81.9,,,
13981505,Genoa,Ruslan Malinovskyi,miss,corner,4072,26.9,72.9,0,0,42.4,38.9,,,
13981505,Cremonese,Tommaso Barbieri,miss,fast-break,3285,19.4,67.9,0,0,59.0,40.3,,,
13981505,Cremonese,Jari Vandeputte,save,fast-break,3180,15.7,46.7,0,0,50.0,5.7,1.2,49.6,0.0
13981505,Cremonese,Federico Bonazzoli,goal,corner,2899,4.8,58.3,0,0,46.9,12.0,,,
13981505,Genoa,Leo Østigård,miss,corner,2940,7.1,44.9,0,0,38.5,16.7,,,
13981505,Cremonese,Federico Bonazzoli,save,fast-break,2850,14.1,59.1,0,0,46.3,0.6,1.0,51.6,0.0
13981505,Genoa,Patrizio Masini,miss,assisted,2655,22.6,31.7,0,0,58.7,4.2,,,
13981505,Genoa,Mikael Ellertsson,block,assisted,2613,24.0,51.5,0,0,51.7,19.0,19.2,50.9,0.0
13981505,Genoa,Maxwel Cornet,block,set-piece,2447,7.4,52.3,0,0,49.3,19.0,5.5,51.9,0.0
13981505,Genoa,Aarón Martín,block,free-kick,2445,17.8,57.6,0,0,53.0,19.0,11.1,53.6,0.0
13981505,Genoa,Valentín Carboni,block,assisted,2141,14.3,45.7,0,0,48.5,19.0,12.3,46.5,0.0
13981505,Cremonese,Federico Bonazzoli,miss,assisted,2070,10.1,61.3,0,0,64.7,9.7,4.1,50.0,0.0
13981505,Genoa,Jeff Ekhator,miss,assisted,1789,8.7,64.9,0,0,62.4,5.6,,,
13981505,Cremonese,Warren Bondo,miss,regular,1547,24.2,62.0,0,0,68.4,6.9,,,
13981505,Cremonese,Jari Vandeputte,miss,assisted,1161,25.1,47.4,0,0,95.1,5.6,,,
13981505,Cremonese,Filippo Terracciano,miss,regular,1084,27.4,73.8,0,0,45.7,65.3,,,
13981505,Cremonese,Federico Bonazzoli,goal,corner,194,6.5,48.2,0,0,50.4,32.3,,,
13981505,Cremonese,Matteo Bianchetti,miss,corner,193,10.5,53.2,0,0,63.5,15.3,6.7,48.4,0.0
13981504,Bologna,Benjamín Domínguez,miss,assisted,4811,24.6,23.4,0,0,40.2,65.3,,,
13981504,Torino,Nikola Vlašić,miss,regular,4650,25.1,44.5,0,0,40.0,2.8,,,
13981504,Bologna,Nadir Zortea,miss,assisted,4601,27.7,63.6,0,0,61.5,68.1,,,
13981504,Torino,Guillermo Maripán,save,set-piece,4312,9.2,55.7,0,0,48.2,3.2,1.8,51.4,0.0
13981504,Torino,Giovanni Simeone,save,assisted,4189,24.6,33.6,0,0,51.0,3.8,2.4,48.4,0.0
13981504,Torino,Cesare Casadei,block,regular,4174,19.0,52.2,0,0,51.2,19.0,15.8,51.6,0.0
13981504,Torino,Cesare Casadei,block,assisted,3869,9.8,49.7,0,0,51.3,19.0,7.3,49.5,0.0
13981504,Bologna,Charalampos Lykogiannis,miss,assisted,3202,19.9,26.5,0,0,57.1,22.2,,,
13981504,Bologna,Nadir Zortea,miss,assisted,3138,21.9,67.8,0,0,44.5,75.0,,,
13981504,Bologna,Nicolò Cambiaghi,miss,assisted,3068,6.8,59.0,0,0,40.5,83.3,,,
13981504,Torino,Cyril Ngonge,miss,assisted,2940,29.3,52.2,0,0,59.5,93.1,,,
13981504,Bologna,Martin Vitík,miss,corner,2883,4.7,40.4,0,0,58.8,23.6,1.8,43.3,0.0
13981504,Bologna,Santiago Castro,block,corner,2851,13.4,55.4,0,0,51.3,19.0,11.6,54.5,0.0
13981504,Bologna,Federico Bernardeschi,save,corner,2834,21.3,65.2,0,0,52.9,25.9,2.7,52.9,0.0
13981504,Torino,Cesare Casadei,miss,assisted,2663,9.4,53.4,0,0,37.5,40.3,,,
13981504,Bologna,Federico Bernardeschi,miss,corner,1549,22.9,70.1,0,0,40.3,15.3,,,
13981504,Bologna,Charalampos Lykogiannis,save,set-piece,1506,27.1,54.2,0,0,53.8,29.7,2.7,51.1,0.0
13981504,Torino,Che Adams,post,regular,1395,10.2,56.4,0,0,52.9,39.2,,,
13981504,Bologna,Charalampos Lykogiannis,block,assisted,398,14.5,25.2,0,0,53.4,19.0,11.8,29.2,0.0
13981506,Inter,Federico Dimarco,block,corner,5526,8.3,31.5,0,0,52.6,19.0,7.2,33.6,0.0
13981506,Inter,Hakan Çalhanoğlu,goal,penalty,5236,11.5,50.0,0,0,53.7,16.5,,,
13981506,Fiorentina,Moise Kean,save,assisted,4941,11.2,37.8,0,0,50.2,2.5,4.7,44.6,0.0
13981506,Fiorentina,Pietro Comuzzo,miss,corner,4809,3.3,47.1,0,0,50.8,63.9,,,
13981506,Fiorentina,Jacopo Fazzini,block,regular,4694,18.1,29.7,0,0,53.8,19.0,16.4,31.2,0.0
13981506,Fiorentina,Jacopo Fazzini,block,throw-in-set-piece,4681,18.1,46.7,0,0,51.9,19.0,10.3,47.3,0.0
13981506,Fiorentina,Dodô,miss,assisted,4412,9.7,59.3,0,0,41.8,6.9,,,
13981506,Inter,Petar Sučić,goal,assisted,4225,8.2,46.6,0,0,54.5,5.1,,,
13981506,Fiorentina,Moise Kean,miss,assisted,4059,9.2,38.7,0,0,65.9,4.2,,,
13981506,Inter,Hakan Çalhanoğlu,goal,assisted,3951,24.4,57.7,0,0,53.9,12.7,,,
13981506,Fiorentina,Moise Kean,block,fast-break,3659,10.9,33.0,0,0,50.8,19.0,9.4,35.2,0.0
13981506,Inter,Francesco Pio Esposito,save,corner,3407,7.9,51.7,0,0,48.1,27.8,1.4,50.9,0.0
13981506,Inter,Yann Bisseck,save,corner,3385,13.8,57.3,0,0,51.9,31.6,1.2,51.4,0.0
13981506,Inter,Lautaro Martínez,block,corner,3383,9.2,52.1,0,0,50.4,19.0,8.1,51.8,0.0
13981506,Inter,Denzel Dumfries,save,regular,3353,5.0,57.9,0,0,47.1,12.0,1.0,53.6,0.0
13981506,Inter,Lautaro Martínez,block,assisted,3341,13.8,53.1,0,0,49.8,19.0,12.8,52.9,0.0
13981506,Inter,Federico Dimarco,block,regular,3160,15.1,30.3,0,0,53.0,19.0,12.1,33.6,0.0
13981506,Inter,Denzel Dumfries,block,assisted,2962,5.5,62.2,0,0,48.4,19.0,3.6,58.5,0.0
13981506,Inter,Nicolò Barella,block,assisted,2748,16.0,62.0,0,0,53.8,19.0,6.4,52.5,0.0
13981506,Inter,Hakan Çalhanoğlu,miss,fast-break,2743,19.8,61.3,0,0,63.2,2.8,9.4,49.8,0.0
13981506,Fiorentina,Moise Kean,save,fast-break,2726,6.0,32.3,0,0,52.7,8.2,0.90000000000001,46.2,0.0
13981506,Inter,Federico Dimarco,save,assisted,2099,13.0,48.3,0,0,51.6,4.4,1.0,50.0,0.0
13981506,Fiorentina,Rolando Mandragora,block,assisted,1940,26.0,66.9,0,0,50.2,19.0,24.7,66.1,0.0
13981506,Inter,Lautaro Martínez,miss,assisted,1745,10.1,54.6,0,0,79.8,5.6,1.4,27.2,0.0
13981506,Inter,Alessandro Bastoni,save,regular,1614,5.2,41.5,0,0,50.0,11.4,2.5,44.2,0.0
13981506,Inter,Francesco Pio Esposito,miss,corner,1577,8.9,50.5,0,0,65.7,45.8,7.7,43.1,0.0
13981506,Inter,Francesco Pio Esposito,block,assisted,1540,5.5,66.2,0,0,53.5,19.0,5.0,64.4,0.0
13981506,Fiorentina,Dodô,block,corner,1127,21.0,68.3,0,0,49.2,19.0,11.4,60.3,0.0
13981506,Inter,Yann Bisseck,miss,corner,883,8.9,43.6,0,0,41.8,20.8,3.7,51.4,0.0
13981506,Inter,Lautaro Martínez,miss,corner,606,8.4,50.5,0,0,48.9,75.0,,,
13981506,Inter,Petar Sučić,block,regular,387,23.1,52.6,0,0,51.8,19.0,18.9,51.8,0.0
13981506,Inter,Lautaro Martínez,miss,set-piece,347,14.6,51.0,0,0,43.7,73.6,,,
13981503,Sassuolo,Luca Moro,miss,set-piece,5630,12.8,56.6,0,0,64.0,13.9,4.0,47.3,0.0
13981503,Sassuolo,Alieu Fadera,block,assisted,4836,14.9,47.6,0,0,50.6,19.0,12.9,47.8,0.0
13981503,Sassuolo,Cristian Volpato,post,assisted,4664,4.6,69.0,0,0,44.6,24.1,,,
13981503,Sassuolo,Alieu Fadera,miss,free-kick,4533,29.3,23.7,0,0,39.7,68.1,,,
13981503,Cagliari,Sebastiano Esposito,goal,fast-break,4324,8.2,53.6,0,0,46.3,1.9,,,
13981503,Sassuolo,Andrea Pinamonti,goal,assisted,3857,9.9,58.9,0,0,46.9,3.2,,,
13981503,Cagliari,Gennaro Borrelli,block,assisted,3579,7.5,55.8,0,0,49.4,19.0,6.2,54.9,0.0
13981503,Cagliari,Gabriele Zappa,post,regular,3379,20.3,68.3,0,0,50.7,39.9,,,
13981503,Sassuolo,Ismael Koné,miss,assisted,3310,26.8,43.1,0,0,46.9,58.3,,,
13981503,Sassuolo,Armand Laurienté,goal,free-kick,3215,23.2,63.9,0,0,48.2,23.4,,,
13981503,Cagliari,Marco Palestra,miss,fast-break,2998,10.4,73.3,0,0,61.7,62.5,,,
13981503,Sassuolo,Cristian Volpato,save,assisted,2584,5.8,71.4,0,0,48.9,1.9,1.0,54.9,0.0
13981503,Sassuolo,Kristian Thorstvedt,save,assisted,2467,24.4,61.7,0,0,51.3,20.3,5.0,52.7,0.0
13981503,Sassuolo,Cristian Volpato,miss,assisted,1814,18.9,72.6,0,0,61.8,72.2,,,
13981503,Sassuolo,Cristian Volpato,block,corner,1392,18.7,54.9,0,0,51.7,19.0,9.9,51.8,0.0
13981503,Cagliari,Marco Palestra,block,assisted,1276,20.5,53.4,0,0,48.0,19.0,15.8,53.1,0.0
13981503,Sassuolo,Armand Laurienté,block,assisted,1100,4.1,30.0,0,0,54.6,19.0,3.6,31.9,0.0
13981503,Cagliari,Sebastiano Esposito,block,free-kick,612,26.9,37.9,0,0,51.0,19.0,12.4,43.9,0.0
13981503,Cagliari,Michel Adopo,miss,set-piece,317,7.7,43.3,0,0,51.4,75.0,,,
13981503,Cagliari,Matteo Prati,block,assisted,251,28.1,28.0,0,0,53.3,19.0,15.1,36.6,0.0
13981511,Lazio,Pedro,save,set-piece,5393,15.8,26.1,0,0,49.4,20.9,2.5,46.4,0.0
13981511,Lazio,Matías Vecino,miss,regular,5115,17.9,55.6,0,0,59.5,4.2,,,
13981511,Pisa,Stefano Moreo,block,assisted,4758,10.1,63.8,0,0,49.1,19.0,7.3,60.3,0.0
13981511,Pisa,Idrissa Touré,miss,assisted,4593,8.6,59.6,0,0,58.8,18.1,,,
13981511,Pisa,Stefano Moreo,save,corner,4340,8.0,56.3,0,0,49.3,19.6,0.59999999999999,50.9,0.0
13981511,Pisa,M'Bala Nzola,block,assisted,4146,7.9,53.1,0,0,50.2,19.0,5.7,52.2,0.0
13981511,Lazio,Gustav Isaksen,save,set-piece,3922,22.6,50.1,0,0,50.6,16.5,2.8,49.3,0.0
13981511,Lazio,Gustav Isaksen,miss,assisted,3698,6.6,70.5,0,0,42.2,8.3,,,
13981511,Lazio,Danilo Cataldi,miss,corner,3306,25.6,49.7,0,0,36.0,88.9,,,
13981511,Pisa,Matteo Tramoni,miss,corner,3129,7.0,50.9,0,0,69.2,15.3,,,
13981511,Pisa,Matteo Tramoni,block,assisted,3053,8.7,57.6,0,0,49.3,19.0,4.1,54.0,0.0
13981511,Pisa,Matteo Tramoni,save,throw-in-set-piece,2907,13.2,80.7,0,0,46.2,29.7,2.8,56.7,0.0
13981511,Pisa,Juan Cuadrado,miss,assisted,2392,22.9,27.4,0,0,29.4,83.3,,,
13981511,Lazio,Toma Bašić,miss,assisted,2331,25.3,34.5,0,0,40.8,1.4,,,
13981511,Lazio,Luca Pellegrini,miss,throw-in-set-piece,2177,10.8,10.5,0,0,62.2,27.8,,,
13981511,Lazio,Toma Bašić,save,assisted,2146,24.9,71.7,0,0,46.0,10.1,2.2,54.0,0.0
13981511,Lazio,Gustav Isaksen,save,assisted,1859,10.8,60.1,0,0,49.7,5.7,1.0,50.9,0.0
13981511,Lazio,Gustav Isaksen,save,assisted,1745,5.9,70.8,0,0,48.5,0.6,0.90000000000001,53.2,0.0
13981511,Pisa,Idrissa Touré,miss,assisted,1448,5.4,58.1,0,0,66.7,9.7,,,
13981511,Lazio,Toma Bašić,save,assisted,1303,12.8,28.6,0,0,48.7,3.2,1.5,46.6,0.0
13981511,Pisa,Matteo Tramoni,miss,assisted,399,19.2,50.3,0,0,69.1,9.7,,,
13981508,Juventus,Kenan Yıldız,block,fast-break,5908,11.7,36.0,0,0,49.2,5.6,8.1,39.5,0.0
13981508,Juventus,Jonathan David,save,fast-break,5902,7.9,31.1,0,0,54.5,21.5,0.90000000000001,45.8,0.0
13981508,Juventus,Kenan Yıldız,goal,penalty,5725,11.5,50.0,0,0,52.4,5.7,,,
13981508,Juventus,Kenan Yıldız,miss,assisted,5461,10.8,37.4,0,0,45.2,62.5,,,
13981508,Udinese,Vakoun Bayo,miss,corner,5342,6.4,50.3,0,0,43.5,8.3,,,
13981508,Udinese,Hassane Kamara,block,regular,5144,21.7,36.4,0,0,53.1,19.0,12.3,41.0,0.0
13981508,Juventus,Kenan Yıldız,post,fast-break,4663,19.2,27.6,0,0,55.5,2.5,,,
13981508,Juventus,Kenan Yıldız,save,regular,4141,15.2,62.1,0,0,47.7,25.3,2.0,51.1,0.0
13981508,Juventus,Federico Gatti,goal,corner,3966,4.3,41.9,0,0,53.4,5.7,,,
13981508,Juventus,Weston McKennie,block,corner,3960,3.7,63.6,0,0,53.9,19.0,3.2,61.2,0.0
13981508,Juventus,Pierre Kalulu,save,assisted,3937,17.2,64.1,0,0,47.3,24.7,1.4,52.0,0.0
13981508,Juventus,Dušan Vlahović,miss,fast-break,3850,21.2,66.9,0,0,43.2,8.3,,,
13981508,Juventus,Loïs Openda,save,fast-break,3650,9.7,71.1,0,0,51.4,7.0,1.6,54.0,0.0
13981508,Juventus,Weston McKennie,miss,set-piece,3494,14.4,42.5,0,0,35.1,16.7,9.2,47.1,0.0
13981508,Juventus,Manuel Locatelli,miss,corner,3220,22.7,46.7,0,0,40.8,75.0,,,
13981508,Juventus,Loïs Openda,block,corner,3179,5.4,49.3,0,0,48.0,19.0,4.4,49.8,0.0
13981508,Juventus,Dušan Vlahović,block,corner,3174,10.5,51.6,0,0,54.5,23.6,8.8,51.3,0.0
13981508,Juventus,Kenan Yıldız,block,corner,3170,14.7,20.1,0,0,52.6,19.0,6.6,35.2,0.0
13981508,Juventus,Loïs Openda,block,assisted,3144,5.1,44.8,0,0,49.9,19.0,3.6,46.4,0.0
13981508,Udinese,Saba Goglichidze,miss,corner,2956,8.6,43.0,0,0,53.8,80.6,,,
13981508,Udinese,Saba Goglichidze,save,set-piece,2920,7.0,60.5,0,0,46.1,17.7,0.7,53.8,0.0
13981508,Udinese,Nicolò Zaniolo,goal,regular,2735,13.3,50.7,0,0,53.5,1.9,,,
13981508,Udinese,Adam Buksa,block,regular,2733,12.0,37.6,0,0,50.8,11.1,8.6,40.2,0.0
13981508,Juventus,Dušan Vlahović,save,assisted,2454,18.9,55.4,0,0,52.6,1.3,1.4,50.7,0.0
13981508,Juventus,Manuel Locatelli,save,regular,2335,14.4,43.0,0,0,50.1,3.2,2.0,49.6,0.0
13981508,Juventus,Dušan Vlahović,save,regular,2320,11.7,61.5,0,0,52.9,1.9,2.5,52.7,0.0
13981508,Juventus,Filip Kostić,save,throw-in-set-piece,2275,24.1,46.1,0,0,48.1,3.8,1.5,49.8,0.0
13981508,Juventus,Kenan Yıldız,block,fast-break,2062,20.6,34.8,0,0,52.2,19.0,15.1,39.2,0.0
13981508,Juventus,Dušan Vlahović,miss,corner,1969,8.2,50.0,0,0,49.1,68.1,,,
13981508,Udinese,Hassane Kamara,miss,corner,1127,12.0,30.9,0,0,55.5,95.8,,,
13981508,Udinese,Nicolò Zaniolo,block,regular,1088,16.1,46.2,0,0,53.8,19.0,13.2,46.2,0.0
13981508,Juventus,Loïs Openda,miss,assisted,572,9.8,36.8,0,0,57.3,20.8,,,
13981508,Juventus,Dušan Vlahović,goal,penalty,269,11.5,50.0,0,0,53.7,1.9,,,
13981514,Napoli,Alessandro Buongiorno,save,corner,5316,9.3,50.7,0,0,48.7,13.3,0.90000000000001,49.6,0.0
13981514,Como,Assane Diao,block,assisted,5020,22.2,33.9,0,0,53.5,19.0,18.6,35.9,0.0
13981514,Napoli,Rasmus Højlund,save,assisted,4744,7.8,44.1,0,0,53.6,29.7,0.90000000000001,49.6,0.0
13981514,Napoli,Scott McTominay,save,assisted,4139,22.8,45.8,0,0,47.5,3.8,4.0,50.4,0.0
13981514,Como,Jacobo Ramón,block,corner,3724,13.6,52.0,0,0,50.2,19.0,12.4,51.8,0.0
13981514,Como,Álvaro Morata,block,assisted,3684,9.0,53.7,0,0,51.3,19.0,7.9,53.1,0.0
13981514,Como,Ivan Smolčić,block,assisted,3624,19.8,51.3,0,0,50.2,19.0,17.0,51.1,0.0
13981514,Napoli,Matteo Politano,save,assisted,3513,22.9,55.2,0,0,52.2,3.8,0.3,49.5,0.0
13981514,Napoli,Matteo Politano,save,assisted,3381,13.2,67.1,0,0,46.8,6.3,1.8,52.3,0.0
13981514,Napoli,Scott McTominay,miss,regular,3259,28.4,19.1,0,0,42.0,2.8,,,
13981514,Napoli,Miguel Gutiérrez,miss,regular,2804,20.3,30.5,0,0,55.5,70.8,,,
13981514,Como,Diego Carlos,miss,assisted,2923,31.7,28.3,0,0,41.8,79.2,,,
13981514,Como,Nico Paz,miss,assisted,2806,26.1,53.2,0,0,50.4,87.5,,,
13981514,Como,Nico Paz,block,assisted,2796,23.0,65.4,0,0,51.5,19.0,20.7,63.7,0.0
13981514,Como,Assane Diao,miss,regular,2715,29.2,32.5,0,0,60.5,4.2,,,
13981514,Napoli,Eljif Elmas,save,regular,2694,26.3,64.9,0,0,53.7,4.4,1.4,51.3,0.0
13981514,Napoli,Matteo Politano,miss,corner,2542,19.5,62.2,0,0,60.0,93.1,,,
13981514,Napoli,Scott McTominay,block,assisted,2507,11.3,45.4,0,0,50.2,19.0,9.7,46.0,0.0
13981514,Napoli,Scott McTominay,save,assisted,1903,33.8,40.8,0,0,47.0,19.0,3.7,48.9,0.0
13981514,Napoli,Scott McTominay,save,throw-in-set-piece,1588,13.2,29.0,0,0,51.3,3.2,1.2,47.7,0.0
13981514,Como,Álvaro Morata,miss,set-piece,1534,9.1,46.4,0,0,63.9,9.7,6.6,44.9,0.0
13981514,Como,Álvaro Morata,save,penalty,1530,11.5,50.0,0,0,48.9,12.0,0.3,49.8,0.0
13981514,Como,Nico Paz,block,free-kick,1289,31.3,63.1,0,0,51.4,19.0,22.9,59.2,0.0
13981514,Como,Nico Paz,miss,regular,902,19.5,32.5,0,0,0.8,1.4,15.7,46.2,0.0
13981514,Como,Maxence Caqueret,save,regular,257,17.9,38.0,0,0,51.9,3.8,2.0,46.9,0.0
13981514,Napoli,Amir Rrahmani,miss,set-piece,142,13.6,50.3,0,0,65.4,13.9,,,
13981516,Udinese,Jakub Piotrowski,miss,free-kick,5656,26.0,64.6,0,0,55.0,61.1,,,
13981516,Atalanta,Raoul Bellanova,block,corner,4857,21.0,65.8,0,0,47.5,19.0,1.2,53.1,0.0
13981516,Udinese,Vakoun Bayo,miss,fast-break,4357,13.8,68.9,0,0,48.9,73.6,,,
13981516,Atalanta,Nikola Krstović,miss,assisted,3710,9.8,53.8,0,0,40.2,9.7,,,
13981516,Udinese,Nicolò Zaniolo,save,free-kick,3419,31.0,72.6,0,0,49.7,20.9,2.5,51.4,0.0
13981516,Atalanta,Gianluca Scamacca,block,free-kick,3251,26.3,44.2,0,0,51.0,19.0,15.4,46.2,0.0
13981516,Udinese,Jesper Karlström,save,regular,2575,23.8,67.1,0,0,51.6,24.1,1.9,52.5,0.0
13981516,Udinese,Nicolò Zaniolo,goal,assisted,2374,12.1,46.2,0,0,53.4,17.7,,,
13981516,Atalanta,Éderson,block,assisted,2244,15.9,59.9,0,0,49.8,19.0,11.5,57.2,0.0
13981516,Udinese,Hassane Kamara,miss,set-piece,1872,17.5,41.5,0,0,45.9,81.9,,,
13981516,Udinese,Hassane Kamara,save,assisted,1153,33.6,40.1,0,0,52.9,10.1,1.1,49.6,0.0
13981516,Udinese,Arthur Atta,miss,assisted,1027,23.2,44.8,0,0,58.2,6.9,,,
13981516,Udinese,Nicolò Zaniolo,block,assisted,1011,13.0,41.8,0,0,51.9,19.0,11.0,42.8,0.0
13981516,Udinese,Nicolò Zaniolo,save,assisted,874,28.1,51.1,0,0,50.9,22.2,2.5,48.6,0.0
13981516,Udinese,Arthur Atta,block,assisted,815,22.9,36.6,0,0,49.9,19.0,19.2,38.8,0.0
13981516,Atalanta,Berat Djimsiti,block,corner,71,6.4,52.2,0,0,49.3,19.0,4.7,51.8,0.0
13981510,Cremonese,Dennis Johnsen,miss,set-piece,5206,27.7,53.8,0,0,61.0,1.4,,,
13981510,Cremonese,Jamie Vardy,goal,fast-break,4950,11.2,62.3,0,0,52.5,1.9,,,
13981510,Juventus,Dušan Vlahović,block,fast-break,4926,22.9,48.7,0,0,46.7,19.0,18.6,48.4,0.0
13981510,Cremonese,Mikayil Faye,block,assisted,4667,14.2,26.2,0,0,48.9,19.0,9.7,34.1,0.0
13981510,Cremonese,Franco Vázquez,block,assisted,4660,24.0,69.7,0,0,52.1,19.0,20.2,66.2,0.0
13981510,Juventus,Francisco Conceição,block,set-piece,4206,13.0,61.7,0,0,47.4,19.0,7.9,58.1,0.0
13981510,Juventus,Andrea Cambiaso,goal,regular,4028,10.8,53.8,0,0,48.2,34.2,,,
13981510,Juventus,Dušan Vlahović,miss,assisted,3953,5.7,50.1,0,0,41.2,2.8,,,
13981510,Juventus,Loïs Openda,miss,assisted,3564,25.4,63.9,0,0,44.2,83.3,,,
13981510,Juventus,Dušan Vlahović,miss,assisted,3457,8.8,45.7,0,0,36.1,5.6,1.6,63.9,0.0
13981510,Juventus,Weston McKennie,miss,assisted,3454,9.5,53.3,0,0,75.5,13.9,7.0,26.5,0.0
13981510,Cremonese,Federico Bonazzoli,save,assisted,3426,14.2,58.7,0,0,53.2,27.2,1.0,51.1,0.0
13981510,Cremonese,Jari Vandeputte,block,free-kick,3297,26.2,29.3,0,0,50.7,19.0,11.4,40.6,0.0
13981510,Cremonese,Tommaso Barbieri,block,corner,3173,15.3,58.9,0,0,51.3,19.0,13.3,57.6,0.0
13981510,Juventus,Loïs Openda,miss,regular,2837,17.7,53.3,0,0,58.0,4.2,,,
13981510,Cremonese,Martín Payero,miss,assisted,2366,28.3,69.1,0,0,38.5,98.6,,,
13981510,Cremonese,Jamie Vardy,block,assisted,2197,12.6,60.1,0,0,48.9,19.0,10.6,58.7,0.0
13981510,Juventus,Manuel Locatelli,miss,assisted,2121,21.5,44.2,0,0,50.3,56.9,,,
13981510,Juventus,Loïs Openda,miss,assisted,2071,5.2,33.3,0,0,58.0,23.6,,,
13981510,Juventus,Dušan Vlahović,save,assisted,1848,28.7,51.7,0,0,53.5,8.9,1.4,50.4,0.0
13981510,Juventus,Manuel Locatelli,save,assisted,1517,19.5,64.0,0,0,54.3,2.5,2.4,51.4,0.0
13981510,Juventus,Dušan Vlahović,save,assisted,1206,10.1,70.4,0,0,49.5,17.1,1.2,53.4,0.0
13981510,Juventus,Loïs Openda,block,regular,535,16.4,39.1,0,0,49.5,19.0,14.7,40.2,0.0
13981510,Juventus,Filip Kostić,goal,regular,85,8.0,41.9,0,0,46.7,0.6,,,
13981513,Fiorentina,Roberto Piccoli,miss,assisted,5743,13.2,52.3,0,0,68.9,8.3,,,
13981513,Fiorentina,Simon Sohm,miss,regular,5554,15.2,53.6,0,0,50.1,63.9,,,
13981513,Fiorentina,Marin Pongračić,block,set-piece,4985,9.2,50.5,0,0,50.1,19.0,7.2,50.4,0.0
13981513,Fiorentina,Dodô,miss,regular,4850,24.8,63.2,0,0,55.1,75.0,,,
13981513,Fiorentina,Moise Kean,save,corner,4685,4.9,52.6,0,0,48.4,3.8,1.1,50.2,0.0
13981513,Fiorentina,Marin Pongračić,miss,corner,4683,7.1,43.8,0,0,38.0,8.3,3.6,51.3,0.0
13981513,Fiorentina,Albert Guðmundsson,miss,regular,4290,9.1,29.5,0,0,49.9,63.9,,,
13981513,Lecce,Lassana Coulibaly,miss,fast-break,3929,9.2,69.5,0,0,68.6,6.9,,,
13981513,Fiorentina,Moise Kean,miss,corner,3653,8.7,51.7,0,0,44.9,68.1,,,
13981513,Fiorentina,Moise Kean,block,assisted,3604,27.5,37.0,0,0,50.6,19.0,18.6,41.2,0.0
13981513,Lecce,Tete Morente,save,assisted,3501,26.3,72.8,0,0,50.8,3.8,2.0,52.3,0.0
13981513,Lecce,Medon Berisha,block,free-kick,3468,25.0,46.7,0,0,51.0,19.0,14.6,47.7,0.0
13981513,Lecce,Lameck Banda,miss,assisted,3207,23.8,32.3,0,0,36.1,70.8,,,
13981513,Lecce,Tete Morente,miss,set-piece,2872,19.3,66.5,0,0,69.2,72.2,,,
13981513,Lecce,Kialonda Gaspar,miss,corner,2633,5.0,51.5,0,0,55.3,68.1,,,
13981513,Fiorentina,Luca Ranieri,miss,corner,2521,4.2,42.8,0,0,50.3,56.9,,,
13981513,Fiorentina,Moise Kean,block,corner,2519,8.3,46.1,0,0,49.7,19.0,6.3,47.1,0.0
13981513,Fiorentina,Edin Džeko,save,set-piece,2220,7.5,48.3,0,0,50.3,27.2,0.7,49.6,0.0
13981513,Fiorentina,Moise Kean,save,regular,1854,14.5,47.4,0,0,51.8,4.4,3.5,49.8,0.0
13981513,Lecce,Lameck Banda,save,fast-break,1571,14.9,28.3,0,0,52.2,6.3,2.5,46.7,0.0
13981513,Lecce,Ylber Ramadani,save,assisted,1543,27.6,56.8,0,0,49.7,20.9,3.2,50.2,0.0
13981513,Fiorentina,Moise Kean,block,assisted,1500,24.8,60.5,0,0,48.9,19.0,19.8,58.5,0.0
13981513,Lecce,Medon Berisha,goal,regular,1337,6.3,44.6,0,0,53.1,8.2,,,
13981513,Lecce,Medon Berisha,block,free-kick,947,25.6,62.4,0,0,49.4,19.0,14.7,57.4,0.0
13981513,Lecce,Tete Morente,miss,assisted,559,12.0,53.8,0,0,60.2,33.3,,,
13981513,Fiorentina,Niccolò Fortini,save,assisted,91,19.2,34.8,0,0,53.0,15.2,1.9,48.7,0.0
13981520,Torino,Cyril Ngonge,block,regular,5407,9.2,44.8,0,0,52.5,19.0,7.5,45.3,0.0
13981520,Torino,Cesare Casadei,block,assisted,5405,13.1,55.4,0,0,49.6,19.0,11.2,54.7,0.0
13981520,Torino,Cyril Ngonge,block,regular,5146,4.8,67.9,0,0,46.7,19.0,3.8,65.0,0.0
13981520,Torino,Duván Zapata,block,assisted,5043,15.0,65.9,0,0,48.1,19.0,11.9,63.0,0.0
13981520,Pisa,Ebenezer Akinsanmiro,miss,fast-break,4634,13.3,54.0,0,0,38.0,16.7,,,
13981520,Pisa,Arturo Calabresi,save,assisted,4436,9.1,66.3,0,0,45.9,1.3,1.9,53.6,0.0
13981520,Pisa,Michel Aebischer,miss,set-piece,4335,24.1,49.9,0,0,50.1,77.8,,,
13981520,Torino,Gvidas Gineitis,miss,throw-in-set-piece,4137,26.6,53.2,0,0,97.5,16.7,,,
13981520,Pisa,Ebenezer Akinsanmiro,miss,regular,3699,30.7,59.1,0,0,62.4,23.6,,,
13981520,Pisa,Henrik Wendel Meister,block,fast-break,3578,9.3,59.1,0,0,49.9,19.0,7.7,57.6,0.0
13981520,Torino,Ardian Ismajli,miss,corner,3132,14.1,56.2,0,0,31.8,16.7,8.1,64.8,0.0
13981520,Torino,Saúl Coco,miss,corner,3122,9.2,51.1,0,0,40.8,16.7,7.3,53.1,0.0
13981520,Torino,Cyril Ngonge,miss,corner,3016,18.2,56.6,0,0,40.3,19.4,,,
13981520,Pisa,Mehdi Léris,block,regular,2740,11.8,43.9,0,0,49.4,19.0,8.4,45.8,0.0
13981520,Pisa,Arturo Calabresi,miss,assisted,2738,26.5,72.9,0,0,68.2,15.3,10.3,48.2,0.0
13981520,Torino,Che Adams,goal,regular,2840,8.9,56.6,0,0,52.9,28.5,,,
13981520,Torino,Giovanni Simeone,goal,regular,2502,10.2,58.5,0,0,53.9,2.5,,,
13981520,Torino,Giovanni Simeone,miss,set-piece,2140,14.4,67.1,0,0,60.8,1.4,,,
13981520,Pisa,Stefano Moreo,goal,penalty,1731,11.5,50.0,0,0,53.3,2.5,,,
13981520,Torino,Giovanni Simeone,miss,assisted,1481,14.7,40.9,0,0,64.5,73.6,,,
13981520,Pisa,Stefano Moreo,goal,assisted,735,10.5,45.8,0,0,46.7,1.3,,,
13981520,Pisa,Ebenezer Akinsanmiro,post,assisted,732,4.4,55.7,0,0,49.6,39.9,,,
13981520,Pisa,Stefano Moreo,miss,assisted,729,10.2,44.4,0,0,29.7,13.9,4.9,56.1,0.0
13981520,Torino,Che Adams,save,assisted,467,10.6,55.8,0,0,49.9,3.8,1.5,52.2,0.0
13981520,Torino,Che Adams,block,assisted,402,20.0,51.0,0,0,51.1,19.0,17.3,50.7,0.0
13981520,Torino,Che Adams,block,assisted,269,27.7,38.5,0,0,54.0,19.0,25.9,39.0,0.0
13981522,Bologna,Juan Miranda,goal,assisted,5464,3.7,29.8,0,0,50.1,32.9,,,
13981522,Bologna,Nicolò Cambiaghi,miss,assisted,5385,2.3,34.4,0,0,56.3,15.3,,,
13981522,Bologna,Thijs Dallinga,miss,assisted,5286,7.4,43.4,0,0,58.8,9.7,,,
13981522,Parma,Oliver Sørensen,block,set-piece,4955,27.4,48.1,0,0,53.9,19.0,4.4,46.4,0.0
13981522,Bologna,Santiago Castro,goal,regular,4024,7.6,52.2,0,0,47.1,3.2,,,
13981522,Bologna,Tommaso Pobega,miss,assisted,3370,13.2,57.4,0,0,32.1,15.3,,,
13981522,Parma,Adrian Benedyczak,miss,assisted,3281,10.4,66.1,0,0,57.5,8.3,,,
13981522,Bologna,Tommaso Pobega,save,regular,3247,27.8,56.0,0,0,53.9,17.1,1.8,49.8,0.0
13981522,Bologna,Santiago Castro,miss,fast-break,3066,14.9,64.0,0,0,42.2,2.8,,,
13981522,Parma,Enrico Delprato,block,regular,3008,9.0,31.0,0,0,50.8,19.0,8.0,33.0,0.0
13981522,Bologna,Jens Odgaard,miss,assisted,2750,13.0,44.7,0,0,54.5,56.9,,,
13981522,Bologna,Jens Odgaard,miss,regular,2931,8.3,52.7,0,0,50.3,66.7,,,
13981522,Bologna,Jonathan Rowe,miss,fast-break,2652,27.8,48.7,0,0,42.2,6.9,,,
13981522,Bologna,Jens Odgaard,miss,corner,2203,22.6,51.6,0,0,43.4,1.4,,,
13981522,Bologna,Santiago Castro,miss,regular,2025,7.7,44.8,0,0,56.8,75.0,,,
13981522,Bologna,Santiago Castro,save,assisted,2024,10.7,45.4,0,0,50.0,19.0,3.7,47.7,0.0
13981522,Parma,Adrian Benedyczak,block,regular,1807,14.4,39.4,0,0,50.6,19.0,10.3,42.2,0.0
13981522,Bologna,Riccardo Orsolini,save,assisted,1770,10.1,56.8,0,0,48.2,4.4,1.2,52.3,0.0
13981522,Bologna,Riccardo Orsolini,block,set-piece,1707,8.6,72.6,0,0,50.4,19.0,6.7,67.5,0.0
13981522,Bologna,Riccardo Orsolini,block,free-kick,1705,9.5,80.3,0,0,47.8,19.0,4.6,65.9,0.0
13981522,Bologna,Riccardo Orsolini,block,regular,1581,22.8,49.8,0,0,49.3,19.0,21.3,49.9,0.0
13981522,Bologna,Riccardo Orsolini,miss,corner,1198,23.2,67.1,0,0,64.5,69.4,,,
13981522,Bologna,Santiago Castro,goal,assisted,998,4.4,51.2,0,0,46.8,3.2,,,
13981522,Parma,Sascha Britschgi,post,assisted,892,28.1,39.3,0,0,52.4,39.2,,,
13981522,Bologna,Riccardo Orsolini,miss,assisted,800,10.8,66.7,0,0,44.0,1.4,,,
13981522,Bologna,Jens Odgaard,miss,assisted,677,6.7,46.2,0,0,57.5,33.3,,,
13981522,Bologna,Riccardo Orsolini,miss,assisted,676,12.6,64.2,0,0,65.2,34.7,6.6,47.1,0.0
13981522,Parma,Adrián Bernabé,goal,regular,13,12.5,60.7,0,0,54.0,1.9,,,
13981522,Parma,Adrián Bernabé,miss,regular,10,16.2,69.7,0,0,39.3,11.1,8.5,66.6,0.0
13981524,Genoa,Leo Østigård,goal,set-piece,5535,3.7,49.0,0,0,51.3,29.1,,,
13981524,Genoa,Junior Messias,miss,assisted,5311,12.3,46.6,0,0,61.2,8.3,,,
13981524,Genoa,Johan Vásquez,miss,corner,5234,12.2,52.6,0,0,42.0,23.6,,,
13981524,Genoa,Junior Messias,miss,assisted,4696,10.5,50.9,0,0,49.9,75.0,,,
13981524,Genoa,Caleb Ekuban,block,assisted,4591,19.6,33.4,0,0,49.4,19.0,18.4,34.5,0.0
13981524,Genoa,Leo Østigård,save,corner,3636,12.7,54.3,0,0,53.3,12.7,1.4,50.4,0.0
13981524,Genoa,Lorenzo Colombo,miss,assisted,3413,12.5,46.6,0,0,51.8,80.6,,,
13981524,Sassuolo,Tarik Muharemović,block,assisted,3367,30.9,39.3,0,0,47.1,19.0,29.2,40.1,0.0
13981524,Sassuolo,Armand Laurienté,block,regular,3329,12.0,38.0,0,0,49.0,19.0,4.7,45.8,0.0
13981524,Sassuolo,Kristian Thorstvedt,save,assisted,3325,2.9,33.9,0,0,52.8,10.8,1.0,46.6,0.0
13981524,Sassuolo,Kristian Thorstvedt,miss,assisted,3114,20.7,34.0,0,0,42.5,11.1,,,
13981524,Sassuolo,Armand Laurienté,miss,assisted,2983,22.9,31.3,0,0,28.4,51.4,,,
13981524,Sassuolo,Domenico Berardi,goal,corner,2800,3.5,58.1,0,0,47.8,1.3,,,
13981524,Sassuolo,Armand Laurienté,miss,free-kick,2593,25.2,27.4,0,0,46.6,65.3,,,
13981524,Sassuolo,Armand Laurienté,miss,assisted,2452,10.5,32.5,0,0,59.5,63.9,,,
13981524,Genoa,Lorenzo Colombo,miss,regular,2299,12.0,61.1,0,0,62.7,61.1,,,
13981524,Sassuolo,Domenico Berardi,miss,assisted,2198,13.9,67.9,0,0,60.2,86.1,,,
13981524,Genoa,Brooke Norton-Cuffy,miss,regular,2073,18.8,74.6,0,0,62.4,27.8,,,
13981524,Sassuolo,Andrea Pinamonti,save,assisted,2041,8.4,48.1,0,0,49.8,12.0,1.2,50.4,0.0
13981524,Sassuolo,Andrea Pinamonti,miss,assisted,1953,9.5,46.9,0,0,48.7,61.1,,,
13981524,Genoa,Lorenzo Colombo,block,corner,1810,7.4,62.4,0,0,46.3,19.0,5.9,60.7,0.0
13981524,Genoa,Vitinha,save,assisted,1766,20.0,42.0,0,0,46.1,7.0,1.2,48.6,0.0
13981524,Genoa,Lorenzo Colombo,miss,assisted,1651,15.3,66.7,0,0,57.5,86.1,,,
13981524,Sassuolo,Ismael Koné,miss,assisted,1583,19.1,48.8,0,0,42.5,22.2,,,
13981524,Sassuolo,Andrea Pinamonti,save,assisted,1512,13.2,51.2,0,0,49.0,19.6,1.9,51.3,0.0
13981524,Genoa,Ruslan Malinovskyi,goal,corner,1037,23.7,41.2,0,0,46.8,23.4,,,
13981524,Genoa,Vitinha,miss,fast-break,930,18.2,53.2,0,0,71.1,22.2,12.7,48.2,0.0
13981524,Genoa,Lorenzo Colombo,miss,assisted,859,10.7,42.5,0,0,49.9,79.2,,,
13981524,Genoa,Vitinha,save,assisted,845,3.6,33.6,0,0,52.1,19.0,3.1,35.7,0.0
13981515,Cagliari,Matteo Prati,miss,assisted,5547,12.5,54.0,0,0,37.6,11.1,,,
13981515,Lazio,Mattia Zaccagni,goal,regular,5438,13.6,42.8,0,0,46.1,27.8,,,
13981515,Lazio,Mattia Zaccagni,miss,fast-break,5308,15.7,56.9,0,0,40.2,51.4,,,
13981515,Cagliari,Mattia Felici,block,corner,5107,17.8,38.3,0,0,51.1,19.0,12.4,41.5,0.0
13981515,Cagliari,Leonardo Pavoletti,block,corner,5104,12.5,47.8,0,0,48.1,19.0,8.5,49.1,0.0
13981515,Cagliari,Matteo Prati,block,throw-in-set-piece,5056,21.9,47.2,0,0,52.4,19.0,16.7,47.3,0.0
13981515,Cagliari,Leonardo Pavoletti,miss,assisted,4907,4.8,51.3,0,0,40.7,4.2,,,
13981515,Cagliari,Matteo Prati,miss,assisted,4906,17.5,37.0,0,0,37.1,6.9,5.4,52.0,0.0
13981515,Cagliari,Michel Adopo,save,assisted,4493,23.0,29.4,0,0,47.9,3.2,1.8,48.9,0.0
13981515,Lazio,Gustav Isaksen,goal,assisted,3886,16.3,58.7,0,0,54.1,13.9,,,
13981515,Cagliari,Yerry Mina,save,set-piece,3130,10.5,54.1,0,0,50.7,22.2,1.8,51.1,0.0
13981515,Cagliari,Gianluca Gaetano,save,fast-break,3061,14.3,39.7,0,0,50.3,5.1,3.8,46.9,0.0
13981515,Cagliari,Gennaro Borrelli,miss,assisted,2884,17.9,69.0,0,0,44.0,77.8,,,
13981515,Lazio,Danilo Cataldi,miss,set-piece,2792,30.0,40.7,0,0,42.5,86.1,,,
13981515,Cagliari,Michael Folorunsho,miss,set-piece,2677,20.8,67.0,0,0,71.3,33.3,,,
13981515,Cagliari,Sebastiano Luperto,block,set-piece,2581,11.9,38.0,0,0,52.0,19.0,7.1,42.1,0.0
13981515,Cagliari,Michael Folorunsho,save,set-piece,2580,3.6,32.7,0,0,52.4,8.9,1.0,45.1,0.0
13981515,Cagliari,Gennaro Borrelli,block,set-piece,2577,8.9,44.5,0,0,49.3,19.0,7.0,45.8,0.0
13981515,Lazio,Adam Marušić,save,throw-in-set-piece,1814,19.8,20.7,0,0,47.1,19.0,2.0,46.2,0.0
13981515,Lazio,Mattia Zaccagni,miss,assisted,1740,9.7,50.5,0,0,57.1,8.3,,,
13981515,Lazio,Toma Bašić,miss,assisted,1638,10.5,46.0,0,0,51.6,50.0,,,
13981515,Lazio,Adam Marušić,miss,corner,1592,10.7,46.7,0,0,96.5,20.8,7.3,30.5,0.0
13981515,Cagliari,Sebastiano Esposito,miss,regular,1171,18.2,46.6,0,0,55.5,81.9,,,
13981515,Cagliari,Michael Folorunsho,save,assisted,868,13.9,36.9,0,0,51.3,1.9,1.4,48.0,0.0
13981515,Cagliari,Matteo Prati,miss,corner,185,27.3,60.1,0,0,44.0,84.7,,,
13981517,Roma,Evan Ndicka,miss,assisted,5534,13.5,49.9,0,0,40.2,9.7,,,
13981517,Roma,Paulo Dybala,save,penalty,4888,11.5,50.0,0,0,47.1,12.0,0.90000000000001,49.8,0.0
13981517,Roma,Lorenzo Pellegrini,block,free-kick,4786,18.7,50.7,0,0,48.9,19.0,9.7,50.9,0.0
13981517,Roma,Lorenzo Pellegrini,block,assisted,4638,18.1,51.7,0,0,51.7,19.0,16.8,51.5,0.0
13981517,Milan,Davide Bartesaghi,miss,set-piece,4536,26.6,43.4,0,0,42.0,93.1,,,
13981517,Roma,Leon Bailey,block,corner,4175,4.1,43.3,0,0,52.6,19.0,3.3,44.1,0.0
13981517,Roma,Zeki Çelik,block,assisted,4145,13.3,65.0,0,0,49.3,19.0,11.6,63.2,0.0
13981517,Milan,Rafael Leão,save,regular,4042,4.0,53.8,0,0,49.1,19.0,0.3,51.2,0.0
13981517,Milan,Samuele Ricci,save,regular,4040,3.5,47.4,0,0,50.9,2.5,2.0,48.0,0.0
13981517,Milan,Davide Bartesaghi,save,assisted,4038,10.2,26.2,0,0,50.9,3.8,1.1,46.6,0.0
13981517,Roma,Lorenzo Pellegrini,save,assisted,3754,17.6,35.4,0,0,52.8,1.3,2.0,48.6,0.0
13981517,Roma,Mario Hermoso,miss,corner,3561,13.5,52.8,0,0,41.8,25.0,1.6,56.0,0.0
13981517,Roma,Bryan Cristante,miss,corner,3340,8.0,56.8,0,0,62.2,15.3,,,
13981517,Milan,Rafael Leão,block,regular,3148,13.8,36.6,0,0,49.3,19.0,11.2,39.2,0.0
13981517,Milan,Samuele Ricci,save,assisted,3086,21.8,51.3,0,0,52.4,13.9,1.6,50.9,0.0
13981517,Milan,Christopher Nkunku,post,corner,2977,2.9,48.1,0,0,55.2,8.9,,,
13981517,Milan,Rafael Leão,save,fast-break,2922,10.8,33.6,0,0,52.7,19.0,1.4,47.5,0.0
13981517,Milan,Youssouf Fofana,save,regular,2795,9.5,49.3,0,0,50.9,4.4,3.8,49.5,0.0
13981517,Milan,Samuele Ricci,miss,regular,2714,24.3,42.3,0,0,58.7,18.1,,,
13981517,Milan,Rafael Leão,miss,assisted,2716,27.2,48.1,0,0,35.1,75.0,,,
13981517,Milan,Youssouf Fofana,miss,fast-break,2664,9.2,53.4,0,0,58.0,29.2,,,
13981517,Milan,Christopher Nkunku,save,assisted,2606,15.3,67.5,0,0,48.4,25.3,1.5,53.2,0.0
13981517,Milan,Strahinja Pavlović,goal,fast-break,2324,7.0,46.6,0,0,49.7,3.2,,,
13981517,Milan,Matteo Gabbia,miss,corner,2253,4.0,44.8,0,0,55.0,83.3,,,
13981517,Roma,Evan Ndicka,miss,set-piece,2135,11.4,57.7,0,0,38.3,16.7,,,
13981517,Roma,Paulo Dybala,miss,fast-break,1862,21.8,40.5,0,0,53.4,90.3,,,
13981517,Roma,Matías Soulé,save,set-piece,1705,20.9,54.4,0,0,54.2,2.5,1.9,50.4,0.0
13981517,Milan,Rafael Leão,block,fast-break,1578,6.1,30.7,0,0,50.8,19.0,4.7,34.9,0.0
13981517,Roma,Neil El Aynaoui,miss,assisted,1476,14.7,45.8,0,0,40.3,6.9,,,
13981517,Milan,Strahinja Pavlović,miss,corner,1195,3.6,41.7,0,0,63.2,19.4,,,
13981517,Roma,Wesley,save,assisted,1136,13.3,33.4,0,0,49.7,5.7,1.2,48.6,0.0
13981517,Roma,Matías Soulé,miss,assisted,1107,9.7,61.5,0,0,39.7,37.5,,,
13981517,Roma,Paulo Dybala,miss,fast-break,1004,13.0,40.7,0,0,41.2,41.7,,,
13981517,Roma,Wesley,save,assisted,847,8.0,30.9,0,0,52.0,19.6,1.1,47.3,0.0
13981517,Roma,Evan Ndicka,miss,set-piece,560,8.5,48.7,0,0,57.6,13.9,,,
13981517,Roma,Neil El Aynaoui,save,regular,377,24.4,53.6,0,0,49.0,18.4,1.5,50.2,0.0
13981517,Roma,Bryan Cristante,miss,assisted,50,15.6,50.3,0,0,43.0,2.8,,,
13981518,Hellas Verona,Abdou Harroui,block,assisted,5697,28.4,63.2,0,0,50.0,19.0,21.4,59.9,0.0
13981518,Inter,Martin Frese,goal,regular,5579,10.1,49.7,0,0,53.4,3.8,,,
13981518,Inter,Davide Frattesi,miss,corner,5363,8.8,58.8,0,0,43.2,20.8,,,
13981518,Inter,Nicolò Barella,miss,corner,5196,19.7,61.7,0,0,59.0,8.3,,,
13981518,Inter,Francesco Pio Esposito,miss,corner,5053,11.6,40.9,0,0,56.0,73.6,,,
13981518,Inter,Hakan Çalhanoğlu,block,corner,5040,24.1,58.1,0,0,47.9,19.0,22.0,57.6,0.0
13981518,Inter,Lautaro Martínez,block,assisted,5006,10.2,46.4,0,0,52.4,19.0,8.8,46.6,0.0
13981518,Inter,Hakan Çalhanoğlu,block,assisted,4892,26.9,64.0,0,0,49.2,19.0,22.7,61.9,0.0
13981518,Inter,Federico Dimarco,save,assisted,4405,3.2,32.5,0,0,50.6,17.1,0.3,46.6,0.0
13981518,Inter,Francesco Pio Esposito,miss,assisted,4313,8.8,59.7,0,0,48.9,65.3,,,
13981518,Inter,Hakan Çalhanoğlu,block,set-piece,3930,23.7,57.0,0,0,50.6,19.0,20.5,56.0,0.0
13981518,Inter,Hakan Çalhanoğlu,block,free-kick,3927,27.7,62.2,0,0,50.2,19.0,16.6,57.2,0.0
13981518,Inter,Hakan Çalhanoğlu,miss,throw-in-set-piece,3143,14.4,34.4,0,0,38.8,9.7,,,
13981518,Inter,Lautaro Martínez,block,regular,2866,19.4,69.9,0,0,50.4,19.0,15.9,66.2,0.0
13981518,Hellas Verona,Gift Orban,post,assisted,2839,6.5,57.7,0,0,55.2,1.3,,,
13981518,Hellas Verona,Giovane,goal,fast-break,2345,12.2,68.2,0,0,52.6,25.9,,,
13981518,Hellas Verona,Gift Orban,miss,assisted,2263,5.7,67.6,0,0,42.7,20.8,,,
13981518,Inter,Yann Bisseck,block,corner,1852,7.2,53.4,0,0,50.7,19.0,6.3,52.9,0.0
13981518,Hellas Verona,Martin Frese,save,corner,1718,6.7,61.7,0,0,48.2,23.4,0.90000000000001,52.7,0.0
13981518,Hellas Verona,Giovane,block,assisted,1682,26.3,66.4,0,0,51.6,19.0,23.7,64.6,0.0
13981518,Inter,Carlos Augusto,block,regular,1555,8.7,32.8,0,0,51.0,19.0,7.6,34.8,0.0
13981518,Inter,Alessandro Bastoni,save,assisted,1552,11.2,48.3,0,0,52.2,15.8,1.2,51.1,0.0
13981518,Hellas Verona,Domagoj Bradarić,miss,regular,1411,8.2,40.5,0,0,21.8,11.1,6.7,59.4,0.0
13981518,Hellas Verona,Rafik Belghali,miss,assisted,1247,18.2,59.3,0,0,44.5,63.9,,,
13981518,Inter,Piotr Zieliński,goal,corner,939,19.0,52.2,0,0,52.7,31.0,,,
13981518,Inter,Lautaro Martínez,block,assisted,724,19.4,51.0,0,0,50.3,19.0,17.7,50.9,0.0
13981518,Inter,Lautaro Martínez,save,assisted,685,16.4,54.0,0,0,48.6,3.8,0.5,51.6,0.0
13981518,Inter,Ange-Yoan Bonny,miss,corner,452,7.3,55.1,0,0,39.7,22.2,,,
13981518,Inter,Lautaro Martínez,save,assisted,395,11.1,66.7,0,0,53.8,19.0,0.59999999999999,47.3,0.0
13981518,Inter,Piotr Zieliński,save,assisted,170,8.3,26.2,0,0,49.9,5.1,1.1,44.4,0.0
13981523,Udinese,Keinan Davis,block,assisted,5474,13.8,41.8,0,0,48.5,19.0,12.1,43.0,0.0
13981523,Udinese,Arthur Atta,block,assisted,5282,14.3,56.2,0,0,49.7,19.0,11.1,54.9,0.0
13981523,Udinese,Vakoun Bayo,save,corner,5083,7.1,52.3,0,0,45.9,20.9,1.0,51.3,0.0
13981523,Roma,Stephan El Shaarawy,save,assisted,4706,6.2,28.5,0,0,45.8,2.5,0.59999999999999,45.7,0.0
13981523,Roma,Tommaso Baldanzi,block,assisted,4643,11.8,62.7,0,0,49.4,19.0,10.3,61.2,0.0
13981523,Udinese,Nicolò Zaniolo,save,regular,4318,13.2,51.5,0,0,51.8,17.7,7.1,50.7,0.0
13981523,Roma,Zeki Çelik,goal,assisted,3636,8.8,65.4,0,0,51.6,26.6,,,
13981523,Udinese,Jesper Karlström,block,fast-break,3565,6.3,64.6,0,0,47.9,19.0,5.4,62.8,0.0
13981523,Udinese,Adam Buksa,save,regular,3032,18.6,51.1,0,0,50.4,25.9,1.9,50.2,0.0
13981523,Roma,Tommaso Baldanzi,block,assisted,2601,14.2,44.8,0,0,50.4,19.0,11.1,45.8,0.0
13981523,Udinese,Jesper Karlström,block,regular,2584,29.3,53.8,0,0,51.7,19.0,27.3,53.4,0.0
13981523,Roma,Lorenzo Pellegrini,goal,penalty,2494,11.5,50.0,0,0,46.9,1.3,,,
13981523,Udinese,Jesper Karlström,block,set-piece,2089,13.0,52.5,0,0,48.2,19.0,10.3,52.3,0.0
13981523,Udinese,Hassane Kamara,save,set-piece,2085,33.9,31.6,0,0,50.0,21.5,1.4,49.3,0.0
13981523,Roma,Bryan Cristante,block,regular,1755,19.1,51.5,0,0,49.7,19.0,15.3,51.3,0.0
13981523,Roma,Artem Dovbyk,block,assisted,1752,12.3,37.6,0,0,51.2,19.0,11.0,38.8,0.0
13981523,Udinese,Arthur Atta,miss,fast-break,1541,11.7,68.7,0,0,59.8,5.6,,,
13981523,Roma,Lorenzo Pellegrini,miss,regular,1369,14.3,51.0,0,0,39.0,8.3,,,
13981523,Roma,Matías Soulé,block,assisted,1367,21.3,69.5,0,0,48.1,19.0,19.5,68.1,0.0
13981523,Roma,Zeki Çelik,miss,assisted,1231,7.0,52.3,0,0,57.1,5.6,,,
13981523,Roma,Lorenzo Pellegrini,block,regular,1224,15.0,47.9,0,0,48.2,19.0,13.2,48.4,0.0
13981523,Roma,Manu Koné,save,assisted,753,9.3,36.6,0,0,51.9,1.3,1.1,47.5,0.0
13981523,Roma,Manu Koné,block,regular,751,14.8,34.6,0,0,48.2,19.0,4.5,46.6,0.0
13981531,Juventus,Loïs Openda,miss,assisted,5522,14.1,26.8,0,0,39.2,13.9,,,
13981531,Juventus,Kenan Yıldız,save,assisted,4919,13.3,25.2,0,0,47.2,26.6,2.0,44.8,0.0
13981531,Torino,Che Adams,block,assisted,4883,9.2,61.1,0,0,47.2,19.0,4.5,56.9,0.0
13981531,Juventus,Edon Zhegrova,block,assisted,4652,19.7,69.1,0,0,49.4,19.0,13.2,63.0,0.0
13981531,Juventus,Federico Gatti,miss,corner,4616,8.6,58.2,0,0,62.5,15.3,3.6,46.6,0.0
13981531,Juventus,Jonathan David,block,assisted,4561,13.1,28.3,0,0,49.3,19.0,9.8,33.9,0.0
13981531,Juventus,Jonathan David,block,assisted,4545,11.9,28.2,0,0,51.6,19.0,10.3,30.9,0.0
13981531,Juventus,Weston McKennie,miss,corner,4459,6.4,46.7,0,0,34.8,6.9,3.2,53.4,0.0
13981531,Juventus,Kenan Yıldız,block,assisted,4444,18.5,35.2,0,0,50.1,19.0,11.2,41.0,0.0
13981531,Juventus,Kenan Yıldız,save,assisted,4327,13.7,27.6,0,0,50.3,19.0,2.2,46.0,0.0
13981531,Torino,Kristjan Asllani,miss,assisted,4213,14.7,61.5,0,0,51.1,56.9,,,
13981531,Juventus,Weston McKennie,save,assisted,4042,9.7,52.3,0,0,49.0,17.1,2.4,50.4,0.0
13981531,Juventus,Jonathan David,save,fast-break,3990,2.5,40.3,0,0,52.8,1.9,1.5,43.3,0.0
13981531,Juventus,Edon Zhegrova,block,assisted,3889,8.9,72.8,0,0,46.7,19.0,7.5,69.7,0.0
13981531,Torino,Che Adams,save,regular,3717,14.5,46.2,0,0,48.4,2.5,3.1,49.1,0.0
13981531,Torino,Giovanni Simeone,save,assisted,3587,13.7,45.6,0,0,50.1,23.4,2.2,50.0,0.0
13981531,Torino,Che Adams,miss,regular,3399,4.3,43.6,0,0,60.8,9.7,,,
13981531,Torino,Giovanni Simeone,block,assisted,3397,14.6,59.1,0,0,50.1,19.0,13.1,58.1,0.0
13981531,Torino,Che Adams,miss,fast-break,2998,54.0,45.6,0,0,37.8,15.3,,,
13981531,Juventus,Kenan Yıldız,block,assisted,2960,12.5,38.3,0,0,51.0,19.0,10.9,39.7,0.0
13981531,Juventus,Dušan Vlahović,save,assisted,2673,9.5,50.7,0,0,52.2,22.8,7.7,50.5,0.0
13981531,Juventus,Francisco Conceição,miss,assisted,2417,13.1,74.2,0,0,57.5,6.9,,,
13981531,Juventus,Dušan Vlahović,miss,assisted,2265,19.4,45.7,0,0,37.8,19.4,11.0,51.8,0.0
13981531,Juventus,Weston McKennie,block,assisted,2260,15.2,51.1,0,0,52.4,19.0,13.6,50.7,0.0
13981531,Juventus,Khéphren Thuram,save,regular,1797,21.4,46.9,0,0,49.2,13.3,7.7,49.1,0.0
13981531,Juventus,Dušan Vlahović,block,assisted,1556,8.5,57.0,0,0,49.3,19.0,7.1,56.0,0.0
13981531,Torino,Saúl Coco,save,throw-in-set-piece,1387,8.9,50.8,0,0,50.1,15.8,2.3,50.4,0.0
13981531,Juventus,Manuel Locatelli,miss,regular,387,23.5,64.2,0,0,50.1,84.7,,,
13981531,Juventus,Francisco Conceição,block,assisted,384,12.0,64.0,0,0,53.5,19.0,4.0,51.1,0.0
13981531,Juventus,Manuel Locatelli,block,assisted,46,20.3,44.4,0,0,48.7,19.0,17.1,45.5,0.0
13981529,Cagliari,Zito Luvumbo,save,regular,5212,6.7,34.6,0,0,48.9,16.5,5.1,37.5,0.0
13981529,Como,Jesús Rodriguez,save,corner,3477,5.3,27.9,0,0,47.1,17.1,0.59999999999999,44.9,0.0
13981529,Como,Nico Paz,save,assisted,3435,30.2,45.4,0,0,45.8,7.0,3.1,49.6,0.0
13981529,Como,Álvaro Morata,save,corner,3195,3.1,50.4,0,0,49.8,19.6,0.5,49.6,0.0
13981529,Como,Ivan Smolčić,miss,corner,3193,8.9,61.2,0,0,63.2,13.9,3.5,49.3,0.0
13981529,Como,Nico Paz,save,assisted,2788,24.7,58.7,0,0,53.1,24.7,1.6,50.4,0.0
13981529,Como,Nico Paz,block,assisted,2850,25.6,44.2,0,0,51.1,19.0,20.6,45.1,0.0
13981529,Cagliari,Michael Folorunsho,miss,fast-break,2762,6.9,55.2,0,0,41.3,1.4,,,
13981529,Como,Álex Valle,block,assisted,2368,9.5,43.8,0,0,49.1,19.0,7.7,45.1,0.0
13981529,Cagliari,Mattia Felici,save,assisted,2317,9.7,30.9,0,0,47.1,5.1,1.8,44.8,0.0
13981529,Como,Jacobo Ramón,miss,corner,2291,9.5,48.7,0,0,6.2,36.1,10.1,75.6,0.0
13981529,Como,Nico Paz,save,corner,2250,24.0,49.9,0,0,53.4,17.7,1.2,50.0,0.0
13981529,Como,Jayden Addai,save,assisted,1909,22.2,73.9,0,0,46.8,13.3,4.0,52.7,0.0
13981529,Cagliari,Mattia Felici,miss,assisted,784,9.3,49.1,0,0,67.2,48.6,,,
13981528,Milan,Luka Modrić,save,regular,5399,19.1,54.6,0,0,51.9,4.4,1.9,51.3,0.0
13981528,Milan,Alexis Saelemaekers,miss,fast-break,4873,10.8,55.8,0,0,42.5,73.6,,,
13981528,Milan,Alexis Saelemaekers,miss,regular,4728,5.2,58.3,0,0,41.5,20.8,,,
13981528,Parma,Mandela Keita,miss,corner,4670,26.5,60.5,0,0,0.3,6.9,19.7,67.9,0.0
13981528,Milan,Christian Pulišić,miss,assisted,4547,13.5,49.6,0,0,43.5,2.8,,,
13981528,Milan,Matteo Gabbia,miss,corner,3928,11.0,48.7,0,0,58.3,13.9,,,
13981528,Parma,Enrico Delprato,goal,throw-in-set-piece,3674,3.6,55.8,0,0,49.0,8.2,,,
13981528,Parma,Mateo Pellegrino,post,assisted,3654,13.8,54.6,0,0,44.7,36.7,,,
13981528,Parma,Adrián Bernabé,miss,fast-break,3430,12.7,59.6,0,0,59.7,80.6,,,
13981528,Parma,Enrico Delprato,miss,throw-in-set-piece,3363,4.9,55.5,0,0,62.0,11.1,,,
13981528,Parma,Enrico Delprato,save,throw-in-set-piece,3165,2.5,41.4,0,0,53.6,3.2,0.59999999999999,45.5,0.0
13981528,Parma,Adrián Bernabé,goal,assisted,2752,14.5,72.4,0,0,53.7,27.2,,,
13981528,Milan,Christopher Nkunku,save,assisted,2669,13.6,58.5,0,0,47.8,19.0,1.5,52.5,0.0
13981528,Parma,Abdoulaye Ndiaye,miss,assisted,2390,31.9,36.2,0,0,72.8,1.4,,,
13981528,Parma,Enrico Delprato,save,throw-in-set-piece,2284,7.0,55.0,0,0,51.6,12.7,1.5,52.3,0.0
13981528,Milan,Luka Modrić,save,assisted,2209,21.2,60.7,0,0,47.1,5.1,2.0,51.8,0.0
13981528,Parma,Abdoulaye Ndiaye,miss,throw-in-set-piece,1770,28.6,59.7,0,0,33.1,6.9,23.2,60.8,0.0
13981528,Milan,Rafael Leão,goal,penalty,1491,11.5,50.0,0,0,54.2,2.5,,,
13981528,Parma,Oliver Sørensen,block,corner,1003,16.0,43.4,0,0,51.2,19.0,6.7,47.1,0.0
13981528,Parma,Patrick Cutrone,block,throw-in-set-piece,970,6.9,42.1,0,0,52.1,19.0,5.0,43.7,0.0
13981528,Milan,Alexis Saelemaekers,goal,assisted,715,23.4,62.8,0,0,53.3,4.4,,,
13981528,Parma,Mateo Pellegrino,block,regular,25,22.1,38.9,0,0,47.2,19.0,18.5,41.2,0.0
13981528,Parma,Patrick Cutrone,block,assisted,22,20.4,45.0,0,0,50.0,19.0,17.0,45.8,0.0
13981525,Cremonese,Tommaso Barbieri,block,throw-in-set-piece,5194,13.6,38.3,0,0,50.4,19.0,6.3,43.0,0.0
13981525,Pisa,Simone Canestrelli,miss,set-piece,4730,4.9,55.4,0,0,52.6,52.8,,,
13981525,Pisa,M'Bala Nzola,miss,assisted,4632,8.0,53.6,0,0,58.3,9.7,,,
13981525,Pisa,Idrissa Touré,goal,assisted,4488,7.0,49.0,0,0,45.7,13.3,,,
13981525,Cremonese,Federico Baschirotto,save,corner,4236,6.9,42.1,0,0,51.3,34.2,0.2,47.3,0.0
13981525,Cremonese,Jamie Vardy,save,fast-break,4151,15.1,71.0,0,0,48.4,17.1,0.7,53.4,0.0
13981525,Cremonese,Warren Bondo,miss,assisted,4071,19.1,50.0,0,0,38.7,15.3,,,
13981525,Cremonese,Franco Vázquez,save,corner,3717,5.7,64.4,0,0,46.4,3.2,0.90000000000001,54.2,0.0
13981525,Cremonese,Tommaso Barbieri,miss,assisted,3629,5.2,58.7,0,0,89.6,16.7,,,
13981525,Cremonese,Franco Vázquez,post,assisted,3627,15.0,73.5,0,0,53.2,40.5,,,
13981525,Pisa,Antonio Caracciolo,save,corner,3543,11.5,43.7,0,0,49.7,21.5,1.4,49.3,0.0
13981525,Pisa,M'Bala Nzola,save,assisted,3505,4.8,75.7,0,0,47.4,13.9,4.2,73.5,0.0
13981525,Pisa,M'Bala Nzola,miss,assisted,3163,13.4,27.1,0,0,60.0,91.7,,,
13981525,Pisa,Stefano Moreo,miss,set-piece,3045,5.1,35.4,0,0,57.6,68.1,,,
13981525,Pisa,Isak Vural,miss,throw-in-set-piece,2739,10.7,43.4,0,0,52.1,73.6,,,
13981525,Cremonese,Mikayil Faye,block,set-piece,2575,17.6,33.5,0,0,50.0,19.0,9.4,41.2,0.0
13981525,Cremonese,Franco Vázquez,miss,corner,2142,14.1,36.5,0,0,30.8,87.5,,,
13981525,Cremonese,Jari Vandeputte,block,regular,1935,17.6,52.2,0,0,53.4,19.0,9.0,49.5,0.0
13981525,Cremonese,Jamie Vardy,block,assisted,1933,14.1,54.5,0,0,51.0,19.0,12.3,53.8,0.0
13981525,Pisa,Ebenezer Akinsanmiro,save,assisted,1394,25.7,52.7,0,0,48.3,3.2,1.1,50.2,0.0
13981525,Pisa,Idrissa Touré,miss,assisted,1352,2.0,58.7,0,0,43.0,23.6,,,
13981525,Pisa,Antonio Caracciolo,save,set-piece,1302,7.6,62.1,0,0,48.4,24.1,1.2,52.9,0.0
13981525,Cremonese,Franco Vázquez,miss,corner,859,5.0,66.7,0,0,53.8,79.2,,,
13981525,Cremonese,Franco Vázquez,miss,fast-break,821,18.3,48.3,0,0,56.5,15.3,0.7,43.1,0.0
13981525,Pisa,M'Bala Nzola,save,regular,595,26.0,54.0,0,0,48.3,1.9,1.6,49.6,0.0
13981525,Pisa,Idrissa Touré,miss,regular,163,3.3,65.5,0,0,43.2,52.8,,,
13981526,Lecce,Francesco Camarda,block,regular,5019,11.4,37.8,0,0,50.7,19.0,9.8,39.4,0.0
13981526,Lecce,Riccardo Sottil,save,regular,5015,20.4,35.4,0,0,51.4,20.3,1.5,49.5,0.0
13981526,Lecce,Francesco Camarda,save,assisted,4937,22.5,60.7,0,0,50.3,8.2,1.8,51.8,0.0
13981526,Hellas Verona,Martin Frese,miss,assisted,4533,7.3,47.0,0,0,61.3,12.5,,,
13981526,Lecce,Tiago Gabriel,block,corner,4323,9.5,48.0,0,0,51.5,19.0,8.1,48.1,0.0
13981526,Hellas Verona,Rafik Belghali,save,assisted,4051,7.1,51.0,0,0,52.9,20.9,1.1,49.5,0.0
13981526,Lecce,Nikola Štulić,save,fast-break,3868,19.4,43.6,0,0,49.8,5.7,1.9,49.5,0.0
13981526,Lecce,Medon Berisha,save,fast-break,2420,46.6,14.8,0,0,47.3,23.4,14.9,45.8,0.0
13981526,Hellas Verona,Gift Orban,save,assisted,1671,5.7,66.7,0,0,49.6,14.6,1.4,54.9,0.0
13981526,Lecce,Lameck Banda,save,fast-break,1391,19.5,35.0,0,0,48.1,24.7,1.6,48.2,0.0
13981526,Hellas Verona,Rafik Belghali,miss,regular,1144,3.0,66.2,0,0,43.5,29.2,,,
13981526,Hellas Verona,Abdou Harroui,block,assisted,996,24.0,47.4,0,0,51.0,19.0,14.9,48.0,0.0
13981526,Lecce,Tete Morente,block,assisted,896,10.9,61.8,0,0,49.5,19.0,9.8,60.6,0.0
13981526,Lecce,Medon Berisha,miss,assisted,809,8.9,66.7,0,0,43.5,19.4,,,
13981526,Lecce,Medon Berisha,block,regular,560,22.8,43.0,0,0,50.4,19.0,19.4,44.0,0.0
13981526,Lecce,Lameck Banda,save,assisted,327,8.9,34.4,0,0,50.4,2.5,1.5,47.1,0.0
13981530,Genoa,Patrizio Masini,save,throw-in-set-piece,5441,11.7,56.4,0,0,51.6,13.3,1.4,52.0,0.0
13981530,Fiorentina,Roberto Piccoli,save,assisted,4405,11.6,64.4,0,0,50.6,24.1,1.1,52.9,0.0
13981530,Genoa,Lorenzo Colombo,goal,set-piece,3570,11.6,37.6,0,0,50.0,3.8,,,
13981530,Genoa,Leo Østigård,save,set-piece,3566,4.5,42.7,0,0,51.3,24.7,4.0,43.3,0.0
13981530,Genoa,Morten Thorsby,miss,set-piece,3565,14.1,50.5,0,0,65.7,5.6,4.9,45.1,0.0
13981530,Fiorentina,Roberto Piccoli,goal,assisted,3409,12.5,45.2,0,0,47.2,10.8,,,
13981530,Fiorentina,Niccolò Fortini,block,corner,3142,25.4,55.2,0,0,48.0,19.0,18.5,54.3,0.0
13981530,Genoa,Johan Vásquez,miss,corner,3068,8.8,51.1,0,0,50.1,80.6,,,
13981530,Genoa,Lorenzo Colombo,save,penalty,2989,11.5,50.0,0,0,46.8,1.9,0.5,50.0,0.0
13981530,Fiorentina,Niccolò Fortini,block,regular,2758,20.7,42.5,0,0,50.8,19.0,17.7,43.5,0.0
13981530,Genoa,Lorenzo Colombo,miss,assisted,2641,8.2,57.5,0,0,32.1,62.5,,,
13981530,Genoa,Alessandro Marcandalli,save,corner,2562,8.8,48.1,0,0,50.7,20.3,0.90000000000001,49.3,0.0
13981530,Genoa,Vitinha,block,regular,1701,28.2,55.2,0,0,50.3,19.0,26.9,54.9,0.0
13981530,Fiorentina,Albert Guðmundsson,goal,penalty,1148,11.5,50.0,0,0,47.0,20.9,,,
13981530,Fiorentina,Roberto Piccoli,miss,assisted,1015,9.4,56.4,0,0,79.7,9.7,9.0,55.4,0.0
13981530,Genoa,Leo Østigård,goal,set-piece,842,8.0,47.9,0,0,45.9,8.9,,,
13981530,Fiorentina,Pablo Marí,miss,corner,293,16.7,34.2,0,0,52.8,98.6,,,
13981521,Atalanta,Gianluca Scamacca,miss,assisted,5333,24.4,69.1,0,0,43.2,81.9,,,
13981521,Atalanta,Gianluca Scamacca,miss,corner,5223,18.4,45.0,0,0,51.3,72.2,,,
13981521,Atalanta,Nicola Zalewski,miss,assisted,5085,12.1,33.1,0,0,43.0,8.3,,,
13981521,Atalanta,Gianluca Scamacca,miss,free-kick,4748,26.1,52.7,0,0,51.6,84.7,,,
13981521,Sassuolo,Domenico Berardi,goal,assisted,3906,13.7,54.3,0,0,53.2,8.9,,,
13981521,Sassuolo,Kristian Thorstvedt,miss,regular,3316,8.6,56.6,0,0,42.4,27.8,,,
13981521,Atalanta,Nikola Krstović,miss,assisted,3264,8.3,41.3,0,0,41.2,2.8,,,
13981521,Atalanta,Ademola Lookman,block,assisted,3144,15.1,33.1,0,0,50.8,15.3,13.4,34.5,0.0
13981521,Atalanta,Nikola Krstović,block,assisted,3120,7.8,52.2,0,0,48.7,18.1,6.2,51.3,0.0
13981521,Sassuolo,Fali Candé,miss,fast-break,3059,27.1,31.9,0,0,59.8,84.7,,,
13981521,Atalanta,Davide Zappacosta,block,corner,3046,26.5,35.8,0,0,50.1,19.4,12.5,43.5,0.0
13981521,Atalanta,Ademola Lookman,save,assisted,3017,20.3,38.5,0,0,51.1,13.3,1.9,49.3,0.0
13981521,Atalanta,Lazar Samardžić,miss,assisted,2857,22.2,43.9,0,0,52.3,75.0,,,
13981521,Sassuolo,Andrea Pinamonti,goal,fast-break,2782,10.1,45.1,0,0,46.7,22.2,,,
13981521,Atalanta,Mario Pašalić,miss,assisted,2449,6.0,54.2,0,0,39.8,9.7,,,
13981521,Sassuolo,Fali Candé,miss,assisted,2296,14.1,46.6,0,0,34.3,95.8,,,
13981521,Atalanta,Davide Zappacosta,block,assisted,2081,13.5,28.0,0,0,52.8,13.9,3.5,43.7,0.0
13981521,Sassuolo,Domenico Berardi,goal,penalty,1731,11.5,50.0,0,0,46.6,6.3,,,
13981521,Atalanta,Nikola Krstović,block,assisted,612,19.1,53.1,0,0,51.5,19.0,17.5,52.7,0.0
13981521,Atalanta,Ademola Lookman,save,regular,476,12.9,44.0,0,0,48.1,19.0,2.2,50.5,0.0
13981521,Sassuolo,Nemanja Matić,save,regular,217,34.0,70.9,0,0,49.0,15.2,4.4,51.6,0.0
13981521,Sassuolo,Kristian Thorstvedt,block,fast-break,40,13.9,51.7,0,0,52.6,5.6,12.0,51.3,0.0
13981519,Bologna,Federico Bernardeschi,miss,assisted,5348,18.9,40.3,0,0,37.1,61.1,,,
13981519,Bologna,Juan Miranda,block,assisted,5085,2.7,33.8,0,0,53.6,19.0,2.3,35.7,0.0
13981519,Bologna,Federico Bernardeschi,miss,set-piece,4338,22.3,59.1,0,0,48.6,90.3,,,
13981519,Bologna,Nicolò Cambiaghi,block,set-piece,4334,24.3,24.7,0,0,49.2,19.0,11.0,39.0,0.0
13981519,Napoli,Scott McTominay,block,free-kick,4118,21.3,69.6,0,0,51.3,19.0,13.8,62.3,0.0
13981519,Bologna,Jhon Lucumí,goal,set-piece,3946,5.7,51.9,0,0,46.8,25.3,,,
13981519,Bologna,Riccardo Orsolini,save,set-piece,3448,8.9,77.1,0,0,46.4,23.4,0.5,54.2,0.0
13981519,Bologna,Thijs Dallinga,goal,assisted,2952,3.8,42.5,0,0,53.2,17.7,,,
13981519,Napoli,Scott McTominay,miss,corner,2956,8.3,50.8,0,0,0.7,12.5,6.7,60.1,0.0
13981519,Bologna,Thijs Dallinga,miss,assisted,2047,10.8,51.8,0,0,39.2,20.8,,,
13981519,Bologna,Jonathan Rowe,save,assisted,1904,28.2,45.0,0,0,52.8,13.9,1.9,47.5,0.0
13981519,Bologna,Jhon Lucumí,miss,corner,1284,6.0,54.2,0,0,44.2,61.1,,,
13981519,Bologna,Jonathan Rowe,block,assisted,1167,27.7,41.1,0,0,50.9,19.0,25.0,41.9,0.0
13981519,Napoli,Eljif Elmas,save,fast-break,1133,20.8,33.3,0,0,47.2,9.5,2.7,47.3,0.0
13981519,Napoli,Rasmus Højlund,block,assisted,993,20.6,41.2,0,0,52.0,19.0,18.0,42.1,0.0
13981527,Lazio,Luca Pellegrini,save,assisted,5195,3.6,37.0,0,0,51.3,21.5,2.2,42.4,0.0
13981527,Lazio,Tijjani Noslin,save,assisted,4967,14.1,27.3,0,0,51.9,4.4,1.5,47.7,0.0
13981527,Inter,Carlos Augusto,save,assisted,4688,6.6,73.8,0,0,49.1,0.6,1.6,54.9,0.0
13981527,Lazio,Mario Gila Fuentes,save,set-piece,4611,8.9,45.2,0,0,50.0,19.0,0.90000000000001,48.7,0.0
13981527,Lazio,Pedro,miss,assisted,4418,20.1,64.6,0,0,59.2,12.5,,,
13981527,Inter,Ange-Yoan Bonny,goal,assisted,3660,3.6,51.6,0,0,48.7,10.8,,,
13981527,Inter,Lautaro Martínez,miss,assisted,3430,14.4,51.9,0,0,40.8,68.1,,,
13981527,Lazio,Mattéo Guendouzi,save,assisted,3128,18.4,55.4,0,0,53.1,0.6,2.3,50.9,0.0
13981527,Lazio,Gustav Isaksen,miss,set-piece,1984,28.8,56.0,0,0,38.8,4.2,15.7,58.5,0.0
13981527,Lazio,Gustav Isaksen,save,assisted,1726,26.0,60.1,0,0,49.7,22.8,1.6,50.7,0.0
13981527,Inter,Manuel Akanji,miss,assisted,1685,18.9,64.5,0,0,49.9,56.9,,,
13981527,Inter,Petar Sučić,miss,fast-break,1448,11.7,38.4,0,0,42.7,4.2,,,
13981527,Lazio,Mattia Zaccagni,miss,assisted,1037,18.5,50.5,0,0,48.7,83.3,,,
13981527,Inter,Lautaro Martínez,miss,set-piece,479,2.3,51.3,0,0,49.4,55.6,,,
13981527,Inter,Lautaro Martínez,goal,assisted,124,12.5,30.4,0,0,47.3,28.5,,,
13981527,Inter,Nicolò Barella,block,regular,66,12.8,59.4,0,0,46.6,19.0,11.6,58.8,0.0
13981538,Inter,Marcus Thuram,block,assisted,5510,22.1,30.6,0,0,50.1,19.0,20.7,31.9,0.0
13981538,Inter,Ange-Yoan Bonny,miss,assisted,5311,18.2,47.0,0,0,50.9,86.1,,,
13981538,Inter,Andy Diouf,save,assisted,5247,25.0,59.3,0,0,51.0,7.6,2.2,51.1,0.0
13981538,Inter,Francesco Acerbi,miss,corner,4854,3.6,48.5,0,0,35.5,5.6,1.5,58.1,0.0
13981538,Inter,Federico Dimarco,save,regular,4475,10.7,26.8,0,0,54.2,1.9,1.2,47.7,0.0
13981538,Inter,Hakan Çalhanoğlu,save,penalty,4382,11.5,50.0,0,0,53.0,9.5,0.5,50.0,0.0
13981538,Milan,Youssouf Fofana,save,assisted,4073,11.4,71.4,0,0,52.3,3.2,1.2,53.2,0.0
13981538,Inter,Alessandro Bastoni,miss,assisted,3504,12.8,33.6,0,0,46.9,81.9,,,
13981538,Inter,Hakan Çalhanoğlu,block,regular,3483,28.8,58.7,0,0,50.8,19.0,5.1,50.9,0.0
13981538,Milan,Christian Pulišić,goal,fast-break,3192,3.6,44.6,0,0,52.4,12.7,,,
13981538,Milan,Alexis Saelemaekers,save,fast-break,3190,21.6,62.4,0,0,53.2,0.6,3.3,52.9,0.0
13981538,Inter,Marcus Thuram,save,assisted,3051,14.4,31.9,0,0,48.1,19.6,2.5,46.9,0.0
13981538,Inter,Nicolò Barella,block,assisted,2950,10.4,65.8,0,0,50.0,19.0,9.4,64.2,0.0
13981538,Milan,Christian Pulišić,miss,regular,2588,23.7,48.1,0,0,43.0,15.3,,,
13981538,Milan,Alexis Saelemaekers,miss,regular,2414,16.1,63.6,0,0,58.5,93.1,,,
13981538,Inter,Lautaro Martínez,save,throw-in-set-piece,2188,12.3,52.8,0,0,47.3,5.7,1.2,49.5,0.0
13981538,Inter,Carlos Augusto,block,assisted,2146,10.8,67.9,0,0,49.0,19.0,9.1,65.2,0.0
13981538,Inter,Hakan Çalhanoğlu,miss,assisted,1739,20.1,56.8,0,0,63.9,27.8,,,
13981538,Inter,Francesco Acerbi,post,corner,1587,3.9,41.3,0,0,55.4,32.3,,,
13981538,Milan,Youssouf Fofana,miss,assisted,1447,25.3,53.4,0,0,62.7,83.3,,,
13981538,Milan,Davide Bartesaghi,miss,regular,930,12.8,34.8,0,0,36.5,9.7,,,
13981538,Inter,Petar Sučić,miss,corner,874,19.2,44.0,0,0,54.8,76.4,,,
13981538,Inter,Federico Dimarco,block,assisted,836,22.5,39.1,0,0,50.3,19.0,19.5,40.5,0.0
13981538,Inter,Lautaro Martínez,block,assisted,830,11.6,49.1,0,0,49.5,19.0,10.3,49.3,0.0
13981538,Inter,Manuel Akanji,miss,corner,746,9.9,43.4,0,0,33.1,11.1,7.7,51.6,0.0
13981538,Inter,Marcus Thuram,save,corner,185,8.8,55.2,0,0,46.4,14.6,1.2,50.7,0.0
13981538,Inter,Nicolò Barella,miss,corner,172,20.4,62.2,0,0,65.4,15.3,10.1,48.9,0.0
13981541,Cremonese,Francesco Folino,goal,corner,5557,7.0,47.2,0,0,52.4,13.9,,,
13981541,Roma,Zeki Çelik,miss,assisted,5411,12.7,78.3,0,0,42.9,86.1,,,
13981541,Cremonese,Franco Vázquez,block,assisted,4296,25.1,51.2,0,0,50.7,19.0,21.2,50.9,0.0
13981541,Roma,Manu Koné,block,assisted,4230,21.0,45.2,0,0,49.4,19.0,17.1,46.2,0.0
13981541,Roma,Wesley,goal,assisted,4101,13.9,35.4,0,0,48.1,5.7,,,
13981541,Cremonese,Federico Bonazzoli,miss,assisted,4028,14.4,63.2,0,0,43.7,4.2,,,
13981541,Roma,Evan Ferguson,goal,assisted,3830,13.0,44.8,0,0,47.1,12.0,,,
13981541,Roma,Matías Soulé,miss,fast-break,3508,18.4,55.4,0,0,57.6,23.6,,,
13981541,Roma,Gianluca Mancini,block,set-piece,3214,5.4,47.1,0,0,52.1,19.0,4.1,47.3,0.0
13981541,Cremonese,Federico Bonazzoli,block,assisted,3066,26.8,45.0,0,0,54.6,20.8,22.7,44.9,0.0
13981541,Cremonese,Tommaso Barbieri,block,throw-in-set-piece,2755,10.5,15.2,0,0,50.7,19.0,6.2,29.2,0.0
13981541,Roma,Tommaso Baldanzi,save,assisted,2483,26.3,59.7,0,0,51.0,3.2,1.9,51.4,0.0
13981541,Roma,Lorenzo Pellegrini,save,throw-in-set-piece,2310,10.8,54.6,0,0,49.3,32.3,2.2,52.0,0.0
13981541,Roma,Zeki Çelik,miss,regular,2251,13.3,57.7,0,0,57.5,90.3,,,
13981541,Cremonese,Jari Vandeputte,save,regular,1796,3.5,41.9,0,0,49.2,7.0,1.5,45.3,0.0
13981541,Cremonese,Jari Vandeputte,save,assisted,1793,10.8,51.2,0,0,49.8,5.7,1.6,51.3,0.0
13981541,Roma,Tommaso Baldanzi,save,assisted,1548,17.2,47.2,0,0,50.6,23.4,2.2,49.6,0.0
13981541,Roma,Matías Soulé,goal,assisted,974,17.6,44.7,0,0,54.0,6.3,,,
13981541,Cremonese,Federico Bonazzoli,save,assisted,851,9.6,45.3,0,0,48.4,3.8,2.0,48.6,0.0
13981541,Cremonese,Martín Payero,miss,assisted,657,23.2,64.2,0,0,40.3,16.7,,,
13981541,Roma,Bryan Cristante,block,assisted,573,22.5,55.8,0,0,51.3,19.0,13.8,53.1,0.0
13981533,Atalanta,Nicola Zalewski,miss,assisted,5623,20.9,39.3,0,0,34.5,51.4,,,
13981533,Napoli,Lorenzo Lucca,block,assisted,5518,13.8,36.9,0,0,52.4,19.0,12.3,38.1,0.0
13981533,Napoli,Matteo Politano,miss,corner,5299,24.0,52.7,0,0,56.8,8.3,9.2,51.4,0.0
13981533,Napoli,Giovanni Di Lorenzo,save,corner,5296,3.9,35.9,0,0,52.6,6.3,0.7,45.8,0.0
13981533,Atalanta,Gianluca Scamacca,miss,assisted,5209,13.1,54.7,0,0,64.0,26.4,,,
13981533,Atalanta,Ademola Lookman,save,assisted,4828,26.3,36.0,0,0,50.5,8.9,2.5,49.3,0.0
13981533,Atalanta,Ademola Lookman,block,assisted,4215,13.9,61.2,0,0,47.6,19.0,11.9,59.9,0.0
13981533,Atalanta,Berat Djimsiti,miss,set-piece,4064,11.4,42.6,0,0,60.7,15.3,,,
13981533,Atalanta,Raoul Bellanova,miss,corner,3968,28.4,64.8,0,0,47.9,86.1,,,
13981533,Atalanta,Gianluca Scamacca,save,assisted,3943,21.3,49.8,0,0,46.1,11.4,2.8,49.1,0.0
13981533,Atalanta,Charles De Ketelaere,miss,assisted,3866,16.7,73.6,0,0,53.9,61.1,,,
13981533,Atalanta,Davide Zappacosta,block,assisted,3659,17.8,31.1,0,0,54.2,19.0,16.6,32.1,0.0
13981533,Atalanta,Gianluca Scamacca,goal,assisted,3109,9.1,54.2,0,0,46.4,12.7,,,
13981533,Atalanta,Charles De Ketelaere,miss,assisted,3060,15.1,34.2,0,0,37.0,1.4,,,
13981533,Napoli,Scott McTominay,save,free-kick,2854,18.7,51.8,0,0,51.2,2.5,2.4,50.7,0.0
13981533,Napoli,Scott McTominay,block,corner,2777,3.2,52.6,0,0,49.3,19.0,2.2,52.0,0.0
13981533,Napoli,Scott McTominay,save,assisted,2745,6.4,66.1,0,0,48.5,17.1,1.1,55.1,0.0
13981533,Napoli,Noa Lang,goal,assisted,2654,2.3,45.8,0,0,51.6,15.2,,,
13981533,Atalanta,Davide Zappacosta,miss,assisted,2601,18.8,69.9,0,0,60.5,16.7,,,
13981533,Napoli,David Neres,goal,assisted,2263,13.6,37.1,0,0,47.4,2.5,,,
13981533,Atalanta,Mario Pašalić,miss,fast-break,2100,18.7,46.6,0,0,42.5,80.6,,,
13981533,Atalanta,Charles De Ketelaere,miss,assisted,1912,21.3,57.6,0,0,59.8,87.5,,,
13981533,Napoli,Scott McTominay,miss,assisted,1737,26.6,44.0,0,0,33.1,69.4,,,
13981533,Napoli,David Neres,goal,assisted,964,12.7,57.1,0,0,52.5,3.8,,,
13981533,Napoli,Giovanni Di Lorenzo,miss,regular,188,7.0,66.0,0,0,42.4,4.2,,,
13981532,Parma,Mateo Pellegrino,save,assisted,5539,27.1,67.3,0,0,48.9,15.2,1.8,52.2,0.0
13981532,Parma,Mateo Pellegrino,goal,regular,4773,14.3,53.6,0,0,51.9,17.7,,,
13981532,Hellas Verona,Daniel Mosquera,miss,fast-break,4317,15.0,34.5,0,0,1.5,2.8,8.6,100.0,0.0
13981532,Parma,Lautaro Valenti,save,free-kick,4221,31.1,46.3,0,0,47.9,3.2,1.0,50.0,0.0
13981532,Hellas Verona,Martin Frese,block,free-kick,4102,25.0,64.3,0,0,49.2,20.8,12.7,56.7,0.0
13981532,Hellas Verona,Giovane,goal,assisted,3861,8.2,52.1,0,0,50.8,19.6,,,
13981532,Parma,Mateo Pellegrino,block,throw-in-set-piece,3844,19.3,55.3,0,0,54.3,9.7,12.4,52.9,0.0
13981532,Parma,Mateo Pellegrino,block,set-piece,3782,13.9,60.0,0,0,53.8,16.7,12.4,58.3,0.0
13981532,Parma,Adrián Bernabé,block,free-kick,3780,24.0,50.5,0,0,46.7,19.0,12.7,49.5,0.0
13981532,Parma,Patrick Cutrone,save,assisted,3683,20.9,61.7,0,0,52.6,5.7,4.1,53.1,0.0
13981532,Hellas Verona,Giovane,save,assisted,3476,24.6,60.7,0,0,52.4,14.6,1.5,52.2,0.0
13981532,Parma,Mateo Pellegrino,block,assisted,3335,12.9,61.2,0,0,49.1,19.0,10.9,59.6,0.0
13981532,Parma,Adrián Bernabé,block,assisted,3030,19.1,50.5,0,0,49.0,19.0,17.5,50.5,0.0
13981532,Parma,Patrick Cutrone,save,regular,3020,14.2,68.4,0,0,50.7,15.8,2.2,53.2,0.0
13981532,Hellas Verona,Gift Orban,block,assisted,2978,19.8,61.1,0,0,52.7,19.0,18.1,59.9,0.0
13981532,Parma,Mandela Keita,save,regular,2957,24.7,68.1,0,0,45.6,2.5,1.5,52.0,0.0
13981532,Parma,Oliver Sørensen,miss,assisted,2922,12.6,48.1,0,0,41.7,12.5,,,
13981532,Hellas Verona,Antoine Bernede,miss,assisted,1794,19.9,33.7,0,0,40.3,62.5,,,
13981532,Parma,Mateo Pellegrino,goal,throw-in-set-piece,1064,7.7,48.8,0,0,50.3,24.1,,,
13981532,Parma,Oliver Sørensen,post,throw-in-set-piece,1063,6.5,50.3,0,0,52.5,39.2,,,
13981532,Parma,Oliver Sørensen,miss,assisted,807,21.6,49.5,0,0,41.3,12.5,,,
13981532,Hellas Verona,Gift Orban,miss,regular,697,12.9,64.6,0,0,41.8,11.1,,,
13981532,Hellas Verona,Gift Orban,block,assisted,696,12.3,66.7,0,0,53.6,4.2,10.7,64.4,0.0
13981532,Hellas Verona,Jean-Daniel Akpa Akpro,block,corner,83,6.0,48.5,0,0,51.2,19.0,4.7,48.6,0.0
13981532,Hellas Verona,Giovane,block,assisted,26,18.5,66.4,0,0,52.1,15.3,10.6,59.6,0.0
13981536,Sassuolo,Kristian Thorstvedt,goal,assisted,5655,5.5,48.3,0,0,53.4,3.2,,,
13981536,Sassuolo,Josh Doig,save,assisted,5564,26.9,34.8,0,0,50.4,28.5,2.3,49.3,0.0
13981536,Sassuolo,Andrea Pinamonti,miss,assisted,5436,8.7,39.2,0,0,45.4,79.2,,,
13981536,Sassuolo,Domenico Berardi,miss,assisted,5304,8.3,62.1,0,0,76.0,19.4,1.9,18.4,0.0
13981536,Sassuolo,Andrea Pinamonti,block,assisted,5205,11.0,57.1,0,0,49.9,19.0,8.9,55.8,0.0
13981536,Sassuolo,Andrea Pinamonti,save,assisted,5149,10.4,36.0,0,0,51.0,1.3,1.5,47.5,0.0
13981536,Sassuolo,Domenico Berardi,miss,assisted,4939,6.6,66.5,0,0,63.2,12.5,2.3,51.1,0.0
13981536,Pisa,Henrik Wendel Meister,goal,fast-break,4824,11.0,35.1,0,0,52.3,13.9,,,
13981536,Sassuolo,Woyo Coulibaly,save,assisted,4198,21.6,65.6,0,0,51.6,8.2,2.2,50.2,0.0
13981536,Sassuolo,Ismael Koné,miss,assisted,4057,20.7,57.9,0,0,46.1,69.4,,,
13981536,Pisa,Henrik Wendel Meister,save,assisted,3931,8.3,64.0,0,0,48.6,3.2,7.0,61.9,0.0
13981536,Sassuolo,Armand Laurienté,miss,free-kick,3804,27.4,37.8,0,0,46.7,58.3,,,
13981536,Sassuolo,Woyo Coulibaly,miss,assisted,3675,9.8,74.2,0,0,43.5,30.6,,,
13981536,Sassuolo,Armand Laurienté,block,regular,3669,20.9,37.6,0,0,50.6,19.0,18.0,39.5,0.0
13981536,Sassuolo,Kristian Thorstvedt,block,assisted,3649,13.0,31.8,0,0,52.0,19.0,7.2,39.0,0.0
13981536,Sassuolo,Andrea Pinamonti,block,assisted,3327,10.0,66.8,0,0,49.5,19.0,8.8,64.8,0.0
13981536,Sassuolo,Andrea Pinamonti,save,fast-break,3078,6.2,45.7,0,0,53.3,3.2,1.2,48.4,0.0
13981536,Pisa,Mehdi Léris,miss,regular,3061,16.6,30.1,0,0,59.8,20.8,10.1,37.5,0.0
13981536,Sassuolo,Domenico Berardi,save,regular,2864,24.7,62.0,0,0,51.8,0.6,2.0,49.8,0.0
13981536,Sassuolo,Fali Candé,miss,throw-in-set-piece,2819,21.0,37.8,0,0,54.8,68.1,,,
13981536,Sassuolo,Alieu Fadera,block,assisted,2660,23.4,36.2,0,0,47.9,19.0,18.5,39.5,0.0
13981536,Pisa,Antonio Caracciolo,miss,set-piece,2382,8.5,55.6,0,0,49.9,62.5,,,
13981536,Sassuolo,Tarik Muharemović,miss,corner,2091,7.9,54.4,0,0,34.8,13.9,,,
13981536,Sassuolo,Alieu Fadera,miss,assisted,1882,4.0,36.2,0,0,61.5,16.7,,,
13981536,Sassuolo,Kristian Thorstvedt,miss,corner,1815,6.6,53.4,0,0,40.2,95.8,,,
13981536,Pisa,Matteo Tramoni,miss,throw-in-set-piece,1341,13.9,55.2,0,0,52.9,72.2,,,
13981536,Pisa,Matteo Tramoni,miss,assisted,1128,13.8,46.0,0,0,31.9,8.3,,,
13981536,Pisa,Antonio Caracciolo,miss,corner,960,8.1,45.3,0,0,68.1,12.5,,,
13981536,Pisa,Mehdi Léris,block,fast-break,927,14.8,30.5,0,0,49.2,19.0,13.2,32.6,0.0
13981536,Pisa,Gabriele Piccinini,block,set-piece,867,11.1,44.8,0,0,50.1,19.0,9.0,45.8,0.0
13981536,Sassuolo,Nemanja Matić,goal,corner,349,14.4,45.5,0,0,45.8,10.1,,,
13981536,Pisa,M'Bala Nzola,goal,penalty,211,11.5,50.0,0,0,47.1,25.9,,,
13981537,Lazio,Tijjani Noslin,goal,regular,5696,3.1,58.3,0,0,47.2,6.3,,,
13981537,Lazio,Tijjani Noslin,save,assisted,5694,11.9,57.6,0,0,48.3,12.0,6.4,54.5,0.0
13981537,Lecce,Mohamed Kaba,block,assisted,5424,17.8,51.3,0,0,50.9,19.0,16.6,51.2,0.0
13981537,Lazio,Toma Bašić,miss,assisted,5073,27.9,54.0,0,0,60.0,8.3,,,
13981537,Lecce,Lameck Banda,block,free-kick,4829,21.5,58.1,0,0,50.0,19.0,15.8,56.0,0.0
13981537,Lazio,Mattia Zaccagni,post,assisted,4266,11.4,45.1,0,0,44.5,9.5,,,
13981537,Lazio,Mattéo Guendouzi,save,assisted,4259,19.0,52.9,0,0,46.1,5.7,1.1,50.9,0.0
13981537,Lecce,Tiago Gabriel,save,regular,4037,18.7,39.7,0,0,50.1,1.3,1.2,47.3,0.0
13981537,Lecce,Santiago Pierotti,miss,assisted,3904,8.3,57.3,0,0,61.8,61.1,,,
13981537,Lazio,Gustav Isaksen,miss,assisted,3437,8.9,32.1,0,0,36.3,2.8,,,
13981537,Lazio,Toma Bašić,miss,corner,3356,19.5,27.4,0,0,52.6,58.3,,,
13981537,Lazio,Gustav Isaksen,save,corner,3309,13.3,56.8,0,0,47.7,19.0,1.4,51.8,0.0
13981537,Lazio,Adam Marušić,save,corner,3306,4.3,58.3,0,0,49.4,0.6,0.7,53.8,0.0
13981537,Lecce,Kialonda Gaspar,block,corner,2784,11.1,43.8,0,0,51.0,19.0,10.2,44.2,0.0
13981537,Lazio,Mattéo Guendouzi,miss,assisted,2475,17.2,62.2,0,0,57.5,26.4,,,
13981537,Lazio,Boulaye Dia,block,corner,2356,14.7,45.2,0,0,50.0,19.0,11.6,46.2,0.0
13981537,Lazio,Toma Bašić,save,regular,2148,24.4,46.0,0,0,49.2,2.5,2.0,50.7,0.0
13981537,Lazio,Gustav Isaksen,block,assisted,2144,18.4,71.4,0,0,51.7,19.0,14.8,67.4,0.0
13981537,Lazio,Mattéo Guendouzi,goal,throw-in-set-piece,1734,14.4,53.6,0,0,54.6,9.5,,,
13981537,Lazio,Boulaye Dia,save,regular,1533,8.4,60.5,0,0,50.6,1.9,0.7,53.4,0.0
13981537,Lazio,Toma Bašić,block,assisted,1156,24.4,49.9,0,0,52.0,19.0,21.1,49.6,0.0
13981537,Lazio,Gustav Isaksen,miss,throw-in-set-piece,948,8.2,62.1,0,0,39.2,8.3,,,
13981537,Lazio,Boulaye Dia,block,fast-break,845,6.7,69.1,0,0,49.6,19.0,4.8,63.8,0.0
13981537,Lazio,Mattéo Guendouzi,save,assisted,506,21.6,53.8,0,0,47.4,3.8,2.2,50.0,0.0
13981535,Como,Martin Baturina,goal,regular,5135,15.5,37.1,0,0,47.4,5.7,,,
13981535,Torino,Alieu Njie,save,assisted,4887,8.5,33.6,0,0,47.1,4.4,6.2,37.0,0.0
13981535,Como,Nico Paz,miss,fast-break,4843,16.2,32.8,0,0,57.1,56.9,,,
13981535,Torino,Kristjan Asllani,miss,assisted,4773,26.8,33.3,0,0,42.0,83.3,,,
13981535,Como,Nico Paz,goal,assisted,4522,7.6,38.7,0,0,52.9,1.9,,,
13981535,Torino,Nikola Vlašić,miss,assisted,4437,13.5,55.2,0,0,46.6,70.8,,,
13981535,Como,Jacobo Ramón,goal,corner,4248,6.7,54.3,0,0,54.3,15.8,,,
13981535,Como,Mërgim Vojvoda,block,corner,4236,9.6,62.5,0,0,47.3,19.0,6.6,59.4,0.0
13981535,Como,Jesús Rodriguez,miss,assisted,4152,10.2,58.9,0,0,32.6,65.3,,,
13981535,Como,Jayden Addai,goal,assisted,3097,18.7,55.8,0,0,46.7,8.9,,,
13981535,Torino,Duván Zapata,miss,assisted,2911,9.6,45.3,0,0,61.2,61.1,,,
13981535,Torino,Cesare Casadei,miss,regular,2829,12.2,58.6,0,0,50.9,61.1,,,
13981535,Como,Lucas Da Cunha,block,regular,2758,19.2,59.4,0,0,53.2,19.0,7.9,52.0,0.0
13981535,Como,Álvaro Morata,miss,regular,2839,10.0,51.9,0,0,46.6,54.2,,,
13981535,Torino,Nikola Vlašić,goal,penalty,2775,11.5,50.0,0,0,53.7,14.6,,,
13981535,Como,Jacobo Ramón,block,corner,2486,8.0,47.7,0,0,50.8,19.0,6.3,48.0,0.0
13981535,Como,Jayden Addai,miss,fast-break,2254,15.6,72.7,0,0,41.7,6.9,,,
13981535,Como,Jayden Addai,goal,assisted,2151,7.3,54.9,0,0,48.7,19.6,,,
13981535,Torino,Kristjan Asllani,miss,assisted,2102,22.9,64.6,0,0,60.3,22.2,,,
13981535,Torino,Adrien Tameze,miss,regular,2081,14.4,67.1,0,0,65.4,11.1,9.7,54.7,0.0
13981535,Como,Álvaro Morata,save,set-piece,1528,4.3,47.7,0,0,50.3,10.1,2.3,48.2,0.0
13981535,Como,Ivan Smolčić,save,set-piece,1525,5.0,50.3,0,0,49.5,19.0,3.1,50.4,0.0
13981535,Torino,Adrien Tameze,miss,corner,884,3.2,42.4,0,0,43.7,65.3,,,
13981535,Torino,Kristjan Asllani,block,regular,845,22.8,35.6,0,0,52.3,19.0,20.8,36.6,0.0
13981535,Como,Álvaro Morata,miss,assisted,288,10.3,49.8,0,0,41.7,13.9,,,
13981539,Juventus,Pierre Kalulu,block,assisted,5558,8.2,61.8,0,0,50.3,19.0,6.6,59.4,0.0
13981539,Juventus,Francisco Conceição,block,assisted,5555,15.6,71.4,0,0,50.3,19.0,8.3,61.2,0.0
13981539,Juventus,Teun Koopmeiners,block,corner,5441,10.4,44.4,0,0,54.1,19.0,9.2,44.6,0.0
13981539,Juventus,Weston McKennie,save,regular,4790,6.0,51.1,0,0,48.6,32.3,1.6,49.8,0.0
13981539,Juventus,Manuel Locatelli,block,regular,4749,17.7,50.0,0,0,49.4,11.1,16.4,49.8,0.0
13981539,Juventus,Francisco Conceição,block,assisted,4691,5.5,68.3,0,0,53.6,11.1,4.2,64.3,0.0
13981539,Juventus,Fabio Miretti,miss,set-piece,4492,9.9,71.8,0,0,43.5,13.9,,,
13981539,Juventus,Dušan Vlahović,miss,assisted,4296,12.9,43.8,0,0,38.3,88.9,,,
13981539,Fiorentina,Moise Kean,miss,fast-break,3990,10.8,38.5,0,0,40.3,4.2,6.7,40.2,0.0
13981539,Juventus,Khéphren Thuram,block,assisted,3881,18.9,40.0,0,0,51.7,19.0,16.7,41.0,0.0
13981539,Fiorentina,Niccolò Fortini,miss,corner,3692,24.3,66.6,0,0,58.7,22.2,,,
13981539,Juventus,Kenan Yıldız,save,fast-break,3386,18.8,48.1,0,0,48.3,6.3,3.5,49.8,0.0
13981539,Juventus,Dušan Vlahović,block,free-kick,3265,23.7,32.8,0,0,52.8,19.0,12.9,39.3,0.0
13981539,Fiorentina,Fabiano Parisi,block,corner,3133,13.8,47.3,0,0,50.5,19.0,11.6,47.7,0.0
13981539,Fiorentina,Moise Kean,save,assisted,3057,22.9,62.4,0,0,54.5,2.5,1.9,51.6,0.0
13981539,Juventus,Manuel Locatelli,save,regular,3029,18.5,55.2,0,0,50.9,14.6,1.0,50.5,0.0
13981539,Juventus,Weston McKennie,miss,regular,3012,13.9,46.2,0,0,19.3,12.5,12.5,48.2,0.0
13981539,Fiorentina,Rolando Mandragora,goal,assisted,2865,26.7,50.6,0,0,46.5,29.7,,,
13981539,Fiorentina,Roberto Piccoli,block,assisted,2735,12.4,57.6,0,0,48.3,19.0,10.9,56.9,0.0
13981539,Juventus,Filip Kostić,goal,assisted,3000,25.1,33.1,0,0,47.3,7.0,,,
13981539,Juventus,Manuel Locatelli,block,regular,2997,24.6,47.0,0,0,50.9,19.0,14.6,47.8,0.0
13981539,Fiorentina,Moise Kean,block,fast-break,2712,7.0,30.3,0,0,49.4,19.0,6.3,32.3,0.0
13981539,Fiorentina,Moise Kean,miss,assisted,2541,16.7,52.1,0,0,54.8,87.5,,,
13981539,Fiorentina,Fabiano Parisi,miss,corner,2284,17.9,44.0,0,0,60.2,31.9,,,
13981539,Juventus,Dušan Vlahović,miss,regular,2073,2.7,40.7,0,0,56.5,16.7,,,
13981539,Fiorentina,Rolando Mandragora,miss,free-kick,1838,21.5,65.1,0,0,42.5,25.0,,,
13981539,Fiorentina,Moise Kean,post,fast-break,1454,12.8,66.3,0,0,46.2,39.2,,,
13981539,Juventus,Andrea Cambiaso,block,assisted,1418,16.8,47.6,0,0,49.6,19.0,13.2,48.2,0.0
13981542,Cagliari,Gianluca Gaetano,save,regular,5451,8.2,30.3,0,0,50.9,3.8,0.7,46.4,0.0
13981542,Cagliari,Yerry Mina,miss,corner,5423,9.3,57.2,0,0,74.3,13.9,1.4,30.9,0.0
13981542,Genoa,Valentín Carboni,miss,set-piece,5185,8.8,52.6,0,0,3.9,12.5,4.7,62.8,0.0
13981542,Genoa,Aarón Martín,goal,free-kick,4959,39.9,86.9,0,0,52.2,26.6,,,
13981542,Cagliari,Gennaro Borrelli,goal,assisted,3587,6.0,45.4,0,0,51.8,20.9,,,
13981542,Cagliari,Gennaro Borrelli,block,assisted,3455,24.4,26.8,0,0,47.7,13.9,22.0,28.9,0.0
13981542,Genoa,Johan Vásquez,save,set-piece,3215,11.6,40.9,0,0,51.0,27.2,1.4,48.9,0.0
13981542,Genoa,Johan Vásquez,miss,corner,3094,9.7,40.7,0,0,4.9,13.9,6.6,50.2,0.0
13981542,Genoa,Lorenzo Colombo,save,assisted,2936,23.7,39.9,0,0,46.2,17.1,1.5,49.8,0.0
13981542,Cagliari,Matteo Prati,miss,assisted,2831,25.0,54.6,0,0,53.4,75.0,,,
13981542,Genoa,Johan Vásquez,miss,set-piece,2694,13.0,52.3,0,0,31.4,2.8,,,
13981542,Cagliari,Sebastiano Esposito,goal,assisted,2559,14.2,46.8,0,0,53.0,26.6,,,
13981542,Genoa,Leo Østigård,goal,assisted,2436,11.0,50.5,0,0,46.3,15.8,,,
13981542,Genoa,Leo Østigård,block,set-piece,2421,14.1,52.1,0,0,47.4,19.0,12.3,52.2,0.0
13981542,Cagliari,Matteo Prati,miss,assisted,2342,20.9,61.7,0,0,63.4,65.3,,,
13981542,Cagliari,Sebastiano Esposito,miss,regular,2163,9.5,53.6,0,0,62.4,11.1,,,
13981542,Cagliari,Gennaro Borrelli,goal,corner,1957,4.5,47.0,0,0,52.6,5.7,,,
13981542,Genoa,Lorenzo Colombo,save,assisted,1551,9.5,45.4,0,0,53.5,3.2,2.2,49.1,0.0
13981542,Cagliari,Gennaro Borrelli,block,assisted,1349,8.7,62.3,0,0,49.3,19.0,7.7,61.0,0.0
13981542,Genoa,Vitinha,goal,assisted,1074,9.5,56.0,0,0,52.9,10.8,,,
13981542,Genoa,Brooke Norton-Cuffy,save,regular,485,11.0,53.8,0,0,49.2,19.0,2.3,51.4,0.0
13981542,Genoa,Vitinha,save,regular,482,10.8,30.1,0,0,45.9,12.7,1.5,46.0,0.0
13981542,Genoa,Ruslan Malinovskyi,miss,assisted,304,22.0,81.8,0,0,65.4,48.6,,,
13981542,Cagliari,Alessandro Deiola,save,corner,189,12.6,43.6,0,0,51.9,2.5,1.1,50.0,0.0
13981534,Bologna,Federico Bernardeschi,goal,regular,5620,4.5,54.3,0,0,48.2,8.9,,,
13981534,Bologna,Federico Bernardeschi,save,fast-break,5543,11.5,66.1,0,0,45.8,6.3,1.8,52.3,0.0
13981534,Udinese,Vakoun Bayo,miss,corner,5442,8.7,52.4,0,0,63.0,88.9,,,
13981534,Udinese,Vakoun Bayo,miss,assisted,5072,27.8,71.8,0,0,46.4,86.1,,,
13981534,Udinese,Nicolò Bertola,miss,assisted,4914,4.7,44.6,0,0,60.0,20.8,,,
13981534,Bologna,Benjamín Domínguez,block,fast-break,4783,5.5,35.1,0,0,51.9,19.0,4.6,37.2,0.0
13981534,Bologna,Nadir Zortea,miss,free-kick,4597,10.4,19.1,0,0,50.9,56.9,,,
13981534,Udinese,Jakub Piotrowski,miss,set-piece,4428,21.0,61.7,0,0,44.7,87.5,,,
13981534,Bologna,Giovanni Fabbian,miss,assisted,4165,7.0,51.5,0,0,38.8,16.7,,,
13981534,Udinese,Jürgen Ekkelenkamp,miss,regular,4105,25.7,74.0,0,0,65.0,4.2,18.5,50.9,0.0
13981534,Bologna,Tommaso Pobega,goal,regular,3536,12.5,40.5,0,0,48.4,1.3,,,
13981534,Bologna,Tommaso Pobega,goal,fast-break,3190,13.8,46.6,0,0,53.8,3.2,,,
13981534,Udinese,Jürgen Ekkelenkamp,save,free-kick,3036,7.2,14.0,0,0,49.3,33.5,0.0,49.1,0.0
13981534,Udinese,Arthur Atta,miss,regular,2703,13.2,54.0,0,0,63.0,13.9,8.8,57.0,0.0
13981534,Udinese,Nicolò Zaniolo,block,assisted,2701,11.1,42.7,0,0,49.6,19.0,9.7,43.7,0.0
13981534,Bologna,Riccardo Orsolini,save,penalty,2409,11.5,50.0,0,0,52.6,14.6,1.4,50.2,0.0
13981534,Bologna,Tommaso Pobega,miss,regular,2136,22.5,27.0,0,0,66.7,29.2,14.9,29.2,0.0
13981534,Udinese,Arthur Atta,block,assisted,1645,8.5,32.7,0,0,53.9,19.0,7.6,34.1,0.0
13981534,Bologna,Riccardo Orsolini,miss,assisted,1440,14.1,69.4,0,0,67.1,8.3,,,
13981534,Udinese,Jürgen Ekkelenkamp,save,assisted,778,4.5,46.6,0,0,51.6,6.3,3.2,47.3,0.0
13981534,Udinese,Hassane Kamara,save,assisted,366,26.8,27.9,0,0,53.2,7.6,1.1,47.8,0.0
13981534,Udinese,Keinan Davis,miss,assisted,203,8.2,56.1,0,0,36.3,36.1,,,
13981545,Lazio,Adam Marušić,block,assisted,5138,22.8,75.2,0,0,52.1,19.0,8.4,57.9,0.0
13981545,Milan,Strahinja Pavlović,save,set-piece,5082,9.7,66.0,0,0,47.6,5.1,1.2,52.5,0.0
13981545,Lazio,Toma Bašić,save,regular,4981,28.2,56.2,0,0,50.4,4.4,2.3,49.6,0.0
13981545,Milan,Rafael Leão,save,assisted,4800,21.5,29.9,0,0,47.2,17.1,1.4,48.2,0.0
13981545,Lazio,Fisayo Dele-Bashiru,miss,regular,4664,14.5,36.8,0,0,39.5,11.1,9.3,47.8,0.0
13981545,Milan,Alexis Saelemaekers,block,corner,4487,19.0,37.0,0,0,51.9,19.0,3.8,45.8,0.0
13981545,Milan,Davide Bartesaghi,block,free-kick,4455,24.3,63.2,0,0,49.8,19.0,15.1,58.3,0.0
13981545,Lazio,Valentín Castellanos,save,assisted,4231,10.5,49.1,0,0,53.4,3.2,2.9,50.4,0.0
13981545,Milan,Ruben Loftus-Cheek,miss,assisted,3974,9.2,50.1,0,0,31.8,8.3,,,
13981545,Milan,Strahinja Pavlović,block,assisted,3798,20.7,29.1,0,0,50.4,19.0,18.0,31.8,0.0
13981545,Milan,Rafael Leão,save,assisted,3752,8.3,54.4,0,0,51.2,23.4,0.7,51.3,0.0
13981545,Lazio,Gustav Isaksen,miss,assisted,3634,23.4,60.1,0,0,56.5,68.1,,,
13981545,Milan,Youssouf Fofana,miss,regular,3285,15.3,68.7,0,0,61.3,8.3,,,
13981545,Milan,Adrien Rabiot,miss,assisted,3166,16.1,26.8,0,0,36.0,8.3,,,
13981545,Milan,Rafael Leão,goal,assisted,3058,4.9,50.9,0,0,52.0,3.2,,,
13981545,Milan,Adrien Rabiot,block,fast-break,3023,14.4,28.2,0,0,51.6,19.0,10.9,33.2,0.0
13981545,Lazio,Mattia Zaccagni,miss,assisted,2841,8.2,38.3,0,0,40.8,4.2,2.7,50.2,0.0
13981545,Milan,Rafael Leão,block,regular,2765,24.4,44.2,0,0,49.4,19.0,19.2,45.6,0.0
13981545,Milan,Fikayo Tomori,miss,assisted,2521,11.8,61.2,0,0,61.5,5.6,,,
13981545,Lazio,Mattia Zaccagni,save,assisted,1876,4.9,30.7,0,0,49.5,4.4,1.0,46.0,0.0
13981545,Milan,Rafael Leão,block,assisted,1145,14.0,64.6,0,0,48.9,19.0,10.9,61.6,0.0
13981545,Lazio,Gustav Isaksen,miss,regular,543,18.4,53.2,0,0,44.9,90.3,,,
13981545,Milan,Matteo Gabbia,miss,set-piece,323,12.8,44.8,0,0,93.6,9.7,6.0,26.9,0.0
13981545,Milan,Alexis Saelemaekers,block,assisted,200,13.8,55.2,0,0,50.2,19.0,6.6,52.3,0.0
13981545,Lazio,Mario Gila Fuentes,save,set-piece,82,7.0,55.2,0,0,51.1,24.7,1.2,52.0,0.0
13981549,Fiorentina,Amir Richardson,miss,assisted,5611,15.2,54.0,0,0,8.2,4.2,,,
13981549,Atalanta,Nikola Krstović,miss,assisted,5366,13.9,55.8,0,0,41.8,16.7,,,
13981549,Atalanta,Nicola Zalewski,block,assisted,5101,10.8,37.0,0,0,49.2,19.4,9.0,38.4,0.0
13981549,Fiorentina,Rolando Mandragora,miss,free-kick,5033,29.5,48.6,0,0,41.3,5.6,,,
13981549,Fiorentina,Moise Kean,post,set-piece,4542,11.4,50.7,0,0,55.5,19.6,,,
13981549,Atalanta,Éderson,block,fast-break,3933,11.7,46.4,0,0,50.9,19.0,9.4,46.9,0.0
13981549,Fiorentina,Moise Kean,block,corner,3829,8.2,53.2,0,0,52.0,19.0,0.90000000000001,48.4,0.0
13981549,Fiorentina,Dodô,block,regular,3777,13.8,40.9,0,0,48.8,19.0,10.3,43.5,0.0
13981549,Fiorentina,Rolando Mandragora,block,corner,3664,14.4,45.2,0,0,51.4,19.0,10.9,46.0,0.0
13981549,Fiorentina,Moise Kean,miss,assisted,3623,10.1,38.7,0,0,66.4,13.9,8.1,38.1,0.0
13981549,Fiorentina,Fabiano Parisi,block,assisted,3464,26.6,49.3,0,0,50.8,19.0,18.4,49.3,0.0
13981549,Atalanta,Gianluca Scamacca,miss,assisted,3405,25.7,67.2,0,0,62.2,95.8,,,
13981549,Atalanta,Marten de Roon,save,assisted,3215,8.9,45.8,0,0,48.0,7.0,1.2,49.6,0.0
13981549,Fiorentina,Moise Kean,miss,assisted,3145,10.8,41.3,0,0,55.1,76.4,,,
13981549,Atalanta,Ademola Lookman,goal,corner,3059,3.0,57.5,0,0,48.4,32.3,,,
13981549,Atalanta,Charles De Ketelaere,save,corner,3058,7.1,51.9,0,0,48.4,7.0,0.7,52.0,0.0
13981549,Fiorentina,Moise Kean,miss,fast-break,2868,11.1,28.4,0,0,37.0,79.2,,,
13981549,Atalanta,Charles De Ketelaere,save,assisted,2857,11.0,63.4,0,0,46.4,0.6,1.6,52.7,0.0
13981549,Fiorentina,Moise Kean,miss,assisted,2769,5.0,50.8,0,0,76.8,31.9,4.0,48.0,0.0
13981549,Atalanta,Ademola Lookman,miss,assisted,2679,19.1,47.4,0,0,59.5,9.7,,,
13981549,Atalanta,Gianluca Scamacca,miss,set-piece,2623,12.2,53.6,0,0,100.0,36.1,2.2,4.3,0.0
13981549,Atalanta,Odilon Kossounou,goal,assisted,2417,20.3,74.1,0,0,53.4,26.6,,,
13981549,Atalanta,Berat Djimsiti,miss,set-piece,2262,8.3,43.7,0,0,49.9,58.3,,,
13981549,Atalanta,Charles De Ketelaere,save,assisted,2166,18.1,64.8,0,0,52.6,1.9,1.8,50.5,0.0
13981549,Fiorentina,Roberto Piccoli,save,assisted,2119,7.6,33.1,0,0,51.2,1.3,1.6,44.9,0.0
13981549,Atalanta,Charles De Ketelaere,block,assisted,1885,13.5,46.6,0,0,50.3,19.0,11.2,47.1,0.0
13981549,Atalanta,Davide Zappacosta,save,assisted,1618,2.7,36.0,0,0,52.5,6.3,1.4,42.4,0.0
13981549,Fiorentina,Simon Sohm,miss,assisted,1190,10.2,22.0,0,0,68.7,81.9,,,
13981549,Atalanta,Gianluca Scamacca,block,corner,1074,7.4,44.0,0,0,51.4,19.0,6.2,44.8,0.0
13981549,Atalanta,Odilon Kossounou,miss,assisted,902,21.5,59.5,0,0,62.9,6.9,,,
13981549,Atalanta,Charles De Ketelaere,save,assisted,735,18.9,38.7,0,0,48.7,6.3,2.2,48.0,0.0
13981549,Atalanta,Gianluca Scamacca,save,assisted,701,13.8,55.2,0,0,48.9,7.0,1.8,50.9,0.0
13981549,Atalanta,Ademola Lookman,block,assisted,490,20.6,31.7,0,0,50.3,19.0,17.6,34.8,0.0
13981549,Atalanta,Odilon Kossounou,block,assisted,453,12.0,64.0,0,0,47.6,19.0,9.3,61.4,0.0
13981549,Fiorentina,Roberto Piccoli,save,regular,246,4.0,46.8,0,0,50.6,4.4,1.4,48.0,0.0
13981549,Fiorentina,Moise Kean,save,assisted,245,4.6,31.3,0,0,52.7,13.9,1.4,44.6,0.0
13981540,Roma,Mario Hermoso,block,corner,5389,7.5,60.0,0,0,51.6,19.0,6.0,57.8,0.0
13981540,Roma,Tommaso Baldanzi,save,assisted,5363,15.3,51.3,0,0,47.4,8.9,4.4,50.5,0.0
13981540,Roma,Lorenzo Pellegrini,miss,assisted,4606,24.3,49.9,0,0,46.7,69.4,,,
13981540,Napoli,Matteo Politano,save,assisted,4529,25.7,56.4,0,0,52.7,17.1,2.8,49.3,0.0
13981540,Roma,Zeki Çelik,miss,corner,4099,28.7,54.8,0,0,51.8,87.5,,,
13981540,Napoli,Scott McTominay,save,corner,2981,2.6,52.1,0,0,48.1,18.4,1.5,50.9,0.0
13981540,Roma,Matías Soulé,miss,assisted,2745,14.9,62.4,0,0,55.3,63.9,,,
13981540,Napoli,David Neres,miss,fast-break,2288,18.8,27.3,0,0,37.1,6.9,15.9,33.4,0.0
13981540,Napoli,David Neres,goal,fast-break,2106,15.4,51.3,0,0,48.1,5.7,,,
13981540,Roma,Evan Ferguson,miss,assisted,1977,9.1,50.5,0,0,42.5,86.1,,,
13981540,Roma,Evan Ferguson,miss,assisted,1829,24.0,52.6,0,0,49.4,93.1,,,
13981540,Roma,Gianluca Mancini,save,throw-in-set-piece,1284,14.8,69.4,0,0,46.8,22.8,0.3,52.7,0.0
13981540,Napoli,Giovanni Di Lorenzo,miss,assisted,1045,9.5,64.9,0,0,42.9,11.1,,,
13981540,Napoli,Rasmus Højlund,save,regular,503,27.1,39.9,0,0,48.7,20.3,13.1,45.3,0.0
13981540,Napoli,Noa Lang,save,assisted,500,21.7,38.5,0,0,51.0,1.9,19.8,39.2,0.0
13981550,Bologna,Tommaso Pobega,save,regular,5827,26.2,36.0,0,0,48.1,7.0,2.3,49.1,0.0
13981550,Bologna,Jhon Lucumí,miss,regular,5709,19.1,47.8,0,0,41.2,8.3,2.8,57.0,0.0
13981550,Bologna,Tommaso Pobega,block,corner,5473,8.8,54.0,0,0,49.9,19.0,7.1,53.2,0.0
13981550,Bologna,Thijs Dallinga,block,corner,5471,11.0,60.3,0,0,49.5,19.0,9.2,58.7,0.0
13981550,Bologna,Emil Holm,miss,corner,5442,10.1,39.7,0,0,38.5,6.9,6.7,51.6,0.0
13981550,Bologna,Thijs Dallinga,block,regular,5421,18.4,35.2,0,0,50.0,19.0,11.2,41.0,0.0
13981550,Bologna,Emil Holm,miss,assisted,5074,19.1,64.8,0,0,56.3,66.7,,,
13981550,Bologna,Santiago Castro,save,regular,4952,7.4,55.8,0,0,48.1,2.5,1.5,52.3,0.0
13981550,Bologna,Tommaso Pobega,miss,assisted,4882,9.9,45.0,0,0,52.9,65.3,,,
13981550,Bologna,Thijs Dallinga,block,assisted,4824,20.4,44.0,0,0,50.2,19.0,17.1,44.9,0.0
13981550,Cremonese,Filippo Terracciano,miss,corner,4690,3.6,49.5,0,0,49.9,63.9,,,
13981550,Bologna,Santiago Castro,miss,throw-in-set-piece,4547,9.5,42.3,0,0,51.3,56.9,,,
13981550,Bologna,Jhon Lucumí,save,corner,4352,4.3,57.7,0,0,48.3,10.1,1.9,54.3,0.0
13981550,Bologna,Riccardo Orsolini,save,assisted,4200,6.4,65.4,0,0,51.2,33.5,1.4,53.1,0.0
13981550,Bologna,Nicolò Cambiaghi,miss,assisted,3935,10.2,32.3,0,0,0.5,2.8,2.7,100.0,0.0
13981550,Bologna,Tommaso Pobega,miss,corner,3873,4.5,60.5,0,0,65.7,11.1,,,
13981550,Cremonese,Martín Payero,block,corner,3442,21.0,66.4,0,0,51.0,19.0,17.3,63.4,0.0
13981550,Cremonese,Jamie Vardy,block,corner,3436,8.7,60.5,0,0,48.3,19.0,4.2,56.0,0.0
13981550,Cremonese,Martín Payero,save,corner,3434,3.9,63.4,0,0,46.8,24.1,1.1,54.2,0.0
13981550,Cremonese,Filippo Terracciano,save,corner,3406,7.9,52.1,0,0,50.2,32.9,0.7,50.5,0.0
13981550,Cremonese,Tommaso Barbieri,block,regular,3311,21.6,63.4,0,0,49.9,19.0,18.9,61.7,0.0
13981550,Bologna,Riccardo Orsolini,miss,assisted,3265,12.1,55.5,0,0,56.0,73.6,,,
13981550,Bologna,Riccardo Orsolini,miss,corner,3188,19.4,49.5,0,0,50.9,50.0,12.3,49.5,0.0
13981550,Bologna,Tommaso Pobega,block,assisted,3152,19.0,49.3,0,0,50.9,19.0,17.1,49.3,0.0
13981550,Cremonese,Jamie Vardy,goal,assisted,2988,2.0,56.4,0,0,47.2,3.2,,,
13981550,Bologna,Riccardo Orsolini,goal,penalty,2844,11.5,50.0,0,0,46.2,10.8,,,
13981550,Cremonese,Martín Payero,miss,corner,2688,3.0,58.9,0,0,45.2,68.1,,,
13981550,Bologna,Tommaso Pobega,miss,assisted,2472,29.5,52.9,0,0,43.5,5.6,,,
13981550,Bologna,Nicolò Casale,miss,set-piece,2246,6.3,45.4,0,0,41.3,54.2,,,
13981550,Cremonese,Jamie Vardy,goal,assisted,2097,15.6,56.4,0,0,50.0,3.8,,,
13981550,Cremonese,Martín Payero,goal,assisted,1825,18.7,51.9,0,0,47.1,7.6,,,
13981550,Bologna,Nicolò Casale,miss,corner,1209,7.3,43.2,0,0,42.9,5.6,2.0,51.4,0.0
13981550,Bologna,Tommaso Pobega,block,assisted,1127,11.1,44.2,0,0,49.2,19.0,7.7,46.2,0.0
13981550,Bologna,Jens Odgaard,block,regular,1122,13.6,27.8,0,0,53.7,19.0,12.3,29.6,0.0
13981550,Bologna,Riccardo Orsolini,miss,regular,1068,7.7,68.9,0,0,41.0,56.9,,,
13981550,Bologna,Santiago Castro,block,assisted,1066,9.3,65.6,0,0,47.7,19.0,7.9,63.5,0.0
13981550,Bologna,Santiago Castro,save,assisted,610,10.5,44.7,0,0,49.8,15.8,4.0,46.7,0.0
13981550,Bologna,Benjamín Domínguez,save,assisted,478,19.8,25.3,0,0,48.3,19.0,1.5,48.4,0.0
13981550,Bologna,Riccardo Orsolini,post,set-piece,134,15.5,68.5,0,0,55.3,3.8,,,
13981543,Inter,Lautaro Martínez,post,assisted,5117,3.0,56.2,0,0,44.8,17.7,,,
13981543,Inter,Lautaro Martínez,goal,corner,4953,3.0,45.8,0,0,49.4,16.5,,,
13981543,Pisa,M'Bala Nzola,block,assisted,4596,10.7,47.4,0,0,50.6,19.0,9.3,47.7,0.0
13981543,Inter,Lautaro Martínez,goal,assisted,4122,12.0,44.7,0,0,52.6,29.1,,,
13981543,Pisa,M'Bala Nzola,miss,fast-break,3743,14.9,41.8,0,0,41.0,4.2,,,
13981543,Pisa,Gabriele Piccinini,save,assisted,3565,22.6,36.2,0,0,50.6,7.0,0.59999999999999,48.9,0.0
13981543,Inter,Federico Dimarco,block,corner,3406,18.8,67.8,0,0,49.6,19.0,17.0,66.1,0.0
13981543,Inter,Nicolò Barella,block,assisted,3337,13.5,40.9,0,0,50.7,19.0,11.7,42.0,0.0
13981543,Pisa,Henrik Wendel Meister,miss,assisted,3303,2.7,45.8,0,0,60.7,15.3,,,
13981543,Pisa,Henrik Wendel Meister,block,assisted,3055,4.0,51.1,0,0,49.8,19.0,2.4,50.7,0.0
13981543,Inter,Marcus Thuram,block,assisted,2963,7.6,53.4,0,0,50.2,19.0,6.7,53.0,0.0
13981543,Inter,Piotr Zieliński,block,assisted,2796,22.3,34.4,0,0,51.4,19.0,15.4,38.8,0.0
13981543,Pisa,Idrissa Touré,save,throw-in-set-piece,2735,11.9,61.5,0,0,51.9,13.9,1.5,52.3,0.0
13981543,Inter,Lautaro Martínez,miss,assisted,2364,14.4,49.6,0,0,51.6,75.0,,,
13981543,Inter,Petar Sučić,block,corner,2244,14.5,54.6,0,0,50.9,19.0,9.6,52.7,0.0
13981543,Inter,Lautaro Martínez,miss,assisted,1954,11.5,53.7,0,0,47.4,77.8,,,
13981543,Inter,Marcus Thuram,miss,assisted,1770,12.6,33.1,0,0,40.7,33.3,,,
13981543,Pisa,Gabriele Piccinini,miss,set-piece,1714,11.7,60.5,0,0,59.5,4.2,,,
13981543,Inter,Lautaro Martínez,miss,set-piece,1592,11.6,56.2,0,0,58.0,9.7,,,
13981543,Pisa,Henrik Wendel Meister,miss,assisted,762,14.2,35.2,0,0,37.3,29.2,,,
13981543,Inter,Federico Dimarco,save,free-kick,618,23.3,66.3,0,0,51.5,14.6,1.2,50.9,0.0
13981543,Pisa,Antonio Caracciolo,block,assisted,468,24.4,68.3,0,0,49.2,19.0,19.3,64.6,0.0
13981543,Inter,Hakan Çalhanoğlu,miss,assisted,382,24.1,60.7,0,0,46.6,83.3,,,
13981543,Pisa,M'Bala Nzola,miss,regular,100,7.3,66.2,0,0,39.7,9.7,,,
13981546,Lecce,Tete Morente,block,free-kick,5581,24.1,34.2,0,0,51.2,19.0,15.0,39.7,0.0
13981546,Torino,Kristjan Asllani,save,penalty,5402,11.5,50.0,0,0,46.7,1.3,0.90000000000001,50.5,0.0
13981546,Lecce,Riccardo Sottil,block,free-kick,5019,23.3,70.3,0,0,54.2,19.0,11.9,58.3,0.0
13981546,Lecce,Kialonda Gaspar,miss,corner,4728,9.4,57.3,0,0,47.2,91.7,,,
13981546,Torino,Niels Nkounkou,miss,regular,3711,22.1,35.8,0,0,55.1,75.0,,,
13981546,Torino,Che Adams,goal,fast-break,3389,13.6,62.0,0,0,54.0,22.8,,,
13981546,Torino,Cesare Casadei,block,assisted,3315,25.0,50.3,0,0,51.2,19.0,22.5,50.1,0.0
13981546,Lecce,Nikola Štulić,block,assisted,3177,9.7,47.2,0,0,49.2,19.0,8.0,47.8,0.0
13981546,Torino,Niels Nkounkou,block,regular,2760,10.1,35.6,0,0,49.6,19.0,8.8,37.5,0.0
13981546,Torino,Duván Zapata,save,fast-break,2692,9.0,52.7,0,0,50.3,5.1,1.2,50.7,0.0
13981546,Torino,Kristjan Asllani,miss,regular,2645,42.4,31.7,0,0,32.8,9.7,,,
13981546,Torino,Kristjan Asllani,block,regular,2529,18.9,50.1,0,0,49.1,19.0,12.9,50.4,0.0
13981546,Torino,Marcus Pedersen,save,assisted,2489,8.0,61.2,0,0,50.1,8.2,0.7,52.3,0.0
13981546,Torino,Che Adams,miss,regular,2445,23.4,35.2,0,0,59.2,5.6,0.59999999999999,42.6,0.0
13981546,Torino,Cesare Casadei,miss,corner,2381,13.8,49.3,0,0,53.1,76.4,,,
13981546,Torino,Cesare Casadei,block,corner,2378,9.0,50.1,0,0,51.0,19.0,6.7,49.8,0.0
13981546,Torino,Saúl Coco,save,corner,2275,9.9,46.8,0,0,49.5,4.4,0.3,50.4,0.0
13981546,Lecce,Kialonda Gaspar,miss,corner,1821,4.3,57.9,0,0,61.0,34.7,,,
13981546,Lecce,Nikola Štulić,block,fast-break,1648,11.4,39.7,0,0,52.0,19.0,9.2,41.3,0.0
13981546,Lecce,Lameck Banda,goal,assisted,1265,4.3,42.7,0,0,54.2,13.9,,,
13981546,Lecce,Lassana Coulibaly,goal,corner,1170,3.0,61.7,0,0,48.9,21.5,,,
13981546,Lecce,Medon Berisha,block,assisted,1019,25.4,64.4,0,0,50.1,19.0,11.9,56.7,0.0
13981546,Torino,Che Adams,save,throw-in-set-piece,855,7.3,51.9,0,0,50.2,22.2,0.5,50.9,0.0
13981546,Torino,Che Adams,miss,regular,736,39.4,20.0,0,0,36.8,16.7,,,
13981546,Lecce,Medon Berisha,miss,assisted,153,39.5,28.9,0,0,0.5,9.7,5.7,94.4,0.0
13981548,Como,Nico Paz,save,free-kick,5790,30.3,48.0,0,0,50.6,17.1,1.6,50.2,0.0
13981548,Sassuolo,Tarik Muharemović,block,corner,5685,13.3,60.8,0,0,52.3,19.0,6.2,53.8,0.0
13981548,Como,Nicolas-Gerrit Kühn,save,assisted,5250,8.4,69.3,0,0,49.0,7.6,2.4,56.0,0.0
13981548,Como,Lucas Da Cunha,save,assisted,4743,22.8,38.6,0,0,47.7,28.5,2.3,48.9,0.0
13981548,Como,Máximo Perrone,save,assisted,4728,5.5,60.7,0,0,49.7,15.8,2.7,54.9,0.0
13981548,Sassuolo,Cristian Volpato,miss,assisted,4584,7.3,63.6,0,0,43.9,36.1,,,
13981548,Sassuolo,Luca Moro,miss,assisted,4583,7.9,41.5,0,0,0.8,27.8,9.4,67.2,0.0
13981548,Sassuolo,Tarik Muharemović,miss,corner,4459,9.2,53.4,0,0,48.9,86.1,,,
13981548,Como,Nico Paz,save,assisted,4035,8.3,50.6,0,0,50.0,26.6,1.5,50.5,0.0
13981548,Sassuolo,Andrea Pinamonti,save,set-piece,3932,12.5,70.3,0,0,46.1,14.6,1.6,52.0,0.0
13981548,Como,Nico Paz,miss,assisted,3681,26.7,50.5,0,0,69.4,16.7,20.5,45.7,0.0
13981548,Como,Anastasios Douvikas,save,assisted,3364,2.8,34.5,0,0,45.7,8.9,2.4,36.5,0.0
13981548,Como,Alberto Moreno,goal,assisted,3130,13.4,48.0,0,0,51.8,24.1,,,
13981548,Sassuolo,Armand Laurienté,save,assisted,2897,14.7,70.3,0,0,50.3,10.8,1.6,50.9,0.0
13981548,Como,Nico Paz,save,assisted,2333,15.1,46.8,0,0,48.3,29.7,1.0,49.8,0.0
13981548,Sassuolo,Nemanja Matić,save,assisted,1893,20.7,32.3,0,0,52.9,5.1,2.0,47.3,0.0
13981548,Como,Jayden Addai,save,fast-break,1694,15.5,59.9,0,0,49.5,5.7,2.0,52.7,0.0
13981548,Como,Jesús Rodriguez,save,assisted,1553,15.7,27.5,0,0,50.4,13.9,1.8,46.4,0.0
13981548,Como,Nico Paz,miss,assisted,1160,21.0,74.4,0,0,28.2,47.2,,,
13981548,Sassuolo,Nemanja Matić,save,corner,1093,2.3,40.7,0,0,49.4,12.7,0.3,46.2,0.0
13981548,Sassuolo,Andrea Pinamonti,block,regular,1042,18.4,49.1,0,0,50.9,19.0,14.5,49.1,0.0
13981548,Como,Anastasios Douvikas,goal,corner,802,6.7,47.9,0,0,52.8,6.3,,,
13981548,Como,Alberto Moreno,block,corner,800,14.5,29.7,0,0,47.6,19.0,8.0,39.9,0.0
13981548,Sassuolo,Armand Laurienté,block,fast-break,731,12.8,32.1,0,0,52.3,19.0,9.8,35.7,0.0
13981548,Sassuolo,Domenico Berardi,save,assisted,593,7.9,76.4,0,0,50.9,19.6,0.59999999999999,55.1,0.0
13981548,Como,Nico Paz,save,assisted,562,23.5,65.2,0,0,49.8,22.2,1.4,51.6,0.0
13981548,Como,Jayden Addai,block,regular,560,15.3,53.0,0,0,50.5,19.0,10.9,52.0,0.0
13981548,Como,Jesús Rodriguez,save,assisted,558,14.6,31.7,0,0,50.3,8.2,0.59999999999999,47.8,0.0
13981548,Como,Alberto Moreno,miss,assisted,476,18.9,46.7,0,0,58.7,8.3,,,
13981548,Sassuolo,Armand Laurienté,block,regular,343,20.4,32.3,0,0,47.9,19.0,15.0,37.5,0.0
13981551,Juventus,Andrea Cambiaso,miss,assisted,5334,23.4,46.2,0,0,51.1,81.9,,,
13981551,Cagliari,Mattia Felici,save,fast-break,5272,9.2,33.5,0,0,53.3,5.7,1.5,46.9,0.0
13981551,Juventus,Francisco Conceição,save,assisted,4620,13.6,56.6,0,0,48.7,12.7,2.8,51.3,0.0
13981551,Juventus,Francisco Conceição,miss,assisted,4271,13.6,46.0,0,0,53.9,73.6,,,
13981551,Cagliari,Riyad Idrissi,save,assisted,3477,6.0,32.8,0,0,53.9,10.8,1.2,45.1,0.0
13981551,Juventus,Teun Koopmeiners,miss,corner,3118,13.2,55.3,0,0,42.5,2.8,,,
13981551,Juventus,Francisco Conceição,block,assisted,3075,17.2,60.5,0,0,49.8,19.0,13.8,58.5,0.0
13981551,Juventus,Francisco Conceição,save,assisted,2801,14.2,45.0,0,0,50.3,3.8,10.6,45.5,0.0
13981551,Cagliari,Michael Folorunsho,miss,assisted,2761,22.3,34.2,0,0,62.4,4.2,,,
13981551,Juventus,Kenan Yıldız,goal,assisted,2731,11.1,44.7,0,0,47.6,0.6,,,
13981551,Juventus,Teun Koopmeiners,miss,set-piece,2637,14.0,40.0,0,0,61.2,9.7,,,
13981551,Juventus,Francisco Conceição,block,assisted,2581,10.1,69.9,0,0,49.3,19.0,8.3,66.2,0.0
13981551,Juventus,Weston McKennie,miss,assisted,2197,18.7,47.7,0,0,44.5,77.8,,,
13981551,Juventus,Francisco Conceição,save,assisted,1887,8.9,45.2,0,0,51.1,21.5,0.5,48.6,0.0
13981551,Juventus,Dušan Vlahović,save,assisted,1685,17.5,33.6,0,0,48.0,3.2,2.4,46.4,0.0
13981551,Juventus,Kenan Yıldız,goal,regular,1600,12.8,47.7,0,0,46.3,3.2,,,
13981551,Cagliari,Sebastiano Esposito,goal,assisted,1508,6.5,50.0,0,0,46.0,3.8,,,
13981551,Cagliari,Marco Palestra,block,fast-break,1346,17.6,56.6,0,0,51.1,19.0,12.0,54.2,0.0
13981551,Juventus,Francisco Conceição,block,regular,384,15.3,48.9,0,0,49.3,19.0,13.6,49.1,0.0
13981547,Hellas Verona,Giovane,save,assisted,5298,8.6,56.7,0,0,48.1,1.9,0.59999999999999,53.1,0.0
13981547,Hellas Verona,Daniel Oyegoke,miss,throw-in-set-piece,4999,14.7,71.8,0,0,41.3,50.0,,,
13981547,Hellas Verona,Mutassim Al-Musrati,block,throw-in-set-piece,4995,17.8,50.2,0,0,49.2,19.0,13.1,50.4,0.0
13981547,Hellas Verona,Gift Orban,block,throw-in-set-piece,4993,2.5,51.6,0,0,49.0,19.0,1.9,51.4,0.0
13981547,Hellas Verona,Roberto Gagliardini,block,throw-in-set-piece,4990,3.7,48.6,0,0,51.4,19.0,2.9,48.6,0.0
13981547,Hellas Verona,Martin Frese,post,throw-in-set-piece,4988,2.8,42.1,0,0,51.4,41.8,,,
13981547,Genoa,Ruslan Malinovskyi,miss,set-piece,4508,18.9,53.0,0,0,65.9,12.5,,,
13981547,Genoa,Patrizio Masini,block,assisted,4423,18.5,50.4,0,0,52.0,19.0,16.8,50.2,0.0
13981547,Genoa,Alessandro Marcandalli,miss,set-piece,4252,7.9,58.5,0,0,40.5,19.4,,,
13981547,Hellas Verona,Gift Orban,save,assisted,4136,4.1,45.9,0,0,49.0,3.2,2.2,46.9,0.0
13981547,Genoa,Leo Østigård,save,corner,4065,11.0,55.7,0,0,46.8,16.5,1.1,51.3,0.0
13981547,Genoa,Mikael Ellertsson,block,regular,4011,13.2,52.8,0,0,49.2,19.0,11.4,52.5,0.0
13981547,Genoa,Morten Thorsby,block,assisted,4008,13.6,49.9,0,0,49.3,19.0,11.9,50.0,0.0
13981547,Genoa,Mikael Ellertsson,save,regular,3864,14.6,70.8,0,0,47.7,1.9,2.2,54.7,0.0
13981547,Genoa,Morten Thorsby,goal,set-piece,3681,2.9,44.8,0,0,53.9,10.1,,,
13981547,Genoa,Leo Østigård,post,set-piece,3664,7.7,46.8,0,0,55.3,15.2,,,
13981547,Genoa,Morten Thorsby,miss,set-piece,3143,6.6,50.4,0,0,49.9,79.2,,,
13981547,Genoa,Ruslan Malinovskyi,miss,assisted,2731,18.7,50.3,0,0,45.4,69.4,,,
13981547,Hellas Verona,Daniel Mosquera,block,regular,2442,7.7,66.9,0,0,51.1,19.0,7.0,65.2,0.0
13981547,Genoa,Lorenzo Colombo,goal,assisted,2367,8.6,54.4,0,0,46.3,6.3,,,
13981547,Genoa,Morten Thorsby,miss,corner,1386,11.6,41.8,0,0,0.8,4.2,8.0,86.5,0.0
13981547,Genoa,Vitinha,block,assisted,1349,8.6,31.9,0,0,53.0,19.0,6.8,35.0,0.0
13981547,Hellas Verona,Rafik Belghali,goal,regular,1236,3.3,47.4,0,0,45.5,17.1,,,
13981547,Hellas Verona,Daniel Mosquera,save,assisted,1234,1.6,33.9,0,0,46.2,4.4,0.3,45.0,0.0
13981547,Hellas Verona,Giovane,miss,free-kick,943,22.7,62.7,0,0,51.6,79.2,,,
13981547,Genoa,Mikael Ellertsson,miss,regular,758,21.2,58.1,0,0,38.0,6.9,,,
13981547,Hellas Verona,Domagoj Bradarić,save,assisted,625,14.4,33.5,0,0,54.3,1.9,1.4,47.8,0.0
13981547,Hellas Verona,Rafik Belghali,block,assisted,481,10.2,59.7,0,0,50.8,19.0,7.1,56.5,0.0
13981544,Parma,Nahuel Estévez,block,set-piece,5586,12.3,65.8,0,0,49.6,19.0,10.2,63.2,0.0
13981544,Parma,Mathias Løvik,miss,set-piece,5215,29.2,35.6,0,0,18.2,8.3,18.0,60.5,0.0
13981544,Parma,Jacob Ondrejka,block,set-piece,5047,14.1,26.2,0,0,52.1,19.0,8.1,35.4,0.0
13981544,Parma,Nahuel Estévez,miss,assisted,4816,2.7,57.7,0,0,42.7,20.8,,,
13981544,Parma,Adrian Benedyczak,miss,assisted,4815,10.4,50.1,0,0,30.3,15.3,5.4,60.8,0.0
13981544,Udinese,Adam Buksa,block,assisted,4666,3.8,32.9,0,0,53.2,19.0,3.3,34.7,0.0
13981544,Udinese,Jakub Piotrowski,block,corner,4542,6.6,59.1,0,0,49.8,19.0,3.1,55.8,0.0
13981544,Udinese,Jesper Karlström,miss,corner,4516,6.9,39.2,0,0,24.2,19.0,6.4,42.2,0.0
13981544,Udinese,Adam Buksa,save,assisted,4477,14.5,49.6,0,0,53.6,17.1,1.6,50.0,0.0
13981544,Udinese,Nicolò Zaniolo,miss,assisted,4378,24.1,58.8,0,0,63.5,66.7,,,
13981544,Udinese,Adam Buksa,block,fast-break,4296,13.0,42.7,0,0,51.8,19.0,11.1,43.5,0.0
13981544,Parma,Nahuel Estévez,block,corner,4204,18.7,28.0,0,0,50.2,19.0,15.8,31.4,0.0
13981544,Parma,Mateo Pellegrino,block,set-piece,4152,9.5,31.5,0,0,53.0,19.0,3.7,41.0,0.0
13981544,Udinese,Keinan Davis,goal,penalty,3886,11.5,50.0,0,0,53.6,24.7,,,
13981544,Udinese,Keinan Davis,save,assisted,3594,8.9,69.1,0,0,50.3,0.6,1.0,54.9,0.0
13981544,Parma,Jacob Ondrejka,miss,regular,3486,8.2,64.4,0,0,40.2,13.9,,,
13981544,Parma,Sascha Britschgi,block,throw-in-set-piece,3197,18.2,53.1,0,0,49.3,19.0,12.5,52.3,0.0
13981544,Parma,Jacob Ondrejka,save,fast-break,2919,12.5,60.6,0,0,50.6,3.8,1.5,52.3,0.0
13981544,Udinese,Jakub Piotrowski,miss,corner,2831,7.0,54.0,0,0,47.1,69.4,,,
13981544,Parma,Emanuele Valeri,block,set-piece,2709,30.6,61.3,0,0,48.8,19.0,23.7,59.0,0.0
13981544,Udinese,Oumar Solet,save,corner,2505,10.1,46.8,0,0,51.3,30.4,1.0,49.1,0.0
13981544,Parma,Mateo Pellegrino,save,set-piece,2248,20.8,74.5,0,0,49.4,2.5,2.3,54.5,0.0
13981544,Udinese,Arthur Atta,miss,fast-break,2172,26.3,29.1,0,0,58.7,9.7,,,
13981544,Parma,Mandela Keita,miss,assisted,1685,24.6,27.4,0,0,58.8,5.6,,,
13981544,Parma,Patrick Cutrone,block,assisted,1622,19.8,68.3,0,0,53.3,19.0,18.2,66.6,0.0
13981544,Parma,Emanuele Valeri,block,corner,1457,26.3,55.0,0,0,52.3,19.0,14.7,51.8,0.0
13981544,Parma,Sascha Britschgi,block,assisted,1370,15.1,69.1,0,0,48.9,19.0,13.3,67.0,0.0
13981544,Parma,Emanuele Valeri,miss,throw-in-set-piece,1297,26.5,47.4,0,0,34.1,19.4,10.5,59.2,0.0
13981544,Udinese,Jakub Piotrowski,miss,assisted,1076,28.8,48.7,0,0,53.6,62.5,,,
13981544,Udinese,Nicolò Zaniolo,goal,assisted,606,8.7,75.0,0,0,45.8,2.5,,,
13981544,Udinese,Nicolò Zaniolo,miss,assisted,146,29.1,50.5,0,0,54.6,55.6,,,
13981559,Como,Lucas Da Cunha,miss,assisted,5534,12.0,55.9,0,0,61.8,22.2,,,
13981559,Inter,Carlos Augusto,goal,assisted,5126,9.7,57.7,0,0,46.5,30.4,,,
13981559,Como,Jacobo Ramón,miss,set-piece,4984,8.5,51.3,0,0,40.8,4.2,,,
13981559,Inter,Hakan Çalhanoğlu,goal,regular,4802,21.4,58.8,0,0,53.3,7.6,,,
13981559,Como,Jesús Rodriguez,miss,corner,4660,25.2,39.3,0,0,56.8,87.5,,,
13981559,Inter,Lautaro Martínez,save,assisted,4375,11.0,53.8,0,0,48.6,3.8,1.1,51.8,0.0
13981559,Como,Assane Diao,save,assisted,4332,28.7,35.4,0,0,51.4,10.1,1.8,48.2,0.0
13981559,Como,Nico Paz,miss,assisted,4157,26.3,27.4,0,0,59.2,19.4,,,
13981559,Como,Nico Paz,block,assisted,4132,25.1,66.7,0,0,51.7,19.0,17.6,61.2,0.0
13981559,Inter,Luís Henrique,save,assisted,4093,22.6,63.7,0,0,50.3,4.4,1.8,53.1,0.0
13981559,Como,Anastasios Douvikas,miss,assisted,4054,8.8,52.1,0,0,58.7,19.4,1.5,44.2,0.0
13981559,Como,Assane Diao,miss,corner,3981,9.8,55.8,0,0,44.5,95.8,,,
13981559,Como,Nico Paz,block,set-piece,3947,7.3,50.5,0,0,51.7,19.0,6.0,49.1,0.0
13981559,Como,Jesús Rodriguez,miss,assisted,3727,26.9,54.6,0,0,50.1,80.6,,,
13981559,Inter,Marcus Thuram,goal,corner,3534,2.3,53.8,0,0,46.0,20.9,,,
13981559,Como,Máximo Perrone,save,assisted,3386,27.7,55.4,0,0,48.6,8.2,1.6,49.6,0.0
13981559,Como,Nico Paz,save,assisted,3336,32.2,55.2,0,0,49.2,16.5,1.4,49.3,0.0
13981559,Como,Álex Valle,miss,assisted,3243,9.4,50.7,0,0,42.5,61.1,,,
13981559,Como,Anastasios Douvikas,miss,assisted,3121,4.5,45.7,0,0,50.8,63.9,,,
13981559,Inter,Lautaro Martínez,miss,assisted,3032,12.9,41.3,0,0,57.6,26.4,,,
13981559,Como,Nico Paz,miss,corner,912,14.2,49.1,0,0,99.0,8.3,14.4,17.5,0.0
13981559,Inter,Lautaro Martínez,goal,assisted,613,11.5,52.1,0,0,53.4,17.7,,,
13981559,Inter,Marcus Thuram,miss,corner,228,8.0,48.7,0,0,77.0,15.3,9.7,18.4,0.0
13981559,Inter,Marcus Thuram,block,corner,209,9.4,52.1,0,0,48.9,19.0,7.5,52.7,0.0
13981559,Inter,Nicolò Barella,save,assisted,174,15.1,52.1,0,0,46.7,5.1,11.5,51.6,0.0
13981559,Inter,Lautaro Martínez,block,assisted,19,15.1,42.5,0,0,50.6,19.0,14.1,43.0,0.0
13981554,Torino,Cyril Ngonge,block,assisted,5399,14.1,36.2,0,0,51.0,19.0,10.8,39.2,0.0
13981554,Milan,Ruben Loftus-Cheek,miss,regular,4741,12.3,67.1,0,0,72.8,4.2,,,
13981554,Milan,Christopher Nkunku,block,assisted,4739,12.5,62.8,0,0,49.7,19.0,10.9,61.2,0.0
13981554,Milan,Christian Pulišić,goal,assisted,4600,10.3,50.6,0,0,46.5,7.6,,,
13981554,Milan,Ruben Loftus-Cheek,block,assisted,4354,10.8,69.7,0,0,47.8,19.0,8.3,65.7,0.0
13981554,Torino,Kristjan Asllani,save,regular,4327,21.0,47.2,0,0,48.2,24.7,1.1,49.6,0.0
13981554,Milan,Christopher Nkunku,block,assisted,4114,9.2,38.3,0,0,51.9,19.0,8.0,39.6,0.0
13981554,Milan,Fikayo Tomori,block,regular,4091,9.7,56.0,0,0,49.6,19.0,8.3,55.2,0.0
13981554,Milan,Christian Pulišić,goal,assisted,3972,8.9,56.3,0,0,51.2,4.4,,,
13981554,Torino,Marcus Pedersen,miss,assisted,3659,17.2,69.1,0,0,62.7,26.4,,,
13981554,Torino,Nikola Vlašić,miss,assisted,3591,19.1,72.0,0,0,40.0,6.9,,,
13981554,Milan,Samuele Ricci,save,regular,3288,4.0,46.0,0,0,51.9,13.3,0.59999999999999,47.8,0.0
13981554,Milan,Davide Bartesaghi,save,assisted,3285,8.8,42.5,0,0,52.8,2.5,1.2,49.6,0.0
13981554,Milan,Davide Bartesaghi,block,free-kick,3087,24.7,35.0,0,0,50.6,19.0,14.5,41.0,0.0
13981554,Milan,Strahinja Pavlović,miss,assisted,2921,24.5,41.7,0,0,58.2,77.8,,,
13981554,Milan,Christopher Nkunku,save,assisted,2818,8.5,56.2,0,0,49.6,5.7,1.3,52.3,0.0
13981554,Torino,Adrien Tameze,block,assisted,2846,28.8,58.3,0,0,50.2,19.0,22.7,56.5,0.0
13981554,Milan,Adrien Rabiot,miss,assisted,2694,14.8,46.0,0,0,60.0,11.1,,,
13981554,Milan,Christopher Nkunku,miss,assisted,2473,13.6,45.0,0,0,39.5,23.6,3.6,56.0,0.0
13981554,Milan,Ruben Loftus-Cheek,block,corner,2219,7.1,46.0,0,0,50.7,19.0,6.0,46.5,0.0
13981554,Milan,Rafael Leão,miss,assisted,1622,25.9,57.0,0,0,61.8,6.9,,,
13981554,Milan,Adrien Rabiot,goal,assisted,1427,28.2,48.3,0,0,47.4,23.4,,,
13981554,Torino,Duván Zapata,goal,fast-break,1001,11.6,69.1,0,0,51.8,15.8,,,
13981554,Torino,Kristjan Asllani,save,corner,960,26.8,25.6,0,0,51.9,17.1,2.3,47.3,0.0
13981554,Torino,Nikola Vlašić,goal,penalty,560,11.5,50.0,0,0,46.9,8.2,,,
13981553,Hellas Verona,Abdou Harroui,block,assisted,5587,21.4,37.8,0,0,49.9,19.0,13.7,42.2,0.0
13981553,Hellas Verona,Armel Bella-Kotchap,block,corner,4996,15.2,48.0,0,0,50.6,19.0,13.1,48.2,0.0
13981553,Atalanta,Gianluca Scamacca,goal,penalty,4850,11.5,50.0,0,0,53.0,7.6,,,
13981553,Atalanta,Gianluca Scamacca,block,assisted,4609,18.2,49.3,0,0,49.1,19.0,14.4,49.6,0.0
13981553,Hellas Verona,Daniel Mosquera,save,assisted,4584,12.8,32.1,0,0,48.1,1.9,0.7,50.0,0.0
13981553,Hellas Verona,Antoine Bernede,goal,fast-break,4254,17.6,48.9,0,0,46.0,2.5,,,
13981553,Hellas Verona,Martin Frese,save,assisted,3567,4.8,56.1,0,0,46.2,10.1,0.5,52.9,0.0
13981553,Hellas Verona,Daniel Mosquera,miss,assisted,3138,12.3,60.1,0,0,39.8,4.2,,,
13981553,Atalanta,Charles De Ketelaere,save,regular,2930,3.3,40.1,0,0,52.8,7.0,0.59999999999999,48.2,0.0
13981553,Hellas Verona,Daniel Mosquera,block,assisted,2781,10.5,35.5,0,0,51.5,19.0,7.0,39.9,0.0
13981553,Atalanta,Éderson,miss,set-piece,2701,24.6,39.9,0,0,60.5,22.2,10.6,39.2,0.0
13981553,Atalanta,Nikola Krstović,save,assisted,2420,19.5,63.0,0,0,51.3,3.8,1.6,51.4,0.0
13981553,Hellas Verona,Giovane,goal,throw-in-set-piece,2142,18.1,46.4,0,0,51.0,27.8,,,
13981553,Hellas Verona,Rafik Belghali,goal,assisted,1665,8.2,57.7,0,0,47.4,24.1,,,
13981553,Atalanta,Ademola Lookman,miss,corner,1561,15.3,61.9,0,0,58.8,88.9,,,
13981553,Atalanta,Charles De Ketelaere,block,assisted,1506,16.2,46.2,0,0,50.4,11.1,13.3,46.6,0.0
13981553,Hellas Verona,Giovane,save,regular,1393,20.9,71.8,0,0,48.1,3.8,1.1,51.4,0.0
13981553,Hellas Verona,Cheikh Niasse,block,assisted,1264,20.3,53.8,0,0,50.5,19.0,17.7,53.2,0.0
13981553,Atalanta,Charles De Ketelaere,save,set-piece,968,1.9,57.4,0,0,47.3,19.0,0.7,54.5,0.0
13981553,Atalanta,Isak Hien,save,set-piece,967,10.9,48.7,0,0,46.8,9.5,1.8,50.0,0.0
13981553,Atalanta,Raoul Bellanova,block,corner,632,16.9,65.8,0,0,52.0,19.0,15.8,64.6,0.0
13981553,Atalanta,Isak Hien,block,corner,629,8.7,45.0,0,0,47.7,19.0,0.90000000000001,51.6,0.0
13981553,Atalanta,Ademola Lookman,block,assisted,602,6.7,35.6,0,0,50.1,19.0,5.8,37.5,0.0
13981553,Hellas Verona,Mutassim Al-Musrati,save,set-piece,230,18.5,49.5,0,0,51.6,24.1,1.4,50.5,0.0
13981555,Pisa,Stefano Moreo,miss,assisted,5509,13.9,52.6,0,0,39.5,8.3,,,
13981555,Pisa,Michel Aebischer,miss,assisted,5430,22.8,69.3,0,0,59.5,2.8,17.6,62.5,0.0
13981555,Pisa,Idrissa Touré,miss,corner,5361,10.7,49.3,0,0,19.0,6.9,1.9,74.9,0.0
13981555,Pisa,M'Bala Nzola,save,assisted,5345,11.1,48.8,0,0,50.3,24.1,1.5,50.0,0.0
13981555,Pisa,M'Bala Nzola,block,assisted,5257,3.7,51.4,0,0,49.6,19.0,2.5,51.1,0.0
13981555,Parma,Enrico Delprato,miss,set-piece,4967,7.4,40.3,0,0,33.9,13.9,,,
13981555,Parma,Gaetano Oristanio,block,assisted,4496,23.2,63.8,0,0,53.7,19.0,12.8,56.0,0.0
13981555,Pisa,Mehdi Léris,block,throw-in-set-piece,4285,17.5,26.2,0,0,52.9,19.0,15.3,28.9,0.0
13981555,Pisa,Idrissa Touré,miss,regular,3893,4.8,55.5,0,0,42.4,33.3,0.59999999999999,56.9,0.0
13981555,Parma,Mateo Pellegrino,miss,throw-in-set-piece,3807,6.2,42.0,0,0,52.4,54.2,,,
13981555,Pisa,Mehdi Léris,miss,corner,3696,26.6,50.9,0,0,38.3,55.6,,,
13981555,Pisa,M'Bala Nzola,miss,assisted,3425,5.1,48.9,0,0,51.8,81.9,,,
13981555,Pisa,Gabriele Piccinini,miss,assisted,3254,8.6,64.0,0,0,43.7,91.7,,,
13981555,Parma,Mateo Pellegrino,miss,throw-in-set-piece,3009,10.7,73.2,0,0,62.2,5.6,,,
13981555,Pisa,M'Bala Nzola,miss,set-piece,2964,7.7,56.4,0,0,39.8,51.4,,,
13981555,Pisa,Antonio Caracciolo,miss,assisted,2798,28.9,63.8,0,0,43.5,72.2,,,
13981555,Pisa,M'Bala Nzola,block,assisted,2762,11.9,50.7,0,0,49.1,19.0,10.7,50.7,0.0
13981555,Parma,Adrian Benedyczak,goal,penalty,2398,11.5,50.0,0,0,53.5,8.2,,,
13981555,Parma,Sascha Britschgi,block,assisted,2178,27.1,66.4,0,0,52.2,19.0,14.5,59.6,0.0
13981555,Parma,Adrián Bernabé,miss,throw-in-set-piece,1716,8.3,73.0,0,0,40.7,9.7,,,
13981555,Parma,Emanuele Valeri,miss,assisted,1402,22.0,28.6,0,0,66.2,77.8,,,
13981555,Pisa,Idrissa Touré,save,assisted,798,8.2,64.0,0,0,48.4,15.8,0.90000000000001,53.1,0.0
13981555,Parma,Adrian Benedyczak,save,assisted,764,7.4,67.1,0,0,46.2,5.7,1.2,55.4,0.0
13981556,Bologna,Lewis Ferguson,miss,assisted,5605,23.9,46.0,0,0,64.7,52.8,,,
13981556,Lazio,Matteo Cancellieri,miss,assisted,4621,12.1,62.7,0,0,57.1,50.0,,,
13981556,Lazio,Toma Bašić,miss,corner,4401,22.8,67.3,0,0,41.0,8.3,,,
13981556,Lazio,Tijjani Noslin,save,corner,4386,3.6,62.0,0,0,53.6,24.7,0.3,53.1,0.0
13981556,Lazio,Mattéo Guendouzi,save,assisted,4350,24.4,53.2,0,0,46.4,3.2,1.9,49.6,0.0
13981556,Bologna,Santiago Castro,save,assisted,4269,7.7,41.3,0,0,50.1,6.3,1.8,47.5,0.0
13981556,Bologna,Juan Miranda,block,assisted,4266,21.2,29.1,0,0,50.5,19.0,7.0,42.8,0.0
13981556,Bologna,Jens Odgaard,block,assisted,4255,18.8,71.4,0,0,51.8,19.0,15.7,67.5,0.0
13981556,Lazio,Matteo Cancellieri,save,corner,3726,11.4,56.4,0,0,46.4,17.7,1.2,49.6,0.0
13981556,Lazio,Mattéo Guendouzi,save,regular,3668,10.8,62.6,0,0,46.1,2.5,1.4,52.0,0.0
13981556,Lazio,Adam Marušić,block,assisted,3667,12.8,51.5,0,0,50.1,19.0,10.9,51.3,0.0
13981556,Lazio,Mario Gila Fuentes,miss,assisted,3493,27.9,43.6,0,0,35.8,23.6,,,
13981556,Lazio,Valentín Castellanos,save,assisted,3093,7.5,35.1,0,0,52.1,19.6,1.0,47.5,0.0
13981556,Bologna,Juan Miranda,save,assisted,2575,2.9,37.2,0,0,50.0,19.0,0.3,48.6,0.0
13981556,Bologna,Jens Odgaard,goal,regular,2393,3.3,51.9,0,0,50.1,0.6,,,
13981556,Bologna,Nadir Zortea,save,assisted,2391,9.4,66.9,0,0,51.8,15.2,1.2,54.9,0.0
13981556,Lazio,Gustav Isaksen,goal,regular,2267,3.4,59.7,0,0,47.4,3.8,,,
13981556,Lazio,Mattia Zaccagni,save,assisted,2266,5.1,32.8,0,0,47.1,12.7,0.3,47.1,0.0
13981556,Bologna,Tommaso Pobega,save,regular,1980,22.9,61.3,0,0,52.6,1.9,2.0,52.0,0.0
13981556,Bologna,Jens Odgaard,save,regular,1768,12.1,41.6,0,0,53.2,2.5,1.5,46.6,0.0
13981556,Lazio,Toma Bašić,block,assisted,1546,7.3,34.8,0,0,50.3,19.0,6.3,36.8,0.0
13981556,Bologna,Santiago Castro,miss,corner,1281,9.5,55.4,0,0,46.4,70.8,,,
13981556,Bologna,Jens Odgaard,block,assisted,1232,31.7,45.5,0,0,51.0,19.0,18.8,46.9,0.0
13981556,Lazio,Gustav Isaksen,save,assisted,895,15.0,56.6,0,0,50.2,2.5,5.9,52.5,0.0
13981556,Bologna,Jens Odgaard,miss,regular,829,15.4,65.1,0,0,42.2,4.2,,,
13981556,Lazio,Valentín Castellanos,save,regular,767,18.4,56.2,0,0,50.3,3.8,1.6,51.8,0.0
13981556,Lazio,Nuno Tavares,miss,regular,691,15.7,27.2,0,0,57.3,5.6,0.90000000000001,42.2,0.0
13981556,Lazio,Danilo Cataldi,miss,free-kick,244,28.5,44.2,0,0,54.1,63.9,,,
13981556,Bologna,Riccardo Orsolini,miss,assisted,46,15.1,67.3,0,0,43.2,5.6,,,
13981558,Fiorentina,Niccolò Fortini,miss,regular,5218,21.9,41.1,0,0,35.8,100.0,,,
13981558,Fiorentina,Cher Ndour,block,assisted,4506,9.2,48.1,0,0,51.4,19.0,7.3,48.2,0.0
13981558,Sassuolo,Ismael Koné,goal,assisted,3846,9.8,65.4,0,0,48.7,2.5,,,
13981558,Sassuolo,Walid Cheddira,block,assisted,3542,4.5,33.6,0,0,53.3,19.0,3.8,35.7,0.0
13981558,Fiorentina,Pablo Marí,miss,assisted,3269,31.3,53.2,0,0,35.3,4.2,,,
13981558,Fiorentina,Moise Kean,miss,assisted,3005,10.7,52.1,0,0,41.3,22.2,,,
13981558,Sassuolo,Tarik Muharemović,goal,corner,2745,3.8,50.3,0,0,48.6,29.7,,,
13981558,Sassuolo,Armand Laurienté,block,throw-in-set-piece,2717,8.8,32.7,0,0,52.9,19.0,7.6,34.7,0.0
13981558,Sassuolo,Tarik Muharemović,save,corner,2678,22.5,64.4,0,0,52.9,7.0,2.7,51.1,0.0
13981558,Fiorentina,Rolando Mandragora,block,free-kick,2581,23.8,68.1,0,0,50.6,19.0,14.4,60.5,0.0
13981558,Fiorentina,Moise Kean,miss,assisted,2259,12.4,56.9,0,0,35.1,8.3,,,
13981558,Sassuolo,Armand Laurienté,miss,free-kick,1991,24.4,36.6,0,0,61.7,29.2,,,
13981558,Sassuolo,Andrea Pinamonti,miss,assisted,1724,9.7,45.0,0,0,39.7,76.4,,,
13981558,Sassuolo,Tarik Muharemović,block,regular,1648,26.5,30.7,0,0,50.1,19.0,19.8,35.6,0.0
13981558,Sassuolo,Andrea Pinamonti,miss,corner,1543,11.7,54.0,0,0,61.5,2.8,,,
13981558,Sassuolo,Armand Laurienté,block,assisted,1492,14.1,31.7,0,0,50.7,19.0,12.0,34.3,0.0
13981558,Sassuolo,Armand Laurienté,save,assisted,1438,10.3,27.4,0,0,51.6,3.2,1.0,47.7,0.0
13981558,Sassuolo,Andrea Pinamonti,miss,assisted,1181,9.4,49.5,0,0,62.7,44.4,,,
13981558,Fiorentina,Moise Kean,block,assisted,858,26.2,55.2,0,0,47.5,19.0,25.4,54.0,0.0
13981558,Sassuolo,Cristian Volpato,goal,assisted,780,20.3,73.3,0,0,49.0,7.6,,,
13981558,Fiorentina,Rolando Mandragora,goal,penalty,536,11.5,50.0,0,0,46.2,7.0,,,
13981558,Fiorentina,Moise Kean,miss,set-piece,139,9.8,59.0,0,0,42.2,69.4,,,
13981552,Udinese,Sandi Lovrić,save,throw-in-set-piece,5682,10.9,67.6,0,0,47.1,25.9,1.0,52.3,0.0
13981552,Udinese,Iker Bravo,block,throw-in-set-piece,5677,18.8,46.2,0,0,51.1,19.0,17.5,46.4,0.0
13981552,Udinese,Nicolò Zaniolo,block,assisted,5078,28.4,70.7,0,0,50.5,19.0,22.9,66.6,0.0
13981552,Udinese,Adam Buksa,miss,assisted,5025,9.7,56.6,0,0,42.0,69.4,,,
13981552,Genoa,Brooke Norton-Cuffy,goal,assisted,4936,8.9,55.0,0,0,46.1,0.6,,,
13981552,Genoa,Jeff Ekhator,miss,assisted,4806,15.0,55.2,0,0,68.6,1.4,,,
13981552,Udinese,Nicolò Zaniolo,save,regular,4776,18.9,50.9,0,0,50.1,7.6,1.5,50.0,0.0
13981552,Udinese,Oumar Solet,miss,assisted,4169,15.9,34.0,0,0,40.2,56.9,,,
13981552,Genoa,Lorenzo Colombo,save,assisted,4134,4.1,57.3,0,0,47.4,14.6,0.59999999999999,52.7,0.0
13981552,Genoa,Ruslan Malinovskyi,miss,regular,4130,25.3,61.1,0,0,95.8,12.5,9.7,13.7,0.0
13981552,Udinese,Jakub Piotrowski,goal,assisted,3846,10.5,43.4,0,0,52.9,29.7,,,
13981552,Udinese,Keinan Davis,block,set-piece,3542,8.8,57.0,0,0,49.6,19.0,6.7,55.4,0.0
13981552,Udinese,Nicolò Zaniolo,miss,assisted,3357,12.8,35.8,0,0,41.5,9.7,6.4,50.2,0.0
13981552,Udinese,Nicolò Bertola,miss,corner,3029,4.6,32.3,0,0,58.3,25.0,,,
13981552,Udinese,Nicolò Bertola,save,corner,3002,11.5,64.8,0,0,45.9,4.4,2.0,51.8,0.0
13981552,Udinese,Keinan Davis,miss,assisted,2898,23.9,35.1,0,0,59.3,84.7,,,
13981552,Genoa,Patrizio Masini,miss,corner,2861,11.7,34.8,0,0,51.6,80.6,,,
13981552,Genoa,Vitinha,save,assisted,2816,25.0,46.8,0,0,48.3,27.8,1.9,50.4,0.0
13981552,Udinese,Jakub Piotrowski,block,set-piece,2903,15.4,36.7,0,0,48.2,19.4,12.9,38.3,0.0
13981552,Udinese,Jakub Piotrowski,miss,throw-in-set-piece,2808,9.9,50.4,0,0,62.7,13.9,,,
13981552,Genoa,Morten Thorsby,save,throw-in-set-piece,2572,9.8,31.1,0,0,51.3,14.6,0.7,48.7,0.0
13981552,Udinese,Nicolò Bertola,block,corner,2496,10.2,38.5,0,0,49.2,19.0,8.0,41.2,0.0
13981552,Udinese,Rui Modesto,save,set-piece,2468,29.7,50.9,0,0,48.5,33.5,1.5,50.0,0.0
13981552,Udinese,Jakub Piotrowski,block,set-piece,2466,23.1,29.5,0,0,50.3,19.0,19.7,32.5,0.0
13981552,Udinese,Oumar Solet,miss,assisted,2271,25.0,27.8,0,0,37.1,88.9,,,
13981552,Genoa,Alessandro Marcandalli,save,corner,2223,13.8,56.8,0,0,47.3,27.2,2.7,52.2,0.0
13981552,Genoa,Patrizio Masini,miss,corner,2222,18.2,45.8,0,0,35.3,6.9,11.8,53.2,0.0
13981552,Genoa,Ruslan Malinovskyi,goal,penalty,2029,11.5,50.0,0,0,48.4,12.7,,,
13981552,Udinese,Jürgen Ekkelenkamp,save,fast-break,1910,14.8,36.4,0,0,50.6,5.7,1.4,49.6,0.0
13981552,Udinese,Jakub Piotrowski,miss,assisted,1831,10.2,55.2,0,0,36.0,15.3,,,
13981552,Udinese,Jakub Piotrowski,miss,corner,1448,7.4,51.3,0,0,48.9,86.1,,,
13981552,Udinese,Keinan Davis,block,assisted,1069,8.8,32.7,0,0,54.2,19.0,7.6,34.5,0.0
13981552,Genoa,Brooke Norton-Cuffy,block,assisted,772,20.6,66.4,0,0,48.2,19.0,14.6,61.9,0.0
13981552,Udinese,Jakub Piotrowski,block,assisted,502,12.4,47.6,0,0,51.6,19.0,8.9,47.8,0.0
13981552,Genoa,Ruslan Malinovskyi,miss,assisted,174,25.7,29.1,0,0,35.0,18.1,12.1,47.8,0.0
13981563,Lecce,Konan N'Dri,block,corner,5717,15.1,63.8,0,0,49.8,19.0,10.2,59.4,0.0
13981563,Lecce,Konan N'Dri,miss,assisted,5550,13.7,75.9,0,0,70.9,68.1,,,
13981563,Cremonese,Antonio Sanabria,goal,assisted,4654,5.1,48.6,0,0,51.3,15.2,,,
13981563,Cremonese,Alessio Zerbin,miss,assisted,4486,18.4,64.4,0,0,58.8,6.9,,,
13981563,Cremonese,Matteo Bianchetti,block,set-piece,4297,11.1,38.5,0,0,51.4,19.0,8.4,41.0,0.0
13981563,Lecce,Francesco Camarda,miss,assisted,4134,4.9,44.4,0,0,59.2,25.0,,,
13981563,Lecce,Medon Berisha,miss,free-kick,4079,26.6,43.0,0,0,56.0,70.8,,,
13981563,Cremonese,Martín Payero,save,corner,3924,7.0,49.9,0,0,50.3,13.3,1.0,49.5,0.0
13981563,Cremonese,Federico Bonazzoli,goal,penalty,3148,11.5,50.0,0,0,45.9,3.2,,,
13981563,Cremonese,Federico Bonazzoli,block,assisted,2862,12.7,54.1,0,0,51.7,19.0,11.2,53.4,0.0
13981563,Cremonese,Federico Bonazzoli,miss,corner,2781,8.1,57.9,0,0,42.5,5.6,5.0,57.8,0.0
13981563,Cremonese,Filippo Terracciano,block,corner,2778,4.3,46.7,0,0,52.6,19.0,2.9,46.9,0.0
13981563,Cremonese,Filippo Terracciano,block,corner,2754,5.2,35.2,0,0,53.5,19.0,4.6,36.5,0.0
13981563,Cremonese,Martín Payero,save,assisted,2059,25.9,39.7,0,0,49.5,16.5,11.6,44.9,0.0
13981563,Lecce,Medon Berisha,miss,assisted,1870,27.7,48.7,0,0,50.6,68.1,,,
13981563,Cremonese,Filippo Terracciano,miss,regular,860,21.6,69.5,0,0,45.0,69.4,,,
13981563,Lecce,Santiago Pierotti,block,regular,793,12.3,42.7,0,0,46.7,19.0,11.4,43.5,0.0
13981563,Lecce,Lassana Coulibaly,miss,corner,431,8.5,43.2,0,0,71.8,5.6,,,
13981563,Lecce,Medon Berisha,save,assisted,393,11.6,68.5,0,0,48.0,20.9,1.1,52.9,0.0
13981563,Lecce,Nikola Štulić,miss,assisted,78,4.5,45.4,0,0,52.9,59.7,,,
13981557,Juventus,Edon Zhegrova,save,assisted,5603,15.8,48.1,0,0,53.1,20.9,0.90000000000001,49.6,0.0
13981557,Juventus,Manuel Locatelli,miss,throw-in-set-piece,4964,22.2,57.0,0,0,80.8,4.2,1.5,23.1,0.0
13981557,Napoli,Matteo Politano,block,fast-break,4827,21.4,67.8,0,0,50.0,19.0,19.5,66.2,0.0
13981557,Napoli,Rasmus Højlund,goal,regular,4635,4.3,53.0,0,0,48.7,36.1,,,
13981557,Napoli,Amir Rrahmani,miss,corner,3602,3.0,61.6,0,0,63.5,12.5,,,
13981557,Juventus,Kenan Yıldız,goal,fast-break,3483,5.9,65.9,0,0,52.7,1.9,,,
13981557,Napoli,Scott McTominay,miss,free-kick,3288,23.0,41.5,0,0,43.4,1.4,,,
13981557,Napoli,Rasmus Højlund,save,assisted,2903,12.2,64.4,0,0,51.7,29.7,1.9,53.8,0.0
13981557,Napoli,Scott McTominay,post,corner,2739,5.1,44.2,0,0,55.3,3.8,,,
13981557,Juventus,Francisco Conceição,miss,assisted,1804,19.8,50.3,0,0,60.8,76.4,,,
13981557,Napoli,Giovanni Di Lorenzo,save,corner,1513,8.6,38.8,0,0,47.5,36.7,1.1,49.5,0.0
13981557,Juventus,Kenan Yıldız,miss,assisted,1219,26.8,53.0,0,0,32.3,48.6,,,
13981557,Napoli,Rasmus Højlund,goal,assisted,393,3.5,54.3,0,0,51.1,0.6,,,
13981557,Napoli,Scott McTominay,miss,corner,331,5.5,43.8,0,0,56.3,25.0,,,
13981560,Cagliari,Gianluca Gaetano,goal,corner,4911,3.8,64.4,0,0,52.5,5.7,,,
13981560,Cagliari,Marco Palestra,miss,assisted,4524,3.2,68.5,0,0,68.1,25.0,,,
13981560,Cagliari,Sebastiano Esposito,miss,assisted,4068,26.0,40.2,0,0,40.8,58.3,,,
13981560,Cagliari,Gabriele Zappa,block,regular,4024,8.8,67.5,0,0,47.7,19.0,7.9,65.9,0.0
13981560,Cagliari,Michael Folorunsho,save,assisted,4021,11.1,38.5,0,0,48.0,1.9,5.0,44.4,0.0
13981560,Cagliari,Alessandro Deiola,save,assisted,3847,23.8,50.9,0,0,51.1,3.2,2.0,50.2,0.0
13981560,Cagliari,Adam Obert,save,assisted,3518,9.7,45.4,0,0,50.3,3.8,6.7,46.9,0.0
13981560,Cagliari,Sebastiano Esposito,save,free-kick,3214,18.6,34.0,0,0,48.8,10.1,0.7,51.1,0.0
13981560,Roma,Lorenzo Pellegrini,save,assisted,2835,16.3,53.0,0,0,48.7,3.8,2.9,51.8,0.0
13981560,Roma,Lorenzo Pellegrini,block,regular,2505,11.9,38.5,0,0,52.3,19.0,10.3,39.7,0.0
13981560,Roma,Matías Soulé,save,corner,1786,4.0,65.8,0,0,46.8,3.2,1.0,52.3,0.0
13981560,Roma,Lorenzo Pellegrini,block,corner,1745,4.6,38.0,0,0,51.6,19.0,3.8,39.7,0.0
13981560,Roma,Zeki Çelik,block,assisted,1720,9.4,60.3,0,0,50.6,19.0,8.0,58.7,0.0
13981560,Cagliari,Sebastiano Esposito,miss,assisted,1673,10.3,44.8,0,0,36.6,26.4,3.5,54.2,0.0
13981560,Cagliari,Sebastiano Esposito,save,assisted,1560,14.9,69.1,0,0,46.1,12.0,1.9,54.2,0.0
13981560,Cagliari,Michael Folorunsho,save,throw-in-set-piece,1376,8.2,45.7,0,0,50.0,17.7,1.6,49.8,0.0
13981560,Cagliari,Sebastiano Esposito,block,free-kick,1359,22.5,70.1,0,0,50.2,19.0,13.4,61.9,0.0
13981560,Cagliari,Marco Palestra,save,assisted,952,25.4,62.8,0,0,48.3,3.8,2.9,51.1,0.0
13981560,Cagliari,Gennaro Borrelli,miss,assisted,676,4.2,30.2,0,0,54.6,58.3,,,
13981560,Roma,Tommaso Baldanzi,block,fast-break,621,12.2,67.5,0,0,50.4,19.0,6.7,58.3,0.0
13981560,Cagliari,Michel Adopo,block,assisted,307,14.1,45.8,0,0,51.0,19.0,12.3,46.2,0.0
13981571,Hellas Verona,Gift Orban,goal,throw-in-set-piece,5553,6.8,41.5,0,0,54.3,4.4,,,
13981571,Hellas Verona,Nicolás Valentini,miss,throw-in-set-piece,5395,20.7,32.1,0,0,37.1,8.3,13.2,45.5,0.0
13981571,Hellas Verona,Gift Orban,block,free-kick,5310,19.8,27.4,0,0,48.0,19.0,9.3,40.4,0.0
13981571,Hellas Verona,Gift Orban,miss,assisted,4839,11.3,78.2,0,0,44.7,72.2,,,
13981571,Hellas Verona,Roberto Gagliardini,save,corner,4646,19.7,50.5,0,0,52.1,5.7,1.1,50.2,0.0
13981571,Fiorentina,Nicolò Fagioli,miss,free-kick,4263,22.8,19.2,0,0,56.6,15.3,,,
13981571,Fiorentina,Unai Núñez,goal,regular,4101,8.9,51.8,0,0,53.9,0.6,,,
13981571,Fiorentina,Moise Kean,save,assisted,4100,14.3,51.7,0,0,50.2,0.6,7.6,51.6,0.0
13981571,Hellas Verona,Gift Orban,miss,fast-break,4063,26.5,50.7,0,0,41.2,20.8,,,
13981571,Fiorentina,Moise Kean,miss,regular,3955,9.8,34.9,0,0,41.2,4.2,,,
13981571,Hellas Verona,Gift Orban,miss,fast-break,3720,8.2,45.0,0,0,47.4,59.7,,,
13981571,Fiorentina,Simon Sohm,miss,corner,3441,9.0,48.0,0,0,18.3,12.5,2.0,84.7,0.0
13981571,Fiorentina,Nicolò Fagioli,save,assisted,3416,23.1,50.5,0,0,46.0,1.3,1.0,50.0,0.0
13981571,Fiorentina,Rolando Mandragora,miss,corner,3384,11.5,47.8,0,0,60.2,11.1,2.7,43.5,0.0
13981571,Fiorentina,Luca Ranieri,miss,corner,3332,3.6,60.5,0,0,54.6,48.6,,,
13981571,Hellas Verona,Rafik Belghali,block,assisted,3237,13.9,45.1,0,0,51.4,19.0,11.6,45.7,0.0
13981571,Fiorentina,Dodô,miss,assisted,3182,10.7,75.9,0,0,43.4,5.6,,,
13981571,Fiorentina,Albert Guðmundsson,block,assisted,3149,16.8,53.4,0,0,48.9,19.0,14.4,53.1,0.0
13981571,Fiorentina,Luca Ranieri,post,set-piece,2882,5.1,46.6,0,0,48.8,40.5,,,
13981571,Fiorentina,Nicolò Fagioli,block,set-piece,2905,22.7,52.6,0,0,51.0,19.0,8.6,50.4,0.0
13981571,Fiorentina,Albert Guðmundsson,block,free-kick,2902,22.9,30.9,0,0,51.0,19.0,14.5,37.5,0.0
13981571,Hellas Verona,Gift Orban,miss,fast-break,2714,46.2,42.1,0,0,13.9,1.4,,,
13981571,Fiorentina,Fabiano Parisi,block,assisted,2595,6.9,44.4,0,0,51.8,19.0,5.3,45.3,0.0
13981571,Hellas Verona,Gift Orban,goal,fast-break,2507,23.9,64.2,0,0,46.6,0.6,,,
13981571,Fiorentina,Rolando Mandragora,save,assisted,2246,14.2,32.5,0,0,48.3,26.6,1.2,49.6,0.0
13981571,Fiorentina,Simon Sohm,block,regular,1957,16.9,35.2,0,0,52.6,19.0,15.7,36.1,0.0
13981571,Fiorentina,Moise Kean,miss,corner,1699,3.7,46.1,0,0,51.6,81.9,,,
13981571,Fiorentina,Moise Kean,save,assisted,1637,10.1,65.5,0,0,49.0,7.0,6.0,59.7,0.0
13981571,Hellas Verona,Daniel Mosquera,block,assisted,1533,5.4,41.1,0,0,49.7,19.0,4.1,43.3,0.0
13981571,Hellas Verona,Daniel Mosquera,miss,assisted,1244,14.6,46.3,0,0,46.6,62.5,,,
13981571,Fiorentina,Moise Kean,miss,assisted,1039,15.7,35.8,0,0,48.4,52.8,,,
13981571,Fiorentina,Moise Kean,block,assisted,673,9.2,74.2,0,0,47.9,19.0,8.0,71.3,0.0
13981571,Hellas Verona,Antoine Bernede,post,assisted,297,10.7,29.7,0,0,52.5,38.6,,,
13981571,Fiorentina,Nicolò Fagioli,block,corner,179,24.0,45.8,0,0,49.9,19.0,19.7,46.6,0.0
13981562,Milan,Strahinja Pavlović,miss,throw-in-set-piece,5735,14.7,55.0,0,0,66.7,20.8,,,
13981562,Milan,Christopher Nkunku,miss,regular,5709,6.9,40.9,0,0,27.6,9.7,1.9,58.7,0.0
13981562,Milan,Ruben Loftus-Cheek,block,fast-break,5554,24.7,49.3,0,0,50.2,19.0,17.1,49.5,0.0
13981562,Sassuolo,Armand Laurienté,post,fast-break,5266,19.5,35.8,0,0,55.4,8.2,,,
13981562,Sassuolo,Armand Laurienté,miss,throw-in-set-piece,5207,4.3,52.6,0,0,36.6,26.4,,,
13981562,Sassuolo,Josh Doig,block,assisted,5037,20.1,42.7,0,0,49.7,19.0,18.1,43.5,0.0
13981562,Sassuolo,Armand Laurienté,goal,assisted,4591,7.7,32.3,0,0,47.6,4.4,,,
13981562,Sassuolo,Jay Idzes,block,corner,4515,9.9,52.1,0,0,49.8,19.0,8.7,51.9,0.0
13981562,Milan,Ruben Loftus-Cheek,save,set-piece,3963,6.7,56.6,0,0,53.3,19.0,1.5,48.9,0.0
13981562,Sassuolo,Kristian Thorstvedt,save,assisted,3671,5.7,57.7,0,0,46.7,13.9,1.1,52.2,0.0
13981562,Milan,Christian Pulišić,block,regular,3355,9.8,62.8,0,0,48.4,19.0,8.8,61.6,0.0
13981562,Milan,Christopher Nkunku,save,regular,2883,23.8,40.9,0,0,46.1,8.2,2.7,49.8,0.0
13981562,Milan,Davide Bartesaghi,goal,assisted,2764,7.1,32.6,0,0,52.9,5.7,,,
13981562,Milan,Alexis Saelemaekers,miss,assisted,2219,21.9,66.7,0,0,57.3,86.1,,,
13981562,Milan,Davide Bartesaghi,goal,assisted,1998,4.4,39.1,0,0,48.4,17.1,,,
13981562,Milan,Adrien Rabiot,save,regular,1719,11.9,53.3,0,0,49.3,17.1,7.7,52.6,0.0
13981562,Sassuolo,Sebastian Walukiewicz,block,set-piece,1668,26.0,60.3,0,0,49.7,19.0,21.2,58.5,0.0
13981562,Milan,Matteo Gabbia,block,corner,1314,8.0,44.8,0,0,45.5,19.0,7.3,45.7,0.0
13981562,Sassuolo,Ismael Koné,goal,assisted,766,4.9,61.1,0,0,52.3,13.9,,,
13981562,Milan,Christopher Nkunku,miss,assisted,192,14.1,50.9,0,0,98.7,4.2,10.6,37.5,0.0
13981562,Milan,Alexis Saelemaekers,miss,assisted,13,27.5,54.2,0,0,53.4,70.8,,,
13981564,Genoa,Caleb Ekuban,save,assisted,5412,13.5,41.5,0,0,49.2,9.5,1.4,50.2,0.0
13981564,Inter,Marcus Thuram,block,corner,5231,18.2,46.6,0,0,52.2,19.0,15.9,46.7,0.0
13981564,Inter,Marcus Thuram,save,corner,5226,4.3,39.9,0,0,53.2,30.4,0.90000000000001,46.4,0.0
13981564,Genoa,Ruslan Malinovskyi,miss,corner,4892,27.2,54.8,0,0,35.6,13.9,13.4,56.0,0.0
13981564,Genoa,Albert Grønbæk,save,free-kick,4821,29.8,48.5,0,0,49.6,10.1,1.0,50.5,0.0
13981564,Genoa,Vitinha,goal,assisted,4070,7.7,47.9,0,0,49.2,3.2,,,
13981564,Inter,Yann Bisseck,miss,corner,4020,6.5,59.5,0,0,45.9,69.4,,,
13981564,Inter,Francesco Pio Esposito,save,assisted,3959,10.1,61.1,0,0,48.7,12.7,2.7,52.3,0.0
13981564,Inter,Piotr Zieliński,block,assisted,3947,26.9,59.3,0,0,49.0,19.0,15.5,55.8,0.0
13981564,Inter,Francesco Pio Esposito,block,assisted,3933,18.9,51.9,0,0,49.2,19.0,16.7,51.8,0.0
13981564,Inter,Lautaro Martínez,save,assisted,3869,17.3,39.5,0,0,51.2,8.2,1.8,49.1,0.0
13981564,Inter,Lautaro Martínez,block,regular,2780,9.7,49.5,0,0,47.6,19.0,7.8,50.0,0.0
13981564,Inter,Lautaro Martínez,goal,regular,2246,11.9,39.5,0,0,46.1,15.8,,,
13981564,Inter,Francesco Pio Esposito,save,assisted,1863,6.9,61.2,0,0,48.5,8.9,3.8,57.2,0.0
13981564,Inter,Yann Bisseck,block,assisted,1484,21.2,65.4,0,0,51.6,19.0,18.0,62.8,0.0
13981564,Inter,Carlos Augusto,miss,assisted,1421,28.2,39.7,0,0,56.3,76.4,,,
13981564,Inter,Yann Bisseck,block,regular,1400,18.1,56.0,0,0,49.6,19.0,16.5,55.5,0.0
13981564,Inter,Lautaro Martínez,save,assisted,1284,15.3,48.5,0,0,50.6,25.9,1.9,49.3,0.0
13981564,Inter,Manuel Akanji,block,corner,1214,8.0,45.9,0,0,51.2,19.0,5.1,46.9,0.0
13981564,Inter,Piotr Zieliński,block,assisted,1177,24.1,62.7,0,0,49.3,19.0,17.5,59.4,0.0
13981564,Inter,Yann Bisseck,goal,assisted,321,14.4,72.4,0,0,46.3,2.5,,,
13981564,Genoa,Brooke Norton-Cuffy,miss,assisted,230,11.4,70.5,0,0,45.0,88.9,,,
13981564,Inter,Lautaro Martínez,save,assisted,95,18.7,78.1,0,0,51.9,17.1,6.6,57.9,0.0
13981570,Napoli,Matteo Politano,miss,regular,5695,18.1,67.5,0,0,53.4,81.9,,,
13981570,Napoli,Lorenzo Lucca,post,assisted,5572,5.3,62.5,0,0,44.7,1.9,,,
13981570,Udinese,Oier Zarraga,miss,regular,5516,10.1,51.9,0,0,47.6,75.0,,,
13981570,Napoli,Rasmus Højlund,miss,assisted,5236,4.3,47.6,0,0,40.2,47.2,,,
13981570,Napoli,Scott McTominay,block,assisted,4631,18.3,49.5,0,0,52.2,19.0,15.9,49.3,0.0
13981570,Udinese,Jürgen Ekkelenkamp,goal,assisted,4373,22.2,33.0,0,0,47.0,25.3,,,
13981570,Udinese,Nicolò Zaniolo,miss,assisted,4026,10.4,57.8,0,0,42.5,29.2,,,
13981570,Udinese,Keinan Davis,block,assisted,3750,19.0,51.2,0,0,50.1,19.0,17.3,51.1,0.0
13981570,Udinese,Nicolò Zaniolo,block,regular,3526,13.9,51.9,0,0,49.8,19.0,8.6,51.3,0.0
13981570,Udinese,Jakub Piotrowski,save,assisted,3524,10.5,60.0,0,0,48.7,22.8,1.4,51.4,0.0
13981570,Udinese,Jürgen Ekkelenkamp,miss,fast-break,3499,22.9,43.4,0,0,64.4,13.9,12.1,41.9,0.0
13981570,Udinese,Jürgen Ekkelenkamp,block,free-kick,3394,19.1,47.2,0,0,49.3,19.0,10.7,48.7,0.0
13981570,Udinese,Nicolò Bertola,save,assisted,3060,21.0,29.7,0,0,48.8,8.9,2.5,48.0,0.0
13981570,Napoli,Rasmus Højlund,miss,regular,2890,15.0,49.8,0,0,23.9,8.3,13.4,56.3,0.0
13981570,Udinese,Jürgen Ekkelenkamp,block,throw-in-set-piece,2788,13.6,45.7,0,0,49.3,19.0,6.8,48.2,0.0
13981570,Udinese,Jakub Piotrowski,miss,assisted,2489,12.9,53.7,0,0,39.5,37.5,,,
13981570,Udinese,Nicolò Zaniolo,block,free-kick,1869,26.0,59.6,0,0,50.6,19.0,18.1,56.5,0.0
13981570,Udinese,Nicolò Zaniolo,block,assisted,1802,23.0,47.8,0,0,50.5,19.0,12.9,48.6,0.0
13981570,Udinese,Jürgen Ekkelenkamp,save,fast-break,1788,21.8,45.5,0,0,48.6,9.5,1.9,50.5,0.0
13981570,Udinese,Nicolò Bertola,block,assisted,1541,24.4,27.0,0,0,47.2,19.0,13.6,38.4,0.0
13981570,Udinese,Oumar Solet,miss,assisted,1329,23.6,30.3,0,0,41.3,72.2,,,
13981570,Udinese,Christian Kabasele,save,set-piece,972,11.5,53.4,0,0,51.2,29.1,1.9,51.1,0.0
13981570,Napoli,Giovanni Di Lorenzo,miss,corner,851,6.6,40.3,0,0,22.2,5.6,4.2,48.4,0.0
13981570,Napoli,Noa Lang,miss,corner,622,13.5,37.8,0,0,47.9,66.7,,,
13981570,Udinese,Jakub Piotrowski,miss,assisted,164,21.8,64.0,0,0,60.8,52.8,,,
13981577,Roma,Leon Bailey,save,assisted,5538,19.3,65.7,0,0,46.7,16.5,1.6,52.5,0.0
13981577,Como,Stefan Posch,miss,assisted,5485,11.2,70.4,0,0,43.4,31.9,,,
13981577,Como,Stefan Posch,miss,assisted,4995,10.4,33.1,0,0,33.6,5.6,9.2,36.3,0.0
13981577,Como,Stefan Posch,save,set-piece,4465,13.0,52.9,0,0,47.8,24.7,1.0,51.4,0.0
13981577,Roma,Evan Ferguson,miss,assisted,3813,9.8,30.9,0,0,39.7,1.4,,,
13981577,Roma,Wesley,goal,assisted,3598,12.5,71.6,0,0,54.5,1.9,,,
13981577,Como,Maxence Caqueret,miss,corner,3240,23.2,44.4,0,0,1.7,6.9,14.9,54.5,0.0
13981577,Como,Lucas Da Cunha,block,corner,3199,19.7,53.6,0,0,49.1,19.0,15.8,53.1,0.0
13981577,Como,Nico Paz,block,corner,3197,14.2,59.2,0,0,49.1,19.0,7.7,55.4,0.0
13981577,Como,Nico Paz,block,fast-break,3154,11.6,32.3,0,0,51.3,19.0,9.2,35.7,0.0
13981577,Como,Anastasios Douvikas,block,fast-break,3148,9.8,70.9,0,0,53.4,19.0,8.0,66.4,0.0
13981577,Roma,Evan Ferguson,save,set-piece,3111,3.7,74.4,0,0,45.9,3.8,0.5,54.7,0.0
13981577,Como,Jacobo Ramón,block,set-piece,2904,13.6,29.9,0,0,52.2,19.0,12.8,31.0,0.0
13981577,Roma,Lorenzo Pellegrini,miss,throw-in-set-piece,2764,13.3,44.5,0,0,25.2,15.3,7.0,58.8,0.0
13981577,Como,Jayden Addai,miss,regular,2538,17.8,70.9,0,0,65.9,84.7,,,
13981577,Roma,Evan Ferguson,save,assisted,2512,10.5,54.9,0,0,48.6,10.1,2.5,51.4,0.0
13981577,Roma,Evan Ferguson,block,assisted,2433,11.1,60.7,0,0,50.3,19.0,7.5,56.9,0.0
13981577,Como,Assane Diao,block,fast-break,1803,17.6,33.0,0,0,50.2,19.0,14.4,36.1,0.0
13981577,Roma,Evan Ndicka,block,corner,1793,8.9,49.1,0,0,53.0,19.0,7.3,48.7,0.0
13981577,Roma,Matías Soulé,block,assisted,1757,22.2,60.0,0,0,51.6,19.0,15.1,56.3,0.0
13981577,Roma,Matías Soulé,block,assisted,1714,8.8,68.3,0,0,52.4,19.0,7.1,64.3,0.0
13981577,Roma,Wesley,miss,assisted,1497,12.3,63.9,0,0,61.0,81.9,,,
13981577,Roma,Matías Soulé,block,assisted,1495,11.0,45.6,0,0,51.0,19.0,7.9,46.6,0.0
13981577,Roma,Lorenzo Pellegrini,miss,corner,1448,2.3,43.2,0,0,57.0,76.4,,,
13981577,Roma,Wesley,block,regular,1297,10.9,72.0,0,0,49.4,19.0,9.8,69.9,0.0
13981577,Como,Nico Paz,miss,assisted,804,22.5,64.0,0,0,39.8,5.6,,,
13981577,Como,Maxence Caqueret,block,assisted,361,14.3,67.2,0,0,54.1,19.0,13.1,65.3,0.0
13981565,Juventus,Loïs Openda,miss,regular,5656,10.2,65.6,0,0,48.6,73.6,,,
13981565,Bologna,Federico Bernardeschi,block,set-piece,5587,27.1,50.3,0,0,49.5,19.0,17.9,50.4,0.0
13981565,Juventus,Loïs Openda,save,assisted,5440,12.4,52.9,0,0,52.8,4.4,1.4,49.8,0.0
13981565,Juventus,Kenan Yıldız,block,fast-break,5418,11.9,37.4,0,0,53.7,19.0,9.3,39.3,0.0
13981565,Bologna,Federico Bernardeschi,save,assisted,4933,20.9,39.7,0,0,50.3,3.8,1.2,49.6,0.0
13981565,Bologna,Santiago Castro,block,regular,4883,31.4,45.7,0,0,50.1,19.0,22.3,46.9,0.0
13981565,Juventus,Juan Cabal,block,set-piece,4249,24.8,42.7,0,0,48.5,19.0,19.2,43.3,0.0
13981565,Juventus,Teun Koopmeiners,block,free-kick,4245,23.3,52.7,0,0,48.4,19.0,13.1,52.2,0.0
13981565,Juventus,Juan Cabal,goal,corner,3823,3.7,49.8,0,0,51.8,15.2,,,
13981565,Juventus,Kenan Yıldız,block,fast-break,3777,12.1,60.0,0,0,50.2,19.0,9.0,57.4,0.0
13981565,Bologna,Lewis Ferguson,block,assisted,3486,11.1,56.2,0,0,49.0,19.0,4.6,51.6,0.0
13981565,Bologna,Riccardo Orsolini,miss,regular,3273,13.3,57.5,0,0,33.9,4.2,10.6,58.1,0.0
13981565,Bologna,Thijs Dallinga,miss,assisted,3274,13.5,60.0,0,0,63.7,65.3,,,
13981565,Juventus,Francisco Conceição,miss,assisted,2799,22.9,66.0,0,0,57.1,73.6,,,
13981565,Bologna,Nadir Zortea,post,assisted,2725,3.3,67.7,0,0,49.6,39.9,,,
13981565,Juventus,Weston McKennie,miss,assisted,2537,9.9,44.8,0,0,62.2,23.6,8.0,38.8,0.0
13981565,Bologna,Riccardo Orsolini,block,assisted,2266,4.0,69.4,0,0,45.6,19.0,3.3,66.6,0.0
13981565,Juventus,Weston McKennie,miss,assisted,1908,8.8,49.3,0,0,33.3,12.5,,,
13981565,Bologna,Riccardo Orsolini,save,regular,1079,21.2,60.5,0,0,53.7,10.1,1.8,52.2,0.0
13981565,Juventus,Kenan Yıldız,save,assisted,753,11.2,32.7,0,0,49.9,9.5,4.5,41.3,0.0
13981565,Juventus,Khéphren Thuram,miss,assisted,564,25.5,34.0,0,0,59.7,6.9,,,
13981565,Bologna,Tommaso Pobega,save,set-piece,267,8.8,38.0,0,0,48.1,1.9,1.2,49.1,0.0
13981565,Bologna,Riccardo Orsolini,save,set-piece,268,3.0,61.7,0,0,48.1,18.4,1.4,55.1,0.0
13981565,Juventus,Francisco Conceição,block,assisted,28,10.5,63.4,0,0,51.1,19.0,9.4,61.9,0.0
13981573,Cremonese,Filippo Terracciano,block,regular,5833,20.3,51.0,0,0,49.6,19.0,17.0,50.9,0.0
13981573,Cremonese,Franco Vázquez,miss,assisted,5696,25.9,37.4,0,0,56.6,72.2,,,
13981573,Torino,Kristjan Asllani,block,regular,5402,24.3,70.8,0,0,51.9,19.0,20.2,67.0,0.0
13981573,Torino,Giovanni Simeone,block,assisted,5213,14.5,37.4,0,0,51.1,19.0,12.3,39.2,0.0
13981573,Torino,Giovanni Simeone,save,fast-break,5174,8.6,27.4,0,0,52.3,18.1,1.0,48.0,0.0
13981573,Torino,Che Adams,miss,fast-break,4890,14.2,33.6,0,0,43.0,13.9,,,
13981573,Cremonese,Faris Moumbagna,miss,assisted,4763,5.3,57.6,0,0,46.4,75.0,,,
13981573,Torino,Marcus Pedersen,block,fast-break,4664,4.9,30.0,0,0,47.4,19.0,4.4,32.5,0.0
13981573,Cremonese,Federico Ceccherini,save,set-piece,4527,28.3,45.6,0,0,51.1,24.1,1.2,50.4,0.0
13981573,Torino,Saúl Coco,block,corner,4433,7.4,54.3,0,0,48.4,19.0,5.5,53.6,0.0
13981573,Torino,Ardian Ismajli,save,regular,4138,8.3,65.2,0,0,50.3,31.0,1.0,52.5,0.0
13981573,Torino,Che Adams,save,assisted,4135,13.0,28.9,0,0,49.8,17.1,1.5,47.1,0.0
13981573,Cremonese,Antonio Sanabria,miss,corner,3964,8.6,54.7,0,0,41.7,58.3,,,
13981573,Torino,Guillermo Maripán,block,corner,3724,10.2,48.1,0,0,49.7,19.0,8.1,48.6,0.0
13981573,Torino,Che Adams,block,fast-break,3667,7.6,55.4,0,0,49.0,19.0,5.8,57.9,0.0
13981573,Torino,Gvidas Gineitis,block,fast-break,3423,23.7,32.9,0,0,45.5,19.0,20.6,35.7,0.0
13981573,Cremonese,Federico Ceccherini,miss,corner,3393,10.6,37.8,0,0,0.5,15.3,10.7,49.5,0.0
13981573,Torino,Ardian Ismajli,save,corner,2969,3.0,57.0,0,0,45.8,2.5,1.1,54.2,0.0
13981573,Cremonese,Federico Baschirotto,block,set-piece,2472,11.4,45.0,0,0,50.6,19.0,9.7,45.7,0.0
13981573,Torino,Guillermo Maripán,miss,assisted,2313,9.2,47.9,0,0,66.1,6.9,4.0,38.4,0.0
13981573,Torino,Che Adams,block,assisted,2214,14.6,24.6,0,0,51.5,19.0,11.1,30.3,0.0
13981573,Cremonese,Federico Bonazzoli,save,assisted,1727,14.5,50.3,0,0,53.0,19.6,1.4,50.9,0.0
13981573,Torino,Nikola Vlašić,goal,assisted,1572,9.5,43.4,0,0,53.2,18.4,,,
13981573,Torino,Kristjan Asllani,miss,assisted,1350,30.5,55.4,0,0,50.4,70.8,,,
13981573,Torino,Ardian Ismajli,miss,assisted,1339,4.5,60.6,0,0,91.1,11.1,4.2,56.0,0.0
13981573,Torino,Che Adams,save,assisted,1138,12.3,32.9,0,0,48.2,2.5,1.2,47.3,0.0
13981573,Cremonese,Federico Ceccherini,save,corner,806,8.8,47.7,0,0,52.6,23.4,1.5,48.9,0.0
13981573,Cremonese,Federico Bonazzoli,block,assisted,722,11.3,46.2,0,0,50.9,19.0,5.5,47.1,0.0
13981561,Pisa,Simone Canestrelli,block,assisted,5658,14.5,48.5,0,0,52.5,19.0,12.7,48.4,0.0
13981561,Lecce,Nikola Štulić,miss,assisted,5592,9.8,37.6,0,0,63.7,34.7,,,
13981561,Pisa,Isak Vural,miss,set-piece,5184,8.8,57.9,0,0,45.7,76.4,,,
13981561,Pisa,Lorran,block,assisted,4607,10.8,46.1,0,0,51.1,19.0,9.7,46.4,0.0
13981561,Lecce,Nikola Štulić,goal,assisted,4289,4.9,46.8,0,0,46.5,16.5,,,
13981561,Lecce,Ylber Ramadani,miss,corner,4249,13.2,80.1,0,0,40.0,87.5,,,
13981561,Lecce,Nikola Štulić,miss,corner,4168,7.1,50.7,0,0,50.9,65.3,,,
13981561,Lecce,Lameck Banda,block,corner,4134,14.8,30.3,0,0,52.0,19.0,13.6,31.8,0.0
13981561,Lecce,Corrie Ndaba,miss,corner,4128,7.1,57.3,0,0,98.5,1.4,11.8,19.1,0.0
13981561,Lecce,Lassana Coulibaly,miss,set-piece,3922,3.2,43.0,0,0,58.3,51.4,,,
13981561,Lecce,Francesco Camarda,miss,set-piece,3920,11.3,58.6,0,0,68.2,19.4,7.9,48.9,0.0
13981561,Lecce,Riccardo Sottil,miss,assisted,3484,13.6,29.3,0,0,39.3,22.2,,,
13981561,Lecce,Mohamed Kaba,miss,corner,2785,21.7,42.1,0,0,1.7,8.3,9.8,87.7,0.0
13981561,Lecce,Tiago Gabriel,miss,corner,2631,6.9,47.9,0,0,61.7,25.0,,,
13981561,Lecce,Santiago Pierotti,block,fast-break,2272,14.1,68.9,0,0,48.2,19.0,11.8,66.1,0.0
13981561,Lecce,Tiago Gabriel,miss,corner,1837,4.2,51.5,0,0,41.5,11.1,,,
13981561,Lecce,Francesco Camarda,block,corner,1642,4.1,45.3,0,0,50.7,19.0,1.5,47.8,0.0
13981561,Lecce,Kialonda Gaspar,save,corner,1641,4.9,35.0,0,0,49.8,22.2,0.59999999999999,47.8,0.0
13981561,Lecce,Corrie Ndaba,block,assisted,1606,29.7,39.0,0,0,52.3,19.0,26.0,40.1,0.0
13981561,Lecce,Santiago Pierotti,save,assisted,1181,11.3,53.6,0,0,49.2,3.8,0.90000000000001,49.3,0.0
13981561,Lecce,Lassana Coulibaly,miss,assisted,1119,14.0,30.3,0,0,45.0,75.0,,,
13981561,Lecce,Francesco Camarda,block,assisted,1114,20.6,66.2,0,0,52.4,19.0,17.9,63.7,0.0
13981561,Lecce,Riccardo Sottil,block,assisted,1063,20.3,24.4,0,0,47.4,19.0,13.1,34.5,0.0
13981561,Pisa,Stefano Moreo,miss,corner,1021,7.3,55.5,0,0,45.5,72.2,,,
13981561,Pisa,Stefano Moreo,block,regular,988,8.2,72.0,0,0,53.0,19.0,8.0,70.4,0.0
13981561,Lecce,Riccardo Sottil,block,corner,336,18.6,76.6,0,0,47.7,19.0,7.0,61.4,0.0
13981569,Cagliari,Matteo Prati,miss,corner,5383,3.8,35.9,0,0,58.8,77.8,,,
13981569,Atalanta,Nicola Zalewski,save,assisted,5089,23.2,37.8,0,0,46.4,19.0,1.6,49.8,0.0
13981569,Atalanta,Nicola Zalewski,save,fast-break,5074,7.4,33.6,0,0,52.0,5.1,0.90000000000001,45.8,0.0
13981569,Atalanta,Gianluca Scamacca,goal,regular,4830,7.1,54.1,0,0,49.6,4.4,,,
13981569,Cagliari,Gianluca Gaetano,goal,assisted,4468,8.6,37.5,0,0,46.4,12.0,,,
13981569,Atalanta,Yunus Musah,miss,assisted,4029,22.3,49.1,0,0,63.5,69.4,,,
13981569,Atalanta,Charles De Ketelaere,save,throw-in-set-piece,3332,13.4,69.3,0,0,47.7,24.1,5.9,58.3,0.0
13981569,Atalanta,Charles De Ketelaere,block,regular,3120,18.3,69.4,0,0,52.8,19.0,17.3,68.2,0.0
13981569,Cagliari,Gennaro Borrelli,miss,assisted,2821,8.9,50.2,0,0,42.9,16.7,,,
13981569,Atalanta,Charles De Ketelaere,block,regular,2423,4.7,48.3,0,0,50.9,19.0,3.2,48.6,0.0
13981569,Atalanta,Ademola Lookman,save,assisted,2419,8.8,29.5,0,0,48.5,3.8,1.5,44.9,0.0
13981569,Atalanta,Odilon Kossounou,miss,assisted,2352,22.3,64.0,0,0,62.5,83.3,,,
13981569,Atalanta,Gianluca Scamacca,save,assisted,2327,12.6,57.7,0,0,49.4,12.0,6.7,54.0,0.0
13981569,Cagliari,Gennaro Borrelli,miss,assisted,2294,26.2,41.9,0,0,31.8,87.5,,,
13981569,Cagliari,Adam Obert,block,regular,2019,4.8,39.3,0,0,50.0,19.0,4.0,41.2,0.0
13981569,Atalanta,Charles De Ketelaere,block,assisted,1919,19.3,68.6,0,0,50.1,19.0,18.0,67.3,0.0
13981569,Atalanta,Berat Djimsiti,miss,corner,1608,6.6,50.7,0,0,53.9,69.4,,,
13981569,Atalanta,Ademola Lookman,block,assisted,1568,13.4,47.1,0,0,51.6,16.7,10.6,47.8,0.0
13981569,Cagliari,Marco Palestra,miss,set-piece,1175,14.4,45.8,0,0,33.1,18.1,8.6,53.2,0.0
13981569,Cagliari,Alessandro Deiola,block,set-piece,1161,27.7,49.7,0,0,50.4,19.0,13.2,49.6,0.0
13981569,Cagliari,Marco Palestra,miss,set-piece,1023,18.9,47.2,0,0,58.0,45.8,,,
13981569,Atalanta,Gianluca Scamacca,goal,assisted,611,4.5,50.4,0,0,53.2,10.8,,,
13981569,Atalanta,Davide Zappacosta,miss,assisted,608,11.5,64.7,0,0,62.0,5.6,4.2,49.3,0.0
13981569,Atalanta,Ademola Lookman,miss,regular,409,2.7,40.5,0,0,57.8,26.4,,,
13981569,Atalanta,Ademola Lookman,save,assisted,408,9.6,37.6,0,0,47.1,4.4,6.3,41.0,0.0
13981566,Parma,Milan Đurić,miss,assisted,5701,11.0,56.4,0,0,61.8,12.5,,,
13981566,Parma,Nahuel Estévez,miss,throw-in-set-piece,5549,19.5,50.7,0,0,32.1,6.9,,,
13981566,Parma,Adrián Bernabé,block,assisted,5424,28.6,65.2,0,0,49.9,19.0,15.5,58.3,0.0
13981566,Parma,Mateo Pellegrino,miss,corner,5091,15.4,49.5,0,0,36.6,54.2,,,
13981566,Parma,Nahuel Estévez,save,corner,5034,21.6,63.9,0,0,48.7,31.0,2.4,49.8,0.0
13981566,Parma,Lautaro Valenti,block,assisted,5031,12.6,39.9,0,0,53.2,19.0,11.0,40.8,0.0
13981566,Parma,Mariano Troilo,block,assisted,4993,27.9,49.1,0,0,48.3,19.0,24.1,49.5,0.0
13981566,Lazio,Tijjani Noslin,goal,assisted,4882,12.6,48.1,0,0,47.9,5.1,,,
13981566,Parma,Lautaro Valenti,block,corner,4480,25.1,27.9,0,0,50.7,19.0,19.3,32.8,0.0
13981566,Parma,Adrián Bernabé,miss,assisted,3879,14.0,51.0,0,0,59.5,98.6,,,
13981566,Parma,Emanuele Valeri,save,free-kick,3814,31.8,44.1,0,0,46.1,1.9,1.4,49.6,0.0
13981566,Parma,Adrián Bernabé,miss,assisted,3584,6.6,50.7,0,0,41.7,18.1,5.3,52.5,0.0
13981566,Parma,Mariano Troilo,block,corner,3399,13.5,55.2,0,0,52.7,19.0,12.0,54.3,0.0
13981566,Lazio,Valentín Castellanos,block,assisted,3224,24.6,59.9,0,0,51.0,19.0,20.6,58.1,0.0
13981566,Lazio,Matteo Cancellieri,save,assisted,3133,22.9,54.7,0,0,49.4,2.5,2.9,50.9,0.0
13981566,Parma,Mateo Pellegrino,save,assisted,2804,10.8,35.4,0,0,51.6,8.2,1.6,45.7,0.0
13981566,Parma,Gaetano Oristanio,save,assisted,2752,15.8,41.4,0,0,51.0,2.5,1.6,48.4,0.0
13981566,Lazio,Matteo Cancellieri,miss,assisted,2404,10.7,53.3,0,0,56.1,90.3,,,
13981566,Lazio,Valentín Castellanos,miss,assisted,2403,9.8,42.1,0,0,6.7,4.2,10.3,51.4,0.0
13981566,Parma,Mateo Pellegrino,miss,assisted,2328,13.1,32.5,0,0,58.3,69.4,,,
13981566,Lazio,Danilo Cataldi,block,regular,2284,24.0,34.8,0,0,52.0,19.0,21.8,35.9,0.0
13981566,Lazio,Toma Bašić,save,assisted,2273,13.2,39.5,0,0,48.7,12.7,1.4,47.3,0.0
13981566,Lazio,Matteo Cancellieri,miss,corner,2048,9.5,40.9,0,0,36.6,2.8,5.3,51.8,0.0
13981566,Lazio,Valentín Castellanos,block,assisted,2014,9.9,61.1,0,0,47.3,19.0,8.5,59.9,0.0
13981566,Parma,Gaetano Oristanio,miss,assisted,1763,7.3,44.5,0,0,58.3,33.3,,,
13981566,Lazio,Toma Bašić,miss,free-kick,1715,24.7,67.3,0,0,44.4,58.3,,,
13981566,Lazio,Alessio Romagnoli,miss,set-piece,1550,10.4,54.4,0,0,41.0,68.1,,,
13981566,Lazio,Mattia Zaccagni,block,assisted,1467,26.3,25.1,0,0,48.4,19.0,7.5,44.0,0.0
13981566,Lazio,Valentín Castellanos,miss,assisted,1225,29.7,41.7,0,0,61.3,16.7,,,
13981566,Parma,Adrian Benedyczak,miss,assisted,1102,13.1,45.1,0,0,55.5,73.6,,,
13981566,Lazio,Adam Marušić,save,set-piece,955,3.9,58.0,0,0,52.7,19.0,0.7,49.3,0.0
13981566,Parma,Mateo Pellegrino,miss,regular,802,11.7,54.0,0,0,46.7,81.9,,,
13981566,Parma,Adrián Bernabé,save,assisted,781,16.2,63.1,0,0,51.2,15.2,1.5,53.1,0.0
13981566,Lazio,Matteo Cancellieri,save,regular,186,4.6,67.0,0,0,52.3,12.7,0.7,54.3,0.0
13981568,Udinese,Thomas Kristensen,save,set-piece,5086,9.9,32.5,0,0,52.3,17.7,1.9,45.7,0.0
13981568,Fiorentina,Roberto Piccoli,miss,corner,4528,1.5,58.3,0,0,43.2,18.1,,,
13981568,Fiorentina,Albert Guðmundsson,save,assisted,4493,11.3,53.8,0,0,53.4,19.0,1.1,47.3,0.0
13981568,Fiorentina,Moise Kean,goal,assisted,4075,14.1,59.7,0,0,45.9,2.5,,,
13981568,Udinese,Oumar Solet,goal,assisted,3929,21.6,29.3,0,0,46.4,22.2,,,
13981568,Fiorentina,Moise Kean,miss,assisted,3739,18.4,55.6,0,0,41.5,15.3,,,
13981568,Fiorentina,Moise Kean,goal,regular,3310,4.2,51.2,0,0,52.9,3.8,,,
13981568,Fiorentina,Fabiano Parisi,post,regular,3309,9.9,33.6,0,0,44.6,3.8,,,
13981568,Udinese,Oumar Solet,miss,corner,3206,6.0,41.5,0,0,53.3,69.4,,,
13981568,Udinese,Oumar Solet,miss,corner,2934,8.2,53.2,0,0,39.2,22.2,,,
13981568,Udinese,Hassane Kamara,save,fast-break,2891,4.9,33.3,0,0,53.3,13.3,1.5,44.9,0.0
13981568,Udinese,Oumar Solet,miss,corner,2829,8.3,55.8,0,0,38.3,20.8,,,
13981568,Udinese,Nicolò Bertola,miss,assisted,3059,23.5,47.2,0,0,54.1,88.9,,,
13981568,Fiorentina,Cher Ndour,goal,assisted,2972,7.6,53.2,0,0,52.1,8.9,,,
13981568,Fiorentina,Nicolò Fagioli,miss,assisted,2780,17.0,55.6,0,0,46.4,55.6,,,
13981568,Fiorentina,Moise Kean,block,regular,2721,14.7,64.8,0,0,50.7,19.0,11.6,61.6,0.0
13981568,Fiorentina,Cher Ndour,block,assisted,2649,14.4,34.0,0,0,52.0,19.0,11.5,36.8,0.0
13981568,Fiorentina,Albert Guðmundsson,goal,assisted,2504,17.8,50.6,0,0,45.5,27.2,,,
13981568,Udinese,Nicolò Zaniolo,miss,assisted,2248,8.5,68.7,0,0,67.4,1.4,,,
13981568,Udinese,Keinan Davis,block,fast-break,1891,8.5,64.4,0,0,47.3,19.0,7.1,62.5,0.0
13981568,Fiorentina,Moise Kean,miss,fast-break,1798,15.4,35.0,0,0,57.3,93.1,,,
13981568,Fiorentina,Rolando Mandragora,miss,assisted,1662,18.3,52.2,0,0,55.6,70.8,,,
13981568,Udinese,Nicolò Zaniolo,block,assisted,1362,24.8,42.5,0,0,51.8,19.0,21.2,43.3,0.0
13981568,Fiorentina,Rolando Mandragora,goal,free-kick,1242,18.4,49.4,0,0,51.0,2.5,,,
13981568,Fiorentina,Albert Guðmundsson,post,assisted,1159,24.8,48.7,0,0,44.5,8.9,,,
13981568,Fiorentina,Moise Kean,miss,assisted,874,2.4,41.1,0,0,57.5,12.5,,,
13981568,Fiorentina,Cher Ndour,block,assisted,840,20.3,41.5,0,0,50.0,19.0,18.1,42.4,0.0
13981568,Fiorentina,Rolando Mandragora,miss,throw-in-set-piece,726,16.7,48.5,0,0,64.7,83.3,,,
13981568,Fiorentina,Rolando Mandragora,post,free-kick,660,18.2,69.7,0,0,44.5,38.6,,,
13981568,Fiorentina,Moise Kean,save,assisted,412,22.6,72.0,0,0,49.0,19.0,20.2,69.7,0.0
13981568,Udinese,Christian Kabasele,save,throw-in-set-piece,347,13.1,27.4,0,0,48.1,28.5,1.5,46.6,0.0
13981572,Lazio,Danilo Cataldi,miss,free-kick,5771,18.4,45.6,0,0,46.7,50.0,,,
13981572,Cremonese,Jari Vandeputte,block,free-kick,5567,24.3,28.6,0,0,51.2,19.0,15.9,35.6,0.0
13981572,Cremonese,Federico Ceccherini,miss,regular,5208,27.1,45.6,0,0,34.1,93.1,,,
13981572,Cremonese,Antonio Sanabria,save,assisted,5008,18.8,52.6,0,0,50.3,7.0,1.9,50.4,0.0
13981572,Lazio,Adam Marušić,save,assisted,4713,21.2,75.2,0,0,49.4,3.2,2.0,52.3,0.0
13981572,Cremonese,Federico Bonazzoli,save,fast-break,4449,19.2,75.0,0,0,47.9,4.4,1.5,52.0,0.0
13981572,Cremonese,Dennis Johnsen,block,fast-break,4443,26.2,46.2,0,0,47.2,19.0,18.2,48.2,0.0
13981572,Lazio,Danilo Cataldi,miss,regular,4179,12.6,35.4,0,0,35.1,5.6,6.6,46.4,0.0
13981572,Lazio,Tijjani Noslin,miss,assisted,4176,10.1,53.0,0,0,73.4,19.4,9.7,51.1,0.0
13981572,Lazio,Tijjani Noslin,miss,assisted,3939,9.6,71.4,0,0,71.4,6.9,,,
13981572,Cremonese,Warren Bondo,block,assisted,3549,22.0,63.8,0,0,52.6,19.0,20.2,62.5,0.0
13981572,Cremonese,Jamie Vardy,miss,assisted,3072,4.8,45.6,0,0,52.6,66.7,,,
13981572,Lazio,Valentín Castellanos,save,corner,2991,11.1,47.4,0,0,51.1,16.5,1.1,48.7,0.0
13981572,Lazio,Pedro,block,set-piece,1880,22.3,29.7,0,0,46.4,6.9,19.2,33.2,0.0
13981572,Lazio,Mattéo Guendouzi,miss,set-piece,1816,25.7,66.2,0,0,37.8,63.9,,,
13981572,Cremonese,Federico Bonazzoli,miss,regular,331,24.1,32.3,0,0,55.1,80.6,,,
13981572,Cremonese,Federico Bonazzoli,miss,regular,278,42.0,37.2,0,0,50.1,76.4,,,
13981580,Torino,Cesare Casadei,save,fast-break,5584,23.7,45.8,0,0,47.3,6.3,3.1,50.0,0.0
13981580,Torino,Cyril Ngonge,save,fast-break,5580,11.9,38.5,0,0,47.4,22.8,8.5,41.3,0.0
13981580,Torino,Guillermo Maripán,save,corner,4954,21.2,32.9,0,0,50.6,34.8,1.8,48.4,0.0
13981580,Sassuolo,Ismael Koné,block,assisted,4836,7.9,61.7,0,0,50.1,19.0,7.0,60.3,0.0
13981580,Torino,Nikola Vlašić,miss,corner,4578,8.6,61.2,0,0,41.5,27.8,,,
13981580,Torino,Giovanni Simeone,save,fast-break,4518,11.1,67.9,0,0,48.6,25.3,4.1,57.6,0.0
13981580,Sassuolo,Luca Lipani,miss,assisted,4399,7.7,51.5,0,0,51.1,54.2,,,
13981580,Torino,Nikola Vlašić,goal,penalty,3951,11.5,50.0,0,0,52.2,3.8,,,
13981580,Sassuolo,Walid Cheddira,miss,assisted,3713,17.6,54.6,0,0,45.2,80.6,,,
13981580,Torino,Kristjan Asllani,miss,assisted,3620,25.9,66.7,0,0,58.3,6.9,,,
13981580,Sassuolo,Sebastian Walukiewicz,miss,regular,3300,14.4,71.4,0,0,51.4,52.8,,,
13981580,Sassuolo,Cristian Volpato,save,assisted,2968,16.0,68.3,0,0,50.6,1.9,1.5,52.0,0.0
13981580,Sassuolo,Cristian Volpato,miss,assisted,2745,23.4,64.0,0,0,57.1,13.9,,,
13981580,Torino,Duván Zapata,miss,assisted,1769,10.7,37.4,0,0,42.9,58.3,,,
13981580,Sassuolo,Josh Doig,miss,assisted,1625,10.7,36.2,0,0,54.5,76.4,,,
13981580,Torino,Che Adams,block,assisted,631,13.1,55.7,0,0,48.5,19.0,11.1,55.1,0.0
13981580,Torino,Gvidas Gineitis,miss,regular,217,56.0,21.3,0,0,69.1,20.8,,,
13981581,Pisa,Henrik Wendel Meister,miss,assisted,5704,3.2,69.0,0,0,42.9,8.3,,,
13981581,Pisa,Mehdi Léris,block,assisted,5514,9.8,44.8,0,0,52.9,19.0,8.4,45.1,0.0
13981581,Pisa,Stefano Moreo,goal,fast-break,5325,9.5,57.1,0,0,52.8,3.2,,,
13981581,Cagliari,Sebastiano Esposito,block,set-piece,5249,18.6,51.4,0,0,53.5,19.0,9.2,48.9,0.0
13981581,Cagliari,Alessandro Deiola,block,free-kick,5246,19.9,63.3,0,0,52.2,19.0,12.5,57.6,0.0
13981581,Pisa,Lorran,miss,regular,5044,12.3,69.5,0,0,58.0,1.4,,,
13981581,Pisa,Mehdi Léris,block,assisted,5040,15.4,69.7,0,0,48.3,19.0,9.8,63.2,0.0
13981581,Cagliari,Gianluca Gaetano,miss,corner,4418,19.7,67.4,0,0,72.3,4.2,14.4,50.2,0.0
13981581,Cagliari,Luca Mazzitelli,save,fast-break,4351,25.4,68.8,0,0,54.4,10.8,2.2,50.4,0.0
13981581,Cagliari,Semih Kılıçsoy,goal,assisted,4206,15.7,51.4,0,0,45.7,22.8,,,
13981581,Cagliari,Gianluca Gaetano,block,set-piece,4074,18.7,47.4,0,0,50.4,19.0,13.6,48.0,0.0
13981581,Pisa,Malthe Højholt,miss,throw-in-set-piece,3917,13.9,55.5,0,0,36.3,33.3,,,
13981581,Cagliari,Michael Folorunsho,goal,assisted,3515,4.4,45.8,0,0,51.4,10.1,,,
13981581,Cagliari,Sebastiano Esposito,miss,fast-break,2920,21.6,31.2,0,0,50.8,69.4,,,
13981581,Pisa,Michel Aebischer,block,set-piece,2909,23.5,68.7,0,0,52.0,19.0,15.8,61.9,0.0
13981581,Pisa,Matteo Tramoni,goal,penalty,2660,11.5,50.0,0,0,50.4,15.2,,,
13981581,Cagliari,Semih Kılıçsoy,miss,assisted,2463,15.8,53.0,0,0,43.5,4.2,,,
13981581,Pisa,Matteo Tramoni,block,throw-in-set-piece,2128,15.7,49.9,0,0,51.0,19.0,7.7,49.5,0.0
13981581,Cagliari,Semih Kılıçsoy,save,fast-break,2046,19.7,28.6,0,0,50.8,13.9,1.9,48.2,0.0
13981581,Cagliari,Michel Adopo,save,assisted,2009,26.6,61.1,0,0,49.6,12.7,2.8,50.9,0.0
13981581,Pisa,Gabriele Piccinini,miss,fast-break,1964,8.2,67.1,0,0,48.4,61.1,,,
13981581,Pisa,Giovanni Bonfanti,miss,corner,1565,5.1,44.0,0,0,31.6,6.9,,,
13981581,Pisa,Simone Canestrelli,block,corner,1563,13.0,47.6,0,0,50.0,19.0,11.8,47.8,0.0
13981581,Pisa,Simone Canestrelli,miss,corner,1315,6.3,49.3,0,0,41.8,9.7,,,
13981581,Pisa,Matteo Tramoni,save,fast-break,995,13.1,42.2,0,0,48.1,6.3,6.6,46.6,0.0
13981581,Pisa,Antonio Caracciolo,miss,corner,906,6.8,49.6,0,0,59.8,18.1,,,
13981581,Cagliari,Gianluca Gaetano,miss,assisted,638,7.0,33.8,0,0,42.0,15.3,,,
13981581,Cagliari,Marco Palestra,block,assisted,387,9.3,62.4,0,0,47.2,19.0,7.6,60.7,0.0
13981581,Cagliari,Michael Folorunsho,block,assisted,326,27.7,31.7,0,0,50.1,19.0,20.5,36.5,0.0
14844287,Lecce,Youssef Maleh,miss,set-piece,5120,28.5,51.5,0,0,56.8,69.4,,,
14844287,Inter,Francesco Pio Esposito,miss,assisted,4762,18.4,47.0,0,0,43.7,5.6,,,
14844287,Inter,Francesco Pio Esposito,goal,regular,4652,7.7,46.8,0,0,51.9,25.3,,,
14844287,Inter,Lautaro Martínez,save,assisted,4650,10.8,36.9,0,0,52.0,12.7,1.8,47.3,0.0
14844287,Inter,Francesco Pio Esposito,save,assisted,4597,9.6,56.8,0,0,51.8,10.8,0.59999999999999,52.3,0.0
14844287,Inter,Francesco Pio Esposito,miss,assisted,4587,12.0,52.2,0,0,22.4,5.6,8.1,61.4,0.0
14844287,Lecce,Jamil Siebert,block,assisted,4375,13.6,37.4,0,0,52.2,19.0,10.3,39.9,0.0
14844287,Lecce,Jamil Siebert,save,assisted,4370,12.7,51.6,0,0,51.5,19.6,1.9,51.1,0.0
14844287,Lecce,Santiago Pierotti,block,assisted,4352,16.2,73.9,0,0,46.4,19.0,12.4,69.1,0.0
14844287,Inter,Francesco Pio Esposito,block,corner,4227,4.6,47.1,0,0,49.9,19.0,2.9,48.2,0.0
14844287,Inter,Henrikh Mkhitaryan,miss,set-piece,3658,24.8,63.9,0,0,27.1,36.1,18.8,66.1,0.0
14844287,Inter,Henrikh Mkhitaryan,block,free-kick,3654,26.5,60.3,0,0,45.3,19.0,18.0,58.5,0.0
14844287,Inter,Marcus Thuram,block,regular,3541,19.8,29.5,0,0,46.4,19.0,10.1,41.3,0.0
14844287,Inter,Henrikh Mkhitaryan,block,assisted,3418,22.0,41.1,0,0,49.7,19.0,18.0,42.8,0.0
14844287,Inter,Andy Diouf,save,assisted,3120,14.4,68.3,0,0,51.0,3.2,1.4,52.0,0.0
14844287,Inter,Andy Diouf,miss,assisted,3038,12.8,63.0,0,0,40.5,31.9,,,
14844287,Inter,Nicolò Barella,save,assisted,3020,6.4,50.5,0,0,50.0,27.8,1.0,50.5,0.0
14844287,Lecce,Santiago Pierotti,block,assisted,2952,28.1,57.5,0,0,51.6,19.0,16.7,53.8,0.0
14844287,Lecce,Riccardo Sottil,block,fast-break,2748,20.7,35.0,0,0,53.6,19.0,18.4,36.3,0.0
14844287,Lecce,Riccardo Sottil,miss,fast-break,2863,22.0,32.3,0,0,57.0,19.4,,,
14844287,Inter,Marcus Thuram,save,corner,2855,11.6,51.9,0,0,52.2,19.6,1.0,50.5,0.0
14844287,Inter,Henrikh Mkhitaryan,miss,throw-in-set-piece,2455,25.7,45.6,0,0,50.1,98.6,,,
14844287,Inter,Henrikh Mkhitaryan,miss,corner,2104,15.6,28.6,0,0,35.0,4.2,,,
14844287,Inter,Henrikh Mkhitaryan,block,assisted,2048,21.9,32.1,0,0,49.1,19.0,18.5,35.0,0.0
14844287,Inter,Marcus Thuram,miss,assisted,1895,8.3,51.6,0,0,53.4,62.5,,,
14844287,Lecce,Riccardo Sottil,block,assisted,1108,7.3,27.8,0,0,52.4,19.0,6.4,30.1,0.0
14844287,Inter,Piotr Zieliński,miss,assisted,854,24.6,47.0,0,0,50.1,75.0,,,
14844287,Lecce,Nikola Štulić,block,regular,533,13.0,35.4,0,0,49.2,19.0,11.5,37.2,0.0
14844287,Lecce,Youssef Maleh,block,assisted,528,15.0,54.6,0,0,49.4,19.0,12.7,54.0,0.0
14844287,Inter,Ange-Yoan Bonny,save,assisted,329,15.4,44.0,0,0,46.7,2.5,1.4,48.9,0.0
14844287,Inter,Marcus Thuram,miss,assisted,233,9.6,53.1,0,0,83.5,5.6,,,
14844295,Napoli,Lorenzo Lucca,miss,regular,5664,9.2,31.9,0,0,60.2,25.0,,,
14844295,Napoli,Eljif Elmas,block,assisted,5663,13.6,42.5,0,0,51.8,19.0,12.3,43.3,0.0
14844295,Napoli,Amir Rrahmani,block,assisted,5649,28.1,49.5,0,0,50.7,19.0,20.6,49.5,0.0
14844295,Napoli,Stanislav Lobotka,save,assisted,5031,15.7,55.8,0,0,51.7,24.7,1.9,51.8,0.0
14844295,Napoli,Amir Rrahmani,block,assisted,4412,9.2,67.4,0,0,54.3,19.0,8.3,65.2,0.0
14844295,Napoli,Scott McTominay,save,assisted,4215,18.1,47.2,0,0,49.7,21.5,2.3,49.1,0.0
14844295,Napoli,Scott McTominay,block,assisted,4103,20.6,33.2,0,0,51.4,19.0,18.9,34.5,0.0
14844295,Napoli,Giovanni Di Lorenzo,miss,corner,3880,4.2,60.9,0,0,50.4,79.2,,,
14844295,Napoli,Noa Lang,block,corner,3247,12.3,37.9,0,0,51.5,19.0,8.5,41.2,0.0
14844295,Napoli,Scott McTominay,block,assisted,2769,7.4,57.3,0,0,53.0,19.0,6.4,56.0,0.0
14844295,Napoli,Matteo Politano,miss,assisted,2827,11.2,36.8,0,0,41.5,9.7,7.3,47.3,0.0
14844295,Napoli,Rasmus Højlund,miss,assisted,2676,9.8,54.2,0,0,35.3,9.7,,,
14844295,Parma,Patrick Cutrone,block,fast-break,2458,14.7,57.3,0,0,49.7,19.0,11.9,56.0,0.0
14844295,Parma,Lautaro Valenti,block,assisted,2347,21.5,30.1,0,0,52.1,19.0,17.1,33.7,0.0
14844295,Napoli,Giovanni Di Lorenzo,miss,assisted,2036,12.9,66.7,0,0,56.1,79.2,,,
14844295,Napoli,Rasmus Højlund,save,assisted,1963,13.4,40.7,0,0,52.8,8.9,1.9,49.1,0.0
14844295,Parma,Jacob Ondrejka,save,assisted,1921,24.3,45.8,0,0,52.1,18.4,2.2,50.2,0.0
14844295,Napoli,Alessandro Buongiorno,save,corner,1559,5.1,49.3,0,0,50.0,26.6,1.1,49.6,0.0
14844295,Napoli,Scott McTominay,block,assisted,323,11.0,62.6,0,0,48.7,19.0,9.8,61.4,0.0
14844295,Parma,Jacob Ondrejka,block,assisted,52,18.8,50.7,0,0,51.3,19.0,15.7,50.4,0.0
14844293,Bologna,Nikola Moro,block,set-piece,4944,22.6,57.3,0,0,46.9,19.4,15.4,54.7,0.0
14844293,Hellas Verona,Roberto Gagliardini,block,corner,4613,3.5,35.2,0,0,51.4,19.0,2.4,39.3,0.0
14844293,Hellas Verona,Roberto Gagliardini,save,corner,4612,8.0,42.7,0,0,52.3,9.7,2.9,45.5,0.0
14844293,Hellas Verona,Amin Sarr,save,corner,4611,6.9,51.1,0,0,49.4,4.4,2.3,50.4,0.0
14844293,Hellas Verona,Victor Nelsson,miss,corner,4610,10.1,47.2,0,0,27.9,9.7,8.3,50.4,0.0
14844293,Bologna,Emil Holm,miss,assisted,4433,26.3,51.7,0,0,57.6,80.6,,,
14844293,Hellas Verona,Remo Freuler,goal,fast-break,4251,3.9,57.0,0,0,50.9,17.7,,,
14844293,Bologna,Torbjørn Heggem,save,corner,4237,7.7,54.0,0,0,48.8,15.2,1.4,52.2,0.0
14844293,Hellas Verona,Giovane,save,regular,3990,13.2,53.4,0,0,51.6,19.6,1.9,50.5,0.0
14844293,Hellas Verona,Giovane,block,assisted,3989,15.7,50.9,0,0,52.1,19.0,13.8,50.5,0.0
14844293,Hellas Verona,Amin Sarr,miss,assisted,3809,10.1,37.4,0,0,55.6,59.7,,,
14844293,Bologna,Tommaso Pobega,miss,assisted,3778,19.3,39.9,0,0,65.0,11.1,,,
14844293,Bologna,Tommaso Pobega,miss,fast-break,3647,21.5,50.7,0,0,39.3,62.5,,,
14844293,Bologna,Benjamín Domínguez,miss,corner,3606,19.5,33.8,0,0,41.3,19.4,,,
14844293,Hellas Verona,Gift Orban,save,assisted,2676,9.1,75.8,0,0,52.9,13.9,1.8,56.1,0.0
14844293,Bologna,Santiago Castro,goal,assisted,2580,14.5,49.7,0,0,53.3,15.8,,,
14844293,Bologna,Riccardo Orsolini,miss,fast-break,2407,19.5,57.5,0,0,53.4,76.4,,,
14844293,Hellas Verona,Gift Orban,block,throw-in-set-piece,2115,9.4,59.8,0,0,47.8,19.0,8.0,58.7,0.0
14844293,Hellas Verona,Amin Sarr,block,assisted,2025,20.3,30.7,0,0,49.1,19.0,17.6,33.4,0.0
14844293,Bologna,Emil Holm,miss,corner,1910,8.0,45.8,0,0,27.2,9.7,,,
14844293,Bologna,Jens Odgaard,goal,assisted,1686,18.4,48.5,0,0,53.8,5.7,,,
14844293,Hellas Verona,Domagoj Bradarić,block,assisted,1579,20.1,33.6,0,0,54.1,15.3,13.2,38.6,0.0
14844293,Hellas Verona,Gift Orban,miss,assisted,1455,8.2,48.3,0,0,56.8,59.7,,,
14844293,Bologna,Santiago Castro,save,throw-in-set-piece,1407,12.8,60.7,0,0,48.4,3.8,1.1,52.3,0.0
14844293,Bologna,Riccardo Orsolini,goal,set-piece,1254,13.6,73.9,0,0,53.7,29.7,,,
14844293,Hellas Verona,Gift Orban,goal,fast-break,770,21.2,64.0,0,0,46.3,11.4,,,
14844293,Bologna,Jens Odgaard,block,set-piece,759,22.2,40.7,0,0,54.3,6.9,11.2,43.3,0.0
14844293,Hellas Verona,Antoine Bernede,miss,assisted,599,22.2,48.1,0,0,58.7,54.2,,,
14844293,Bologna,Santiago Castro,miss,assisted,419,12.5,48.7,0,0,42.9,75.0,,,
14844293,Hellas Verona,Gift Orban,block,regular,284,20.0,60.9,0,0,49.2,19.0,17.5,59.6,0.0
13981579,Atalanta,Isak Hien,goal,corner,5611,4.7,51.7,0,0,51.2,9.5,,,
13981579,Atalanta,Nikola Krstović,miss,assisted,5465,3.8,53.1,0,0,29.2,1.4,,,
13981579,Atalanta,Lazar Samardžić,block,regular,5381,14.9,53.7,0,0,45.7,19.0,8.1,54.0,0.0
13981579,Atalanta,Nicola Zalewski,save,assisted,5173,24.2,28.1,0,0,50.4,33.5,1.2,49.1,0.0
13981579,Genoa,Lorenzo Colombo,save,corner,4580,3.8,45.6,0,0,52.7,19.6,0.59999999999999,48.0,0.0
13981579,Atalanta,Charles De Ketelaere,miss,regular,4232,14.6,53.4,0,0,38.0,5.6,,,
13981579,Atalanta,Gianluca Scamacca,miss,assisted,3967,9.8,53.6,0,0,71.6,11.1,,,
13981579,Atalanta,Gianluca Scamacca,miss,assisted,3421,5.4,44.3,0,0,54.8,84.7,,,
13981579,Atalanta,Daniel Maldini,miss,regular,3091,15.0,43.5,0,0,54.6,90.3,,,
13981579,Atalanta,Éderson,save,corner,2935,4.3,48.4,0,0,50.3,22.8,0.099999999999994,50.0,0.0
13981579,Genoa,Vitinha,post,assisted,2752,8.8,42.0,0,0,55.6,4.4,,,
13981579,Atalanta,Éderson,block,regular,2826,22.9,42.7,0,0,48.8,19.0,11.2,46.4,0.0
13981579,Atalanta,Sead Kolašinac,miss,assisted,2080,5.3,41.3,0,0,20.0,13.9,3.1,54.5,0.0
13981579,Genoa,Vitinha,save,assisted,2014,12.0,28.0,0,0,50.5,1.9,1.4,48.0,0.0
13981579,Atalanta,Yunus Musah,miss,regular,1936,14.5,68.9,0,0,54.5,79.2,,,
13981579,Genoa,Caleb Ekuban,miss,corner,1661,10.0,48.1,0,0,58.2,30.6,,,
13981579,Atalanta,Éderson,block,regular,1128,16.3,42.3,0,0,52.5,19.0,14.2,43.0,0.0
13981579,Genoa,Johan Vásquez,save,corner,964,10.3,60.1,0,0,52.1,24.7,0.90000000000001,51.4,0.0
13981579,Atalanta,Éderson,miss,assisted,842,28.6,39.4,0,0,45.9,80.6,,,
13981579,Atalanta,Charles De Ketelaere,save,assisted,567,15.7,65.5,0,0,47.1,5.1,0.59999999999999,52.7,0.0
13981579,Atalanta,Gianluca Scamacca,miss,free-kick,300,28.0,52.3,0,0,45.2,69.4,,,
13981579,Genoa,Vitinha,miss,assisted,60,7.5,53.4,0,0,39.3,5.6,3.5,57.0,0.0
14844296,Como,Nico Paz,miss,assisted,5626,25.0,64.0,0,0,37.0,12.5,,,
14844296,Milan,Adrien Rabiot,goal,throw-in-set-piece,5230,21.5,65.6,0,0,47.1,3.8,,,
14844296,Como,Maxence Caqueret,save,free-kick,5084,27.4,27.0,0,0,51.3,35.4,2.8,49.3,0.0
14844296,Como,Nico Paz,save,assisted,4996,7.6,42.1,0,0,54.8,9.5,1.4,48.9,0.0
14844296,Milan,Ruben Loftus-Cheek,miss,corner,4856,6.9,51.1,0,0,54.5,62.5,,,
14844296,Como,Nico Paz,miss,assisted,4578,18.5,66.9,0,0,55.3,66.7,,,
14844296,Como,Máximo Perrone,miss,assisted,4410,23.1,65.2,0,0,54.5,72.2,,,
14844296,Como,Nico Paz,block,assisted,4365,25.7,41.3,0,0,51.0,19.0,22.8,42.2,0.0
14844296,Como,Jacobo Ramón,block,assisted,4329,9.5,52.1,0,0,50.8,19.0,4.5,50.6,0.0
14844296,Como,Jesús Rodriguez,block,assisted,4051,8.0,35.8,0,0,51.5,19.0,7.1,37.2,0.0
14844296,Milan,Youssouf Fofana,miss,regular,3825,40.0,61.5,0,0,75.3,9.7,,,
14844296,Como,Nico Paz,post,corner,3522,21.9,31.7,0,0,54.5,41.1,,,
14844296,Milan,Adrien Rabiot,goal,fast-break,3273,10.8,36.8,0,0,47.1,2.5,,,
14844296,Como,Nico Paz,save,assisted,3047,14.2,37.0,0,0,47.7,5.7,1.6,48.6,0.0
14844296,Milan,Christopher Nkunku,goal,penalty,2745,11.5,50.0,0,0,50.3,10.1,,,
14844296,Como,Anastasios Douvikas,save,assisted,2460,13.6,62.2,0,0,45.9,2.5,2.7,52.2,0.0
14844296,Como,Lucas Da Cunha,save,assisted,2387,6.0,50.0,0,0,50.3,19.6,1.2,49.8,0.0
14844296,Como,Nico Paz,save,assisted,1855,13.9,62.2,0,0,49.5,3.8,1.8,50.5,0.0
14844296,Como,Ignace Van der Brempt,miss,assisted,1723,19.8,65.8,0,0,40.7,77.8,,,
14844296,Como,Nico Paz,save,assisted,1390,17.9,49.7,0,0,53.2,20.9,1.6,49.6,0.0
14844296,Milan,Youssouf Fofana,save,assisted,1290,21.0,65.8,0,0,48.9,8.2,2.3,52.3,0.0
14844296,Milan,Youssouf Fofana,miss,assisted,1188,12.9,63.0,0,0,38.8,4.2,,,
14844296,Como,Lucas Da Cunha,miss,assisted,753,11.7,42.7,0,0,53.9,75.0,,,
14844296,Como,Marc-Oliver Kempf,goal,corner,549,3.2,54.2,0,0,49.1,22.8,,,
14844296,Como,Marc-Oliver Kempf,miss,set-piece,76,14.5,60.1,0,0,38.0,22.2,,,
13981575,Roma,Evan Ferguson,save,assisted,5623,22.8,43.4,0,0,53.6,3.2,4.0,50.4,0.0
13981575,Juventus,Khéphren Thuram,save,assisted,5068,20.4,39.3,0,0,51.8,21.5,4.5,48.7,0.0
13981575,Roma,Tommaso Baldanzi,miss,assisted,4842,17.1,58.5,0,0,42.4,62.5,,,
13981575,Juventus,Kenan Yıldız,post,fast-break,4759,13.0,38.3,0,0,44.7,12.0,,,
13981575,Roma,Tommaso Baldanzi,goal,regular,4497,4.2,55.9,0,0,47.1,24.1,,,
13981575,Roma,Evan Ferguson,save,assisted,4496,12.8,28.3,0,0,48.3,0.6,1.2,47.1,0.0
13981575,Juventus,Loïs Openda,goal,assisted,4172,3.8,47.9,0,0,51.6,3.8,,,
13981575,Juventus,Weston McKennie,save,assisted,4170,8.0,50.3,0,0,50.4,20.3,0.59999999999999,50.4,0.0
13981575,Roma,Gianluca Mancini,miss,corner,4007,4.9,52.3,0,0,45.4,80.6,,,
13981575,Roma,Leon Bailey,block,assisted,3260,21.9,39.9,0,0,51.6,19.0,20.1,40.6,0.0
13981575,Juventus,Andrea Cambiaso,save,throw-in-set-piece,3215,18.8,46.0,0,0,48.9,19.0,1.4,50.7,0.0
13981575,Juventus,Francisco Conceição,save,fast-break,3149,8.3,56.0,0,0,49.0,4.4,6.7,55.4,0.0
13981575,Juventus,Kenan Yıldız,miss,assisted,3094,8.9,28.6,0,0,39.2,4.2,,,
13981575,Juventus,Francisco Conceição,goal,assisted,2606,9.6,37.4,0,0,49.5,1.9,,,
13981575,Juventus,Loïs Openda,block,regular,2529,16.1,48.7,0,0,51.2,19.0,8.4,48.7,0.0
13981575,Juventus,Francisco Conceição,save,assisted,2527,10.5,45.0,0,0,50.6,8.2,3.1,48.0,0.0
13981575,Roma,Lorenzo Pellegrini,save,assisted,2342,25.0,38.7,0,0,49.9,4.4,2.0,48.6,0.0
13981575,Roma,Paulo Dybala,miss,assisted,2272,4.0,43.2,0,0,58.7,11.1,,,
13981575,Roma,Paulo Dybala,block,assisted,2242,14.4,61.0,0,0,48.3,19.0,11.6,59.2,0.0
13981575,Juventus,Khéphren Thuram,save,fast-break,1934,23.2,56.4,0,0,50.9,17.7,1.6,49.5,0.0
13981575,Roma,Lorenzo Pellegrini,miss,corner,1887,13.9,66.4,0,0,41.0,88.9,,,
13981575,Roma,Lorenzo Pellegrini,miss,corner,1883,13.9,56.4,0,0,38.7,6.9,8.8,59.7,0.0
13981575,Roma,Devyne Rensch,block,regular,1816,11.9,34.8,0,0,52.5,19.0,10.9,35.9,0.0
13981575,Juventus,Khéphren Thuram,miss,assisted,1347,8.0,44.8,0,0,52.6,83.3,,,
13981575,Roma,Manu Koné,block,fast-break,918,27.8,36.6,0,0,52.2,19.0,25.9,37.4,0.0
13981575,Roma,Paulo Dybala,save,assisted,654,14.1,45.4,0,0,51.6,12.0,1.5,49.6,0.0
13981575,Juventus,Manuel Locatelli,save,free-kick,427,27.9,39.5,0,0,46.2,16.5,1.6,48.9,0.0
13981584,Torino,Giovanni Simeone,miss,assisted,5424,19.1,50.3,0,0,61.5,4.2,,,
13981584,Torino,Duván Zapata,save,regular,5353,3.1,55.8,0,0,49.4,28.5,0.90000000000001,51.6,0.0
13981584,Torino,Guillermo Maripán,block,assisted,5351,10.4,47.3,0,0,50.5,19.0,7.9,47.8,0.0
13981584,Torino,Giovanni Simeone,save,assisted,5180,10.9,46.0,0,0,51.9,11.4,2.3,48.2,0.0
13981584,Torino,Niels Nkounkou,miss,assisted,5118,19.0,27.9,0,0,54.1,72.2,,,
13981584,Torino,Emirhan İlkhan,save,regular,4941,24.7,58.1,0,0,49.0,29.7,4.5,50.9,0.0
13981584,Torino,Cyril Ngonge,miss,throw-in-set-piece,4588,1.2,60.1,0,0,42.7,33.3,,,
13981584,Torino,Gvidas Gineitis,save,fast-break,4480,23.1,20.1,0,0,46.5,12.0,1.6,47.7,0.0
13981584,Torino,Nikola Vlašić,block,corner,4224,19.0,44.2,0,0,48.6,19.0,15.1,45.7,0.0
13981584,Torino,Ardian Ismajli,save,corner,4174,8.7,55.1,0,0,45.6,10.8,1.8,51.4,0.0
13981584,Cagliari,Semih Kılıçsoy,goal,fast-break,3920,17.4,55.8,0,0,53.9,2.5,,,
13981584,Torino,Kristjan Asllani,block,regular,3633,26.5,38.0,0,0,50.2,19.0,22.7,39.7,0.0
13981584,Torino,Marcus Pedersen,block,assisted,3540,18.2,70.3,0,0,52.0,19.0,7.1,56.7,0.0
13981584,Cagliari,Semih Kılıçsoy,miss,assisted,3488,14.2,53.2,0,0,69.9,51.4,,,
13981584,Torino,Che Adams,save,assisted,3211,13.3,32.2,0,0,48.4,24.7,2.8,45.3,0.0
13981584,Torino,Giovanni Simeone,save,assisted,3173,19.2,51.3,0,0,47.3,3.8,4.7,49.3,0.0
13981584,Torino,Nikola Vlašić,save,corner,2812,8.2,56.1,0,0,47.8,5.1,1.5,51.6,0.0
13981584,Cagliari,Sebastiano Luperto,miss,regular,2811,21.6,67.7,0,0,70.8,8.3,5.0,48.7,0.0
13981584,Cagliari,Matteo Prati,goal,corner,2685,4.5,47.4,0,0,53.3,3.2,,,
13981584,Cagliari,Luca Mazzitelli,miss,corner,2684,8.9,59.8,0,0,59.2,2.8,5.1,49.5,0.0
13981584,Torino,Giovanni Simeone,miss,corner,2612,7.1,56.6,0,0,45.0,77.8,,,
13981584,Cagliari,Matteo Prati,block,assisted,1954,29.7,48.3,0,0,49.9,19.0,17.7,53.1,0.0
13981584,Torino,Nikola Vlašić,goal,fast-break,1620,11.7,56.5,0,0,53.2,24.7,,,
13981584,Torino,Giovanni Simeone,save,fast-break,1614,13.2,42.7,0,0,51.6,8.2,11.4,44.0,0.0
13981584,Cagliari,Gianluca Gaetano,save,assisted,1338,8.5,28.9,0,0,51.1,8.2,1.5,46.2,0.0
13981584,Cagliari,Luca Mazzitelli,block,regular,1237,26.0,55.0,0,0,52.1,19.0,24.2,54.5,0.0
13981584,Cagliari,Riyad Idrissi,save,assisted,447,20.1,22.1,0,0,53.8,14.6,16.4,25.6,0.0
13981584,Torino,Che Adams,block,assisted,399,12.9,39.1,0,0,49.7,19.0,11.4,40.4,0.0
13981587,Fiorentina,Albert Guðmundsson,save,fast-break,5528,28.8,53.2,0,0,54.2,5.1,1.0,50.5,0.0
13981587,Fiorentina,Roberto Piccoli,miss,assisted,4912,8.3,55.6,0,0,22.4,8.3,,,
13981587,Fiorentina,Nicolò Fagioli,miss,assisted,4774,27.1,35.0,0,0,43.2,86.1,,,
13981587,Parma,Gaetano Oristanio,miss,assisted,4706,22.8,64.3,0,0,42.2,2.8,,,
13981587,Parma,Mateo Pellegrino,miss,regular,4467,12.2,36.3,0,0,42.5,12.5,,,
13981587,Parma,Mateo Pellegrino,miss,regular,4437,8.3,51.5,0,0,40.2,18.1,,,
13981587,Fiorentina,Niccolò Fortini,block,assisted,4318,10.6,65.5,0,0,51.5,19.0,5.7,57.6,0.0
13981587,Fiorentina,Albert Guðmundsson,miss,set-piece,4190,17.6,61.9,0,0,98.5,6.9,5.4,0.0,0.0
13981587,Fiorentina,Moise Kean,miss,fast-break,4128,12.1,68.7,0,0,40.7,91.7,,,
13981587,Fiorentina,Niccolò Fortini,miss,corner,3989,27.0,60.6,0,0,60.3,8.3,,,
13981587,Fiorentina,Roberto Piccoli,block,corner,3987,14.3,47.3,0,0,52.7,19.0,11.9,47.3,0.0
13981587,Fiorentina,Nicolò Fagioli,miss,corner,3985,22.4,34.2,0,0,40.3,16.7,9.9,49.1,0.0
13981587,Fiorentina,Roberto Piccoli,save,assisted,3958,25.0,36.5,0,0,53.7,6.3,1.6,49.3,0.0
13981587,Fiorentina,Pietro Comuzzo,miss,assisted,3889,7.9,37.0,0,0,57.8,93.1,,,
13981587,Fiorentina,Pietro Comuzzo,save,corner,3764,12.1,41.4,0,0,47.7,21.5,1.4,48.7,0.0
13981587,Fiorentina,Rolando Mandragora,miss,regular,3296,11.4,56.5,0,0,48.2,91.7,,,
13981587,Fiorentina,Rolando Mandragora,block,regular,3295,12.5,56.9,0,0,50.0,19.0,9.2,55.1,0.0
13981587,Fiorentina,Rolando Mandragora,block,assisted,3294,12.5,56.9,0,0,52.2,19.0,10.5,55.4,0.0
13981587,Fiorentina,Moise Kean,miss,assisted,3078,8.5,51.0,0,0,47.1,77.8,,,
13981587,Parma,Oliver Sørensen,goal,assisted,2869,8.2,46.3,0,0,52.3,15.2,,,
13981587,Parma,Mateo Pellegrino,miss,assisted,2868,10.1,61.8,0,0,58.7,19.4,7.2,50.7,0.0
13981587,Parma,Mateo Pellegrino,block,corner,2618,11.7,45.5,0,0,50.9,19.0,9.4,46.2,0.0
13981587,Parma,Jacob Ondrejka,block,fast-break,2570,14.3,29.4,0,0,47.3,19.0,12.4,32.5,0.0
13981587,Fiorentina,Dodô,miss,assisted,2211,21.0,51.7,0,0,56.1,98.6,,,
13981587,Parma,Jacob Ondrejka,miss,regular,1867,9.8,54.2,0,0,61.8,12.5,,,
13981587,Parma,Mateo Pellegrino,block,assisted,1866,11.6,56.9,0,0,50.3,19.0,8.6,55.1,0.0
13981587,Parma,Sascha Britschgi,miss,corner,1815,24.6,61.7,0,0,59.8,16.7,,,
13981587,Fiorentina,Moise Kean,miss,assisted,1649,13.7,47.1,0,0,52.1,66.7,,,
13981587,Fiorentina,Moise Kean,save,assisted,1505,9.6,46.5,0,0,46.4,15.2,1.2,49.3,0.0
13981587,Fiorentina,Nicolò Fagioli,block,free-kick,1241,24.8,27.3,0,0,51.6,19.0,14.2,36.3,0.0
13981587,Parma,Jacob Ondrejka,save,assisted,1087,24.8,38.2,0,0,52.4,12.7,1.2,49.8,0.0
13981587,Fiorentina,Rolando Mandragora,miss,assisted,998,28.4,68.4,0,0,40.8,6.9,,,
13981587,Parma,Oliver Sørensen,miss,regular,741,22.1,37.3,0,0,57.0,12.5,,,
13981587,Fiorentina,Moise Kean,block,assisted,454,12.6,33.2,0,0,51.6,19.0,10.2,36.1,0.0
13981587,Parma,Jacob Ondrejka,miss,assisted,394,12.4,28.5,0,0,42.7,15.3,,,
13981587,Fiorentina,Moise Kean,block,regular,87,8.0,34.0,0,0,52.9,19.0,6.8,35.9,0.0
13981589,Bologna,Nikola Moro,miss,assisted,5231,21.3,37.0,0,0,37.6,9.7,,,
13981589,Bologna,Martin Vitík,miss,set-piece,4805,10.5,43.3,0,0,36.6,16.7,,,
13981589,Sassuolo,Armand Laurienté,save,assisted,4702,15.0,31.8,0,0,48.7,1.9,6.7,42.8,0.0
13981589,Sassuolo,Alieu Fadera,miss,assisted,4564,15.6,47.1,0,0,50.3,61.1,,,
13981589,Bologna,Benjamín Domínguez,block,corner,4413,15.7,56.7,0,0,47.2,18.1,11.4,54.9,0.0
13981589,Bologna,Nadir Zortea,miss,regular,4253,20.6,73.7,0,0,40.0,34.7,,,
13981589,Bologna,Giovanni Fabbian,save,assisted,4100,19.1,50.5,0,0,45.9,22.8,1.1,50.5,0.0
13981589,Sassuolo,Kristian Thorstvedt,save,assisted,4077,9.5,47.4,0,0,50.3,20.9,1.6,49.8,0.0
13981589,Bologna,Tommaso Pobega,save,regular,3998,13.8,28.3,0,0,52.6,20.9,2.0,46.4,0.0
13981589,Sassuolo,Tarik Muharemović,goal,corner,3764,3.9,48.9,0,0,47.4,7.0,,,
13981589,Bologna,Thijs Dallinga,miss,assisted,3628,18.4,47.0,0,0,40.7,66.7,,,
13981589,Bologna,Riccardo Orsolini,save,assisted,3412,26.5,51.5,0,0,49.9,10.1,1.9,50.4,0.0
13981589,Bologna,Giovanni Fabbian,goal,assisted,2772,10.4,53.0,0,0,50.3,17.7,,,
13981589,Sassuolo,Cristian Volpato,post,assisted,2292,15.7,62.2,0,0,55.5,11.4,,,
13981589,Bologna,Thijs Dallinga,miss,assisted,2067,14.4,65.0,0,0,37.3,70.8,,,
13981589,Bologna,Thijs Dallinga,save,fast-break,1862,9.9,31.5,0,0,49.5,19.0,1.1,48.4,0.0
13981589,Sassuolo,Armand Laurienté,miss,regular,1773,25.0,44.6,0,0,48.6,63.9,,,
13981589,Sassuolo,Andrea Pinamonti,save,regular,1771,15.1,35.4,0,0,53.2,1.9,11.8,37.7,0.0
13981589,Bologna,Nadir Zortea,miss,assisted,1689,12.8,64.3,0,0,46.1,68.1,,,
13981589,Bologna,Juan Miranda,miss,set-piece,1509,11.0,74.7,0,0,54.3,61.1,,,
13981589,Bologna,Jonathan Rowe,block,set-piece,1500,23.1,31.7,0,0,52.1,19.0,12.7,40.2,0.0
13981589,Bologna,Riccardo Orsolini,miss,regular,1256,30.1,48.0,0,0,59.0,69.4,,,
13981589,Sassuolo,Andrea Pinamonti,save,assisted,1148,14.5,50.3,0,0,53.9,2.5,1.9,50.0,0.0
13981589,Bologna,Jonathan Rowe,save,assisted,607,30.3,29.5,0,0,50.3,22.2,2.2,48.6,0.0
13981582,Cremonese,Warren Bondo,miss,regular,5626,22.4,51.6,0,0,52.8,59.7,,,
13981582,Napoli,Pasquale Mazzocchi,miss,fast-break,5560,19.5,75.3,0,0,61.3,88.9,,,
13981582,Napoli,Scott McTominay,save,regular,5116,26.9,40.9,0,0,53.7,3.8,0.3,48.0,0.0
13981582,Napoli,Matteo Politano,block,free-kick,5053,22.1,47.6,0,0,51.4,19.0,12.7,48.0,0.0
13981582,Napoli,Stanislav Lobotka,save,regular,4832,25.7,52.1,0,0,51.3,7.6,0.90000000000001,47.8,0.0
13981582,Napoli,Rasmus Højlund,save,assisted,4471,18.2,47.2,0,0,53.2,6.3,1.1,48.4,0.0
13981582,Napoli,Rasmus Højlund,miss,regular,4377,7.3,46.8,0,0,49.4,68.1,,,
13981582,Napoli,Scott McTominay,save,assisted,4375,10.4,57.4,0,0,51.9,19.6,1.5,51.8,0.0
13981582,Napoli,Matteo Politano,save,assisted,4108,19.1,65.8,0,0,49.4,5.7,2.4,50.9,0.0
13981582,Cremonese,Martín Payero,miss,fast-break,4037,15.0,44.5,0,0,61.2,68.1,,,
13981582,Napoli,Amir Rrahmani,miss,corner,3970,6.2,51.5,0,0,43.0,29.2,,,
13981582,Napoli,Matteo Politano,block,assisted,3923,20.0,52.6,0,0,48.2,19.0,18.1,52.5,0.0
13981582,Napoli,Scott McTominay,miss,corner,3495,6.3,45.8,0,0,36.3,6.9,4.5,50.5,0.0
13981582,Napoli,David Neres,block,regular,3406,19.4,49.1,0,0,52.0,19.0,9.8,48.6,0.0
13981582,Napoli,Rasmus Højlund,miss,assisted,2966,12.5,43.3,0,0,57.1,16.7,,,
13981582,Cremonese,Martín Payero,save,set-piece,2836,19.7,51.0,0,0,52.6,21.5,1.9,48.7,0.0
13981582,Napoli,Matteo Politano,save,assisted,2753,12.5,75.6,0,0,48.8,10.1,1.1,52.3,0.0
13981582,Napoli,Rasmus Højlund,goal,assisted,2681,9.3,47.4,0,0,48.2,3.8,,,
13981582,Napoli,Scott McTominay,miss,corner,2584,8.5,51.1,0,0,79.0,33.3,5.3,41.5,0.0
13981582,Napoli,Giovanni Di Lorenzo,block,assisted,2546,8.7,53.0,0,0,50.9,19.0,6.8,52.2,0.0
13981582,Napoli,Scott McTominay,miss,fast-break,2363,7.5,67.1,0,0,65.4,4.2,,,
13981582,Napoli,David Neres,miss,corner,2322,18.7,52.9,0,0,65.5,62.5,,,
13981582,Cremonese,Martín Payero,block,assisted,1669,13.2,50.1,0,0,51.3,19.0,9.2,49.6,0.0
13981582,Napoli,David Neres,miss,assisted,1221,21.1,76.7,0,0,74.3,73.6,,,
13981582,Cremonese,Matteo Bianchetti,miss,set-piece,956,12.7,52.4,0,0,50.4,76.4,,,
13981582,Napoli,Rasmus Højlund,goal,regular,734,4.1,54.7,0,0,47.7,1.9,,,
13981582,Napoli,Leonardo Spinazzola,block,regular,732,15.6,43.6,0,0,49.4,19.0,10.6,45.8,0.0
13981582,Cremonese,Filippo Terracciano,save,assisted,404,27.4,56.2,0,0,51.4,13.9,1.4,49.3,0.0
13981591,Atalanta,Lazar Samardžić,miss,assisted,5172,9.5,53.6,0,0,60.2,9.7,,,
13981591,Inter,Francesco Pio Esposito,miss,regular,4825,23.4,48.3,0,0,68.6,66.7,,,
13981591,Inter,Henrikh Mkhitaryan,block,assisted,4656,12.8,64.4,0,0,48.4,19.0,10.9,62.5,0.0
13981591,Atalanta,Éderson,block,regular,4088,21.6,52.1,0,0,51.5,19.0,14.4,50.9,0.0
13981591,Inter,Lautaro Martínez,goal,assisted,3880,8.9,39.3,0,0,50.8,1.9,,,
13981591,Inter,Nicolò Barella,miss,assisted,3309,14.1,56.4,0,0,38.3,30.6,,,
13981591,Inter,Luís Henrique,save,assisted,3305,12.1,44.2,0,0,51.9,1.9,9.8,45.3,0.0
13981591,Atalanta,Éderson,miss,assisted,2951,4.2,50.8,0,0,50.4,77.8,,,
13981591,Inter,Manuel Akanji,miss,corner,2857,7.5,48.7,0,0,49.6,73.6,,,
13981591,Atalanta,Davide Zappacosta,miss,fast-break,1945,20.1,72.6,0,0,42.9,84.7,,,
13981591,Atalanta,Nicola Zalewski,block,regular,1904,26.2,38.0,0,0,50.0,19.0,18.5,41.5,0.0
13981591,Atalanta,Sead Kolašinac,block,assisted,1901,16.9,29.9,0,0,50.3,19.0,14.2,33.0,0.0
13981591,Inter,Lautaro Martínez,miss,assisted,1783,12.3,48.9,0,0,24.5,5.6,,,
13981591,Inter,Nicolò Barella,miss,corner,1636,21.8,56.4,0,0,65.9,12.5,,,
13981591,Inter,Lautaro Martínez,save,assisted,1585,18.8,46.8,0,0,47.1,1.9,1.8,49.8,0.0
13981591,Inter,Hakan Çalhanoğlu,miss,assisted,1463,29.4,48.7,0,0,61.0,8.3,,,
13981591,Inter,Marcus Thuram,save,assisted,1354,14.8,28.0,0,0,46.5,19.0,1.2,48.6,0.0
13981591,Inter,Luís Henrique,miss,regular,1307,13.2,70.5,0,0,66.4,8.3,,,
13981591,Inter,Lautaro Martínez,block,fast-break,1226,14.8,30.9,0,0,49.4,19.0,12.9,33.4,0.0
13981591,Atalanta,Éderson,miss,regular,972,26.9,54.7,0,0,31.9,18.1,,,
13981591,Inter,Yann Bisseck,block,corner,526,6.1,58.3,0,0,47.3,19.0,2.5,55.1,0.0
13981591,Inter,Manuel Akanji,block,corner,478,11.0,45.0,0,0,49.1,19.0,5.0,48.2,0.0
13981590,Lecce,Alex Sala,save,assisted,5575,9.5,67.9,0,0,48.3,6.3,1.6,54.0,0.0
13981590,Lecce,Mohamed Kaba,save,set-piece,5499,20.6,65.8,0,0,49.6,5.1,1.6,51.4,0.0
13981590,Lecce,Þórir Jóhann Helgason,block,free-kick,5302,26.3,32.4,0,0,48.8,19.0,17.9,38.4,0.0
13981590,Lecce,Tiago Gabriel,save,set-piece,5129,9.2,55.8,0,0,54.1,20.3,1.0,51.3,0.0
13981590,Lecce,Konan N'Dri,miss,assisted,4616,8.8,71.4,0,0,40.0,4.2,,,
13981590,Como,Anastasios Douvikas,goal,assisted,4487,11.6,62.6,0,0,48.2,3.2,,,
13981590,Lecce,Francesco Camarda,miss,set-piece,4359,9.8,77.7,0,0,41.2,72.2,,,
13981590,Como,Jacobo Ramón,goal,set-piece,3933,2.2,47.8,0,0,54.7,21.5,,,
13981590,Como,Diego Carlos,save,set-piece,3929,4.3,51.0,0,0,48.3,19.0,2.2,51.3,0.0
13981590,Lecce,Riccardo Sottil,miss,free-kick,3549,27.7,59.0,0,0,51.8,52.8,,,
13981590,Lecce,Antonino Gallo,miss,corner,3163,17.3,32.5,0,0,38.7,8.3,,,
13981590,Como,Nico Paz,block,assisted,3071,19.0,66.0,0,0,52.4,19.0,17.2,64.3,0.0
13981590,Lecce,Youssef Maleh,save,set-piece,2871,5.4,43.0,0,0,49.4,9.5,0.90000000000001,48.4,0.0
13981590,Como,Jesús Rodriguez,miss,fast-break,2696,19.5,37.4,0,0,58.0,2.8,,,
13981590,Lecce,Mohamed Kaba,save,assisted,2647,14.7,52.1,0,0,50.3,3.8,1.0,50.2,0.0
13981590,Como,Alberto Moreno,save,regular,2526,3.9,39.3,0,0,53.8,7.6,1.6,45.3,0.0
13981590,Como,Ivan Smolčić,miss,corner,2263,4.5,60.1,0,0,51.4,68.1,,,
13981590,Como,Anastasios Douvikas,save,assisted,2208,9.5,47.0,0,0,48.4,15.2,1.4,49.3,0.0
13981590,Como,Nico Paz,block,assisted,1994,12.8,29.7,0,0,51.3,19.0,10.1,33.7,0.0
13981590,Lecce,Ylber Ramadani,block,regular,1507,23.8,37.6,0,0,47.7,19.0,17.5,41.5,0.0
13981590,Como,Nico Paz,goal,assisted,1190,27.7,65.0,0,0,50.2,27.8,,,
13981590,Como,Nico Paz,block,assisted,459,6.4,34.0,0,0,49.1,12.5,5.8,35.9,0.0
13981590,Como,Jesús Rodriguez,miss,assisted,393,9.5,32.9,0,0,36.8,80.6,,,
13981583,Udinese,Keinan Davis,goal,assisted,5693,16.8,58.7,0,0,54.0,2.5,,,
13981583,Udinese,Nicolò Zaniolo,block,regular,5685,20.0,70.3,0,0,54.4,19.0,13.1,61.7,0.0
13981583,Lazio,Gustav Isaksen,save,set-piece,5507,4.6,60.7,0,0,51.0,5.1,3.2,57.4,0.0
13981583,Lazio,Danilo Cataldi,block,regular,5094,26.0,55.4,0,0,49.2,19.0,12.8,53.1,0.0
13981583,Udinese,Nicolò Zaniolo,save,free-kick,5066,21.3,72.9,0,0,51.7,13.9,1.0,52.7,0.0
13981583,Lazio,Oumar Solet,goal,regular,4774,10.2,53.2,0,0,51.8,1.9,,,
13981583,Lazio,Matías Vecino,block,assisted,4772,25.4,47.4,0,0,47.2,19.0,10.6,50.5,0.0
13981583,Udinese,Nicolò Zaniolo,block,assisted,4586,19.5,49.3,0,0,50.1,19.0,14.7,49.5,0.0
13981583,Udinese,Jakub Piotrowski,miss,corner,4552,7.1,56.8,0,0,55.3,76.4,,,
13981583,Udinese,Jürgen Ekkelenkamp,block,assisted,4513,20.7,30.9,0,0,47.4,19.0,15.9,35.9,0.0
13981583,Udinese,Keinan Davis,save,assisted,4481,18.2,35.6,0,0,48.6,18.4,1.2,48.0,0.0
13981583,Udinese,Oumar Solet,miss,set-piece,3442,14.6,35.4,0,0,37.8,4.2,3.1,53.1,0.0
13981583,Lazio,Matías Vecino,miss,assisted,3289,26.6,34.5,0,0,42.9,88.9,,,
13981583,Lazio,Matteo Cancellieri,miss,regular,3037,20.4,64.6,0,0,65.0,16.7,,,
13981583,Lazio,Tijjani Noslin,block,assisted,2786,8.8,33.3,0,0,50.2,19.0,7.5,35.8,0.0
13981583,Lazio,Matías Vecino,block,corner,2684,9.3,51.8,0,0,49.2,19.0,7.6,51.6,0.0
13981583,Lazio,Tijjani Noslin,block,assisted,2633,26.5,59.7,0,0,50.8,19.0,22.5,58.1,0.0
13981583,Udinese,Jürgen Ekkelenkamp,miss,assisted,2438,9.1,48.1,0,0,39.5,18.1,,,
13981583,Lazio,Matías Vecino,miss,assisted,2211,10.5,47.5,0,0,66.6,2.8,2.5,23.5,0.0
13981583,Udinese,Nicolò Bertola,miss,regular,1827,11.3,34.2,0,0,65.2,19.4,,,
13981583,Udinese,Jürgen Ekkelenkamp,block,regular,1826,11.9,40.3,0,0,52.1,19.0,10.9,41.0,0.0
13981583,Udinese,Nicolò Bertola,miss,assisted,1671,14.8,44.0,0,0,36.8,73.6,,,
13981583,Udinese,Nicolò Zaniolo,save,assisted,1514,25.4,48.8,0,0,54.5,17.7,1.8,49.5,0.0
13981583,Udinese,Jakub Piotrowski,miss,regular,1327,13.3,59.7,0,0,41.2,84.7,,,
13981583,Lazio,Matías Vecino,miss,regular,1168,18.9,51.6,0,0,33.4,16.7,,,
13981583,Lazio,Danilo Cataldi,block,set-piece,737,24.0,65.2,0,0,49.4,19.0,13.1,56.3,0.0
13981583,Lazio,Mattia Zaccagni,block,set-piece,734,10.1,61.7,0,0,51.0,19.0,8.8,60.1,0.0
13981583,Lazio,Adam Marušić,block,assisted,680,25.4,70.5,0,0,47.2,19.0,22.1,68.2,0.0
13981583,Lazio,Tijjani Noslin,post,assisted,432,22.8,46.8,0,0,44.4,15.2,,,
13981583,Udinese,Jesper Karlström,miss,corner,38,17.6,59.3,0,0,28.1,13.9,,,
13981586,Roma,Zeki Çelik,block,assisted,5392,14.0,68.8,0,0,47.3,19.0,12.4,67.0,0.0
13981586,Genoa,Jeff Ekhator,goal,set-piece,5161,11.9,45.6,0,0,52.3,8.2,,,
13981586,Genoa,Jeff Ekhator,block,throw-in-set-piece,5107,15.0,33.5,0,0,52.5,19.0,12.0,36.3,0.0
13981586,Genoa,Brooke Norton-Cuffy,miss,assisted,4950,19.4,66.5,0,0,56.3,90.3,,,
13981586,Roma,Stephan El Shaarawy,save,assisted,4902,13.8,45.4,0,0,48.4,29.7,1.9,49.6,0.0
13981586,Roma,Stephan El Shaarawy,miss,corner,4359,15.4,37.8,0,0,57.1,5.6,,,
13981586,Roma,Bryan Cristante,save,assisted,4319,20.7,65.8,0,0,46.4,20.3,2.0,50.7,0.0
13981586,Roma,Stephan El Shaarawy,block,corner,3874,22.6,67.3,0,0,53.1,19.0,21.2,66.1,0.0
13981586,Roma,Mario Hermoso,block,corner,3867,11.3,56.7,0,0,51.1,19.0,8.4,54.7,0.0
13981586,Genoa,Johan Vásquez,miss,set-piece,3716,13.5,48.7,0,0,52.4,81.9,,,
13981586,Genoa,Sebastian Otoa,block,set-piece,3714,10.7,57.2,0,0,51.3,19.0,6.2,53.6,0.0
13981586,Roma,Zeki Çelik,block,assisted,3307,6.0,73.0,0,0,54.7,19.0,5.4,70.2,0.0
13981586,Roma,Evan Ferguson,miss,assisted,3042,14.7,72.0,0,0,76.1,56.9,,,
13981586,Genoa,Vitinha,miss,assisted,2785,9.1,44.8,0,0,40.0,2.8,6.4,52.7,0.0
13981586,Genoa,Leo Østigård,save,set-piece,2764,4.8,48.8,0,0,51.5,15.8,3.2,49.1,0.0
13981586,Roma,Paulo Dybala,save,assisted,2648,9.4,32.7,0,0,49.9,31.0,1.2,47.5,0.0
13981586,Genoa,Vitinha,miss,assisted,2409,15.0,32.9,0,0,53.6,58.3,,,
13981586,Roma,Manu Koné,block,assisted,2259,10.1,49.9,0,0,48.3,19.0,6.6,50.5,0.0
13981586,Roma,Paulo Dybala,miss,assisted,2207,12.2,32.9,0,0,58.8,38.9,,,
13981586,Roma,Evan Ferguson,goal,regular,1836,6.7,48.5,0,0,51.6,7.0,,,
13981586,Roma,Matías Soulé,save,regular,1833,11.4,64.1,0,0,46.7,13.9,1.4,52.7,0.0
13981586,Genoa,Aarón Martín,block,free-kick,1296,27.4,52.6,0,0,49.4,19.0,14.0,51.6,0.0
13981586,Roma,Manu Koné,goal,assisted,1094,12.9,52.1,0,0,46.8,4.4,,,
13981586,Roma,Evan Ferguson,save,assisted,961,11.7,71.8,0,0,52.7,2.5,2.0,54.2,0.0
13981586,Roma,Matías Soulé,goal,regular,790,8.6,67.0,0,0,48.4,12.0,,,
13981586,Genoa,Brooke Norton-Cuffy,miss,regular,208,10.8,54.7,0,0,35.8,6.9,1.5,66.2,0.0
13981585,Juventus,Kenan Yıldız,goal,fast-break,5480,4.1,43.1,0,0,51.9,3.2,,,
13981585,Pisa,Stefano Moreo,miss,assisted,5078,7.4,48.1,0,0,21.7,18.1,1.8,85.2,0.0
13981585,Juventus,Edon Zhegrova,save,assisted,4862,24.5,51.9,0,0,52.6,31.6,1.6,49.5,0.0
13981585,Pisa,Marius Marin,miss,throw-in-set-piece,4807,11.7,31.3,0,0,62.5,11.1,,,
13981585,Juventus,Edon Zhegrova,save,free-kick,4579,20.5,69.1,0,0,48.8,19.6,1.2,51.8,0.0
13981585,Juventus,Pierre Kalulu,goal,regular,4372,3.8,51.5,0,0,51.9,10.1,,,
13981585,Juventus,Edon Zhegrova,block,assisted,4046,18.8,69.6,0,0,51.3,19.0,15.8,66.2,0.0
13981585,Juventus,Lloyd Kelly,post,assisted,3840,12.9,32.1,0,0,55.5,12.7,,,
13981585,Juventus,Kenan Yıldız,block,assisted,3751,12.6,65.1,0,0,50.9,19.0,8.4,59.7,0.0
13981585,Pisa,Matteo Tramoni,post,assisted,3543,10.3,51.4,0,0,44.7,5.7,,,
13981585,Juventus,Manuel Locatelli,save,regular,3422,24.1,40.3,0,0,50.0,21.5,1.8,49.1,0.0
13981585,Juventus,Khéphren Thuram,miss,assisted,3266,20.5,34.9,0,0,41.3,80.6,,,
13981585,Pisa,Samuele Angori,block,free-kick,2901,20.6,60.8,0,0,50.7,19.0,11.0,55.4,0.0
13981585,Pisa,Stefano Moreo,block,fast-break,2719,13.2,32.7,0,0,49.1,19.0,9.7,37.5,0.0
13981585,Pisa,Stefano Moreo,post,corner,2653,10.1,44.7,0,0,54.0,40.5,,,
13981585,Pisa,Idrissa Touré,miss,throw-in-set-piece,1927,10.1,67.3,0,0,38.3,26.4,,,
13981585,Juventus,Teun Koopmeiners,block,regular,1295,12.2,59.7,0,0,49.7,19.0,9.7,57.8,0.0
13981585,Juventus,Loïs Openda,save,assisted,1204,14.2,48.3,0,0,50.8,1.3,1.5,49.5,0.0
13981585,Pisa,Isak Vural,miss,regular,1093,22.1,43.0,0,0,9.6,26.4,4.5,92.6,0.0
13981585,Juventus,Kenan Yıldız,miss,regular,1043,13.2,33.8,0,0,46.7,58.3,,,
13981585,Juventus,Khéphren Thuram,block,assisted,1040,18.1,58.5,0,0,53.8,19.0,8.0,51.6,0.0
13981585,Juventus,Weston McKennie,save,regular,801,0.90000000000001,39.3,0,0,53.6,3.8,0.0,44.4,0.0
13981585,Juventus,Andrea Cambiaso,miss,corner,48,25.7,57.5,0,0,53.4,79.2,,,
13981588,Hellas Verona,Nicolás Valentini,miss,assisted,5566,14.8,49.3,0,0,46.9,94.4,,,
13981588,Hellas Verona,Cheikh Niasse,save,throw-in-set-piece,5160,13.6,65.8,0,0,50.9,10.8,1.6,52.3,0.0
13981588,Hellas Verona,Unai Núñez,miss,throw-in-set-piece,5158,19.4,43.8,0,0,1.0,5.6,12.5,65.2,0.0
13981588,Hellas Verona,Gift Orban,block,assisted,4307,19.2,51.0,0,0,52.1,19.0,17.5,50.7,0.0
13981588,Hellas Verona,Gift Orban,block,free-kick,4097,23.5,25.4,0,0,51.1,19.0,12.3,36.6,0.0
13981588,Hellas Verona,Victor Nelsson,miss,corner,3705,8.6,47.4,0,0,63.9,12.5,,,
13981588,Milan,Ruben Loftus-Cheek,save,assisted,3650,5.0,66.0,0,0,48.5,18.4,0.7,53.8,0.0
13981588,Milan,Koni De Winter,miss,corner,3615,7.4,51.1,0,0,50.1,47.2,,,
13981588,Milan,Adrien Rabiot,miss,assisted,3286,23.7,30.3,0,0,57.1,69.4,,,
13981588,Milan,Christopher Nkunku,goal,regular,3121,2.1,50.1,0,0,50.0,6.3,,,
13981588,Milan,Luka Modrić,save,regular,3120,19.1,37.4,0,0,54.0,10.1,1.5,49.5,0.0
13981588,Milan,Christopher Nkunku,goal,penalty,2858,11.5,50.0,0,0,53.1,2.5,,,
13981588,Milan,Christian Pulišić,goal,corner,2730,4.3,45.8,0,0,51.5,31.6,,,
13981588,Milan,Adrien Rabiot,miss,corner,2728,8.3,54.8,0,0,67.6,18.1,4.2,45.1,0.0
13981588,Milan,Adrien Rabiot,miss,corner,2481,9.5,51.1,0,0,1.3,5.6,6.0,71.8,0.0
13981588,Hellas Verona,Mutassim Al-Musrati,block,throw-in-set-piece,2378,21.0,54.0,0,0,48.7,19.0,19.6,53.8,0.0
13981588,Hellas Verona,Antoine Bernede,block,throw-in-set-piece,2375,25.1,59.7,0,0,50.8,19.0,14.0,55.1,0.0
13981588,Hellas Verona,Cheikh Niasse,miss,assisted,2086,23.1,66.0,0,0,61.2,8.3,,,
13981588,Milan,Alexis Saelemaekers,miss,corner,1691,20.7,68.9,0,0,35.3,81.9,,,
13981588,Milan,Ruben Loftus-Cheek,block,regular,1193,18.4,49.5,0,0,51.3,19.0,16.9,49.4,0.0
13981598,Genoa,Leo Østigård,block,set-piece,5237,16.1,48.7,0,0,48.5,19.0,13.8,49.1,0.0
13981598,Pisa,Antonio Caracciolo,miss,assisted,5094,41.4,69.5,0,0,58.7,25.0,,,
13981598,Genoa,Caleb Ekuban,block,set-piece,5041,12.8,50.7,0,0,50.3,19.0,10.9,50.5,0.0
13981598,Pisa,Gabriele Piccinini,block,corner,4829,7.1,49.7,0,0,49.3,19.0,6.0,49.9,0.0
13981598,Genoa,Ruslan Malinovskyi,miss,assisted,4401,19.8,50.3,0,0,0.7,5.6,6.2,94.1,0.0
13981598,Pisa,Idrissa Touré,block,throw-in-set-piece,3993,18.8,50.2,0,0,52.0,19.0,17.1,50.0,0.0
13981598,Pisa,Raúl Albiol,block,corner,3611,14.2,51.1,0,0,49.0,19.0,10.7,51.1,0.0
13981598,Pisa,Idrissa Touré,block,throw-in-set-piece,3572,4.5,65.4,0,0,47.6,19.0,3.8,63.5,0.0
13981598,Genoa,Vitinha,miss,set-piece,3501,16.0,51.3,0,0,40.3,77.8,,,
13981598,Genoa,Morten Thorsby,save,assisted,3358,13.0,50.7,0,0,45.7,1.3,0.59999999999999,48.6,0.0
13981598,Pisa,Mehdi Léris,goal,set-piece,2235,9.5,50.8,0,0,48.8,12.0,,,
13981598,Pisa,Stefano Moreo,miss,corner,1986,10.6,57.7,0,0,41.8,15.3,,,
13981598,Pisa,Mehdi Léris,save,assisted,1960,6.6,55.2,0,0,50.2,33.5,0.5,51.4,0.0
13981598,Pisa,Malthe Højholt,miss,set-piece,1858,25.1,48.9,0,0,66.4,100.0,,,
13981598,Genoa,Ruslan Malinovskyi,block,assisted,1752,18.7,55.7,0,0,49.7,19.0,17.1,55.2,0.0
13981598,Genoa,Morten Frendrup,miss,throw-in-set-piece,1618,10.4,72.2,0,0,42.7,70.8,,,
13981598,Genoa,Vitinha,miss,assisted,1134,12.9,48.5,0,0,22.0,2.8,,,
13981598,Genoa,Lorenzo Colombo,goal,regular,851,22.3,58.9,0,0,54.3,1.9,,,
13981598,Genoa,Vitinha,save,fast-break,691,12.3,63.4,0,0,52.7,22.2,2.2,53.8,0.0
13981598,Genoa,Vitinha,miss,regular,445,11.1,19.7,0,0,56.6,5.6,,,
13981598,Pisa,Mehdi Léris,miss,throw-in-set-piece,360,20.9,68.1,0,0,57.3,15.3,,,
13981598,Genoa,Johan Vásquez,save,set-piece,220,7.3,58.3,0,0,47.3,29.1,0.59999999999999,52.5,0.0
13981595,Sassuolo,Ismael Koné,miss,assisted,5319,22.8,60.3,0,0,53.6,68.1,,,
13981595,Parma,Emanuele Valeri,block,throw-in-set-piece,4927,25.6,25.0,0,0,51.9,19.0,24.4,26.1,0.0
13981595,Parma,Pontus Almqvist,save,set-piece,4713,8.6,54.4,0,0,51.9,29.1,1.6,51.8,0.0
13981595,Parma,Oliver Sørensen,miss,assisted,4396,22.5,56.4,0,0,54.6,81.9,,,
13981595,Parma,Pontus Almqvist,save,assisted,4286,6.7,68.1,0,0,51.0,5.7,5.4,64.5,0.0
13981595,Sassuolo,Andrea Pinamonti,miss,assisted,3755,10.2,52.8,0,0,100.0,4.2,6.7,6.3,0.0
13981595,Sassuolo,Andrea Pinamonti,block,assisted,3440,14.1,53.4,0,0,48.7,19.0,12.6,53.2,0.0
13981595,Parma,Gaetano Oristanio,block,fast-break,3171,12.0,64.4,0,0,51.0,19.0,10.9,63.0,0.0
13981595,Sassuolo,Josh Doig,post,assisted,2913,11.6,42.7,0,0,55.7,5.7,,,
13981595,Parma,Mateo Pellegrino,save,assisted,2832,7.3,66.2,0,0,49.0,3.2,0.5,54.2,0.0
13981595,Parma,Mandela Keita,miss,regular,2716,26.9,53.4,0,0,20.0,8.3,,,
13981595,Sassuolo,Armand Laurienté,save,assisted,2592,14.7,37.8,0,0,52.7,9.5,1.6,48.4,0.0
13981595,Parma,Gaetano Oristanio,block,assisted,2470,19.2,47.4,0,0,51.8,19.0,18.1,47.4,0.0
13981595,Sassuolo,Andrea Pinamonti,block,fast-break,2279,17.6,44.8,0,0,51.4,19.0,15.3,45.3,0.0
13981595,Parma,Mateo Pellegrino,goal,regular,1381,24.8,49.6,0,0,53.6,13.3,,,
13981595,Parma,Adrián Bernabé,miss,assisted,1347,23.8,55.2,0,0,56.1,87.5,,,
13981595,Parma,Gaetano Oristanio,block,assisted,1344,20.6,69.7,0,0,49.8,19.0,10.5,60.1,0.0
13981595,Parma,Lautaro Valenti,block,assisted,1226,28.2,40.9,0,0,50.1,19.0,23.5,42.4,0.0
13981595,Sassuolo,Armand Laurienté,save,assisted,1042,10.8,31.3,0,0,54.4,3.8,1.4,47.8,0.0
13981595,Sassuolo,Armand Laurienté,miss,assisted,994,24.0,65.4,0,0,62.5,2.8,9.4,50.2,0.0
13981595,Sassuolo,Luca Lipani,block,assisted,911,22.9,60.7,0,0,48.1,19.0,12.9,56.9,0.0
13981595,Parma,Lautaro Valenti,save,corner,830,1.4,42.1,0,0,53.0,26.6,0.59999999999999,44.9,0.0
13981595,Parma,Jacob Ondrejka,block,assisted,789,12.9,63.0,0,0,48.6,19.0,10.1,60.5,0.0
13981595,Sassuolo,Kristian Thorstvedt,goal,assisted,672,8.9,56.6,0,0,53.5,12.7,,,
13981595,Parma,Mateo Pellegrino,miss,assisted,566,13.9,46.0,0,0,56.6,97.2,,,
13981595,Parma,Mateo Pellegrino,block,regular,350,11.4,55.2,0,0,50.2,19.0,9.3,54.2,0.0
13981595,Sassuolo,Andrea Pinamonti,miss,assisted,9,19.2,49.9,0,0,60.8,12.5,,,
13981602,Milan,Luka Modrić,save,free-kick,5354,22.5,73.8,0,0,45.5,3.2,1.5,52.3,0.0
13981602,Milan,Christian Pulišić,save,assisted,5170,9.7,32.9,0,0,53.1,18.4,2.8,44.2,0.0
13981602,Cagliari,Semih Kılıçsoy,block,assisted,4196,11.0,57.7,0,0,48.8,19.0,9.1,56.6,0.0
13981602,Milan,Davide Bartesaghi,save,free-kick,3521,26.9,68.9,0,0,53.6,25.3,1.8,51.3,0.0
13981602,Milan,Rafael Leão,goal,assisted,2952,10.5,37.2,0,0,52.3,27.2,,,
13981602,Milan,Ruben Loftus-Cheek,miss,assisted,2903,8.8,51.1,0,0,50.1,51.4,,,
13981602,Milan,Adrien Rabiot,miss,corner,2762,9.1,48.7,0,0,64.7,29.2,,,
13981602,Milan,Youssouf Fofana,block,assisted,2518,22.5,57.3,0,0,49.1,19.0,20.4,56.7,0.0
13981602,Cagliari,Luca Mazzitelli,miss,assisted,2420,9.7,36.2,0,0,58.8,33.3,,,
13981602,Cagliari,Michel Adopo,save,assisted,1865,11.7,53.6,0,0,51.9,25.9,1.5,50.4,0.0
13981602,Milan,Alexis Saelemaekers,miss,regular,1681,21.6,38.9,0,0,60.5,20.8,11.6,40.1,0.0
13981602,Milan,Koni De Winter,block,corner,1679,9.4,44.2,0,0,49.0,19.0,4.6,47.7,0.0
13981602,Milan,Ruben Loftus-Cheek,miss,assisted,973,14.8,61.4,0,0,77.6,5.6,,,
13981602,Milan,Rafael Leão,block,assisted,202,13.9,55.4,0,0,49.2,19.0,11.7,54.7,0.0
13981602,Cagliari,Matteo Prati,miss,regular,129,25.9,42.3,0,0,53.1,75.0,,,
13981602,Cagliari,Marco Palestra,miss,fast-break,74,9.4,68.7,0,0,68.4,4.2,,,
13981602,Cagliari,Matteo Prati,miss,regular,24,19.2,68.5,0,0,61.8,13.9,,,
13981600,Como,Nicolas-Gerrit Kühn,miss,corner,5113,16.1,45.4,0,0,50.1,56.9,,,
13981600,Como,Mërgim Vojvoda,miss,regular,4336,11.0,71.4,0,0,46.2,81.9,,,
13981600,Como,Anastasios Douvikas,post,regular,3576,8.6,40.7,0,0,51.8,39.9,,,
13981600,Como,Máximo Perrone,block,throw-in-set-piece,3534,19.1,37.0,0,0,51.2,19.0,12.7,41.0,0.0
13981600,Como,Maxence Caqueret,block,regular,3442,13.0,56.2,0,0,50.3,19.0,7.5,53.4,0.0
13981600,Udinese,Jürgen Ekkelenkamp,miss,assisted,2829,15.1,45.0,0,0,41.7,29.2,,,
13981600,Como,Máximo Perrone,save,assisted,2775,6.7,46.4,0,0,50.2,0.6,2.2,47.8,0.0
13981600,Como,Jesús Rodriguez,save,assisted,2558,23.2,38.9,0,0,52.5,13.9,1.9,47.5,0.0
13981600,Udinese,Nicolò Bertola,miss,corner,2331,2.5,39.0,0,0,0.5,1.4,1.6,53.1,0.0
13981600,Como,Alberto Moreno,miss,set-piece,1937,28.0,38.7,0,0,49.2,93.1,,,
13981600,Como,Jesús Rodriguez,miss,assisted,1627,8.3,29.9,0,0,38.2,25.0,,,
13981600,Como,Lucas Da Cunha,goal,penalty,1057,11.5,50.0,0,0,49.9,15.2,,,
13981600,Como,Jesús Rodriguez,miss,regular,952,3.6,34.4,0,0,0.7,1.4,1.9,98.0,0.0
13981600,Como,Jesús Rodriguez,block,assisted,851,15.3,27.2,0,0,51.2,19.0,7.3,38.4,0.0
13981600,Udinese,Nicolò Zaniolo,miss,assisted,766,28.7,51.5,0,0,52.4,68.1,,,
13981600,Como,Jesús Rodriguez,block,assisted,675,22.7,45.2,0,0,50.4,19.0,21.2,45.5,0.0
13981600,Como,Anastasios Douvikas,miss,assisted,432,8.7,53.8,0,0,99.8,4.2,7.3,3.6,0.0
13981600,Como,Jesús Rodriguez,block,assisted,29,15.4,51.5,0,0,52.3,19.0,13.7,51.1,0.0
13981597,Inter,Francesco Pio Esposito,miss,assisted,5525,7.5,57.9,0,0,45.5,79.2,,,
13981597,Bologna,Santiago Castro,goal,set-piece,4963,4.9,49.4,0,0,50.0,19.6,,,
13981597,Inter,Federico Dimarco,miss,free-kick,4700,26.2,51.6,0,0,42.4,18.1,,,
13981597,Inter,Marcus Thuram,goal,corner,4409,3.0,54.7,0,0,46.3,24.1,,,
13981597,Inter,Henrikh Mkhitaryan,block,assisted,4359,26.8,45.2,0,0,51.1,19.0,23.4,45.7,0.0
13981597,Inter,Lautaro Martínez,save,set-piece,3622,11.6,55.8,0,0,49.3,19.6,5.8,53.1,0.0
13981597,Inter,Luís Henrique,block,assisted,3402,12.8,64.2,0,0,50.4,19.0,11.1,62.3,0.0
13981597,Bologna,Jonathan Rowe,block,assisted,3273,18.2,66.7,0,0,51.0,19.0,13.8,62.5,0.0
13981597,Inter,Nicolò Barella,block,regular,3100,10.5,52.3,0,0,50.5,19.0,6.6,51.3,0.0
13981597,Inter,Lautaro Martínez,post,assisted,3099,6.7,48.9,0,0,51.1,39.9,,,
13981597,Inter,Manuel Akanji,miss,set-piece,3013,6.9,55.8,0,0,42.9,2.8,,,
13981597,Inter,Lautaro Martínez,goal,corner,2875,5.5,49.8,0,0,50.6,24.1,,,
13981597,Inter,Federico Dimarco,save,fast-break,2825,7.4,31.0,0,0,53.1,3.8,3.1,40.8,0.0
13981597,Bologna,Santiago Castro,miss,assisted,2774,13.0,72.6,0,0,42.4,5.6,,,
13981597,Inter,Lautaro Martínez,save,assisted,2648,8.5,36.0,0,0,50.4,11.4,2.0,46.0,0.0
13981597,Inter,Lautaro Martínez,miss,set-piece,2448,8.9,58.5,0,0,42.5,44.4,,,
13981597,Inter,Piotr Zieliński,goal,assisted,2328,18.1,43.3,0,0,53.2,17.1,,,
13981597,Bologna,Jens Odgaard,miss,regular,1978,7.4,52.8,0,0,43.7,11.1,,,
13981597,Bologna,Jens Odgaard,miss,set-piece,1856,24.6,55.8,0,0,37.1,77.8,,,
13981597,Bologna,Jonathan Rowe,save,assisted,1559,8.9,70.5,0,0,47.6,3.2,1.5,54.0,0.0
13981597,Inter,Alessandro Bastoni,save,corner,1449,3.7,38.5,0,0,51.3,3.8,0.59999999999999,48.6,0.0
13981597,Inter,Hakan Çalhanoğlu,save,regular,1406,21.5,46.2,0,0,53.8,28.5,1.4,49.8,0.0
13981597,Inter,Marcus Thuram,save,assisted,479,9.8,39.3,0,0,49.0,2.5,4.5,45.8,0.0
13981597,Inter,Lautaro Martínez,save,regular,324,11.4,45.3,0,0,51.3,5.1,1.2,48.7,0.0
13981597,Inter,Marcus Thuram,block,regular,323,8.9,49.1,0,0,49.1,19.0,7.1,49.5,0.0
13981599,Cremonese,Alberto Grassi,miss,regular,5587,28.0,44.8,0,0,49.7,97.2,,,
13981599,Fiorentina,Moise Kean,goal,regular,5472,2.0,52.8,0,0,51.9,3.2,,,
13981599,Fiorentina,Niccolò Fortini,save,assisted,5469,1.7,60.6,0,0,49.0,17.7,0.5,53.8,0.0
13981599,Cremonese,Alessio Zerbin,save,assisted,5276,15.9,65.5,0,0,48.8,3.2,1.4,52.3,0.0
13981599,Fiorentina,Moise Kean,miss,assisted,5236,18.8,54.2,0,0,44.0,66.7,,,
13981599,Cremonese,Antonio Sanabria,save,set-piece,4973,4.1,51.0,0,0,52.7,20.9,1.2,50.4,0.0
13981599,Fiorentina,Nicolò Fagioli,block,assisted,4874,16.3,32.7,0,0,46.9,22.2,12.5,36.3,0.0
13981599,Fiorentina,Roberto Piccoli,block,assisted,4718,8.9,65.1,0,0,50.3,2.8,7.2,62.3,0.0
13981599,Fiorentina,Robin Gosens,save,assisted,4339,23.5,42.3,0,0,50.0,17.1,1.2,48.7,0.0
13981599,Fiorentina,Luca Ranieri,save,corner,3771,8.6,53.6,0,0,51.0,24.1,1.1,51.6,0.0
13981599,Cremonese,Tommaso Barbieri,block,assisted,3629,10.7,65.4,0,0,50.4,19.0,7.7,61.0,0.0
13981599,Fiorentina,Rolando Mandragora,block,corner,2946,16.0,64.2,0,0,49.9,19.0,12.8,61.4,0.0
13981599,Fiorentina,Rolando Mandragora,block,assisted,2829,18.9,47.8,0,0,51.9,19.0,17.0,47.8,0.0
13981599,Fiorentina,Roberto Piccoli,miss,assisted,2820,13.6,51.0,0,0,98.7,2.8,11.8,40.2,0.0
13981599,Fiorentina,Albert Guðmundsson,save,assisted,2979,9.6,28.6,0,0,52.5,12.0,1.0,47.1,0.0
13981599,Fiorentina,Cher Ndour,block,regular,2967,22.9,41.2,0,0,51.2,19.0,20.3,42.1,0.0
13981599,Fiorentina,Albert Guðmundsson,block,throw-in-set-piece,2878,20.6,52.1,0,0,51.2,19.0,17.6,51.6,0.0
13981599,Fiorentina,Rolando Mandragora,block,assisted,2833,24.7,56.9,0,0,52.6,11.1,12.5,52.7,0.0
13981599,Cremonese,Martín Payero,miss,set-piece,1717,17.2,48.9,0,0,61.3,15.3,,,
13981599,Fiorentina,Albert Guðmundsson,miss,assisted,1104,7.1,42.2,0,0,56.6,91.7,,,
13981599,Fiorentina,Roberto Piccoli,save,assisted,1069,29.6,44.9,0,0,50.8,1.9,1.1,49.6,0.0
13981599,Fiorentina,Roberto Piccoli,block,assisted,963,13.2,66.7,0,0,49.2,19.0,10.7,63.7,0.0
13981599,Fiorentina,Rolando Mandragora,save,assisted,807,21.0,65.6,0,0,45.5,1.3,1.2,51.6,0.0
13981599,Cremonese,Martín Payero,miss,assisted,766,22.6,70.2,0,0,48.6,58.3,,,
13981599,Fiorentina,Fabiano Parisi,post,assisted,694,4.3,60.3,0,0,46.5,39.9,,,
13981599,Fiorentina,Rolando Mandragora,block,assisted,461,11.8,66.6,0,0,48.8,19.0,9.0,63.0,0.0
13981599,Fiorentina,Nicolò Fagioli,save,regular,278,18.8,52.3,0,0,47.7,14.6,2.5,50.2,0.0
13981599,Fiorentina,Albert Guðmundsson,block,assisted,251,11.7,33.3,0,0,49.0,19.0,10.3,35.4,0.0
13981596,Juventus,Loïs Openda,miss,regular,5602,10.7,31.9,0,0,52.4,73.6,,,
13981596,Juventus,Kenan Yıldız,post,assisted,5600,22.9,38.7,0,0,44.8,12.7,,,
13981596,Juventus,Jonathan David,save,assisted,5307,12.0,38.3,0,0,52.2,19.0,2.0,46.4,0.0
13981596,Juventus,Filip Kostić,block,corner,5177,24.4,60.1,0,0,50.1,19.0,19.7,58.1,0.0
13981596,Juventus,Filip Kostić,block,corner,5176,22.0,61.5,0,0,54.0,19.0,18.0,58.7,0.0
13981596,Juventus,Jonathan David,block,assisted,4658,7.1,33.7,0,0,52.7,19.0,5.7,36.5,0.0
13981596,Lecce,Mohamed Kaba,miss,fast-break,4563,23.7,51.6,0,0,69.4,90.3,,,
13981596,Juventus,Kenan Yıldız,block,assisted,4485,24.1,32.1,0,0,49.1,19.0,22.3,33.9,0.0
13981596,Juventus,Filip Kostić,miss,assisted,4386,28.8,35.6,0,0,41.7,2.8,,,
13981596,Lecce,Nikola Štulić,miss,assisted,4333,24.6,45.2,0,0,56.1,9.7,,,
13981596,Juventus,Jonathan David,save,penalty,3931,11.5,50.0,0,0,51.0,3.8,0.7,50.0,0.0
13981596,Juventus,Jonathan David,block,set-piece,3698,7.1,53.9,0,0,51.1,19.0,5.9,53.1,0.0
13981596,Juventus,Edon Zhegrova,miss,free-kick,3215,24.3,44.0,0,0,56.3,77.8,,,
13981596,Juventus,Weston McKennie,goal,regular,2937,6.6,50.5,0,0,49.5,1.9,,,
13981596,Juventus,Kenan Yıldız,block,assisted,2935,12.7,35.5,0,0,46.7,16.7,9.8,38.3,0.0
13981596,Lecce,Lameck Banda,goal,regular,2760,15.9,46.0,0,0,54.3,23.4,,,
13981596,Juventus,Andrea Cambiaso,miss,throw-in-set-piece,2275,21.5,48.3,0,0,47.9,81.9,,,
13981596,Juventus,Khéphren Thuram,block,corner,1881,6.0,55.1,0,0,50.2,19.0,5.1,54.3,0.0
13981596,Juventus,Andrea Cambiaso,miss,assisted,1698,9.8,34.4,0,0,50.8,80.6,,,
13981596,Juventus,Manuel Locatelli,block,assisted,1627,27.8,54.2,0,0,51.9,19.0,21.0,52.7,0.0
13981596,Lecce,Mohamed Kaba,block,assisted,1129,28.2,62.0,0,0,50.8,19.0,19.3,57.9,0.0
13981596,Juventus,Kenan Yıldız,miss,assisted,1073,15.6,45.2,0,0,39.7,8.3,,,
13981596,Juventus,Jonathan David,block,assisted,1067,14.8,43.6,0,0,53.8,19.0,13.3,43.9,0.0
13981596,Juventus,Andrea Cambiaso,save,regular,962,20.7,34.6,0,0,46.1,0.6,1.9,48.0,0.0
13981596,Juventus,Weston McKennie,block,regular,817,10.2,47.9,0,0,49.7,19.0,6.3,49.5,0.0
13981596,Juventus,Kenan Yıldız,block,assisted,815,11.9,30.1,0,0,53.1,19.0,10.5,32.1,0.0
13981596,Lecce,Santiago Pierotti,miss,assisted,739,28.7,66.7,0,0,68.1,5.6,,,
13981596,Lecce,Lameck Banda,block,assisted,477,29.7,31.3,0,0,51.4,19.0,14.0,39.7,0.0
13981596,Juventus,Jonathan David,save,corner,411,8.8,47.0,0,0,49.3,3.2,1.0,49.8,0.0
13981596,Juventus,Kenan Yıldız,block,assisted,374,10.6,32.2,0,0,53.6,19.0,8.9,34.5,0.0
13981596,Juventus,Lloyd Kelly,miss,corner,210,6.7,59.1,0,0,48.7,80.6,,,
13981594,Atalanta,Nikola Krstović,save,fast-break,5673,21.0,60.2,0,0,52.3,5.1,3.8,51.4,0.0
13981594,Roma,Paulo Dybala,miss,set-piece,5015,12.2,29.4,0,0,34.8,12.5,,,
13981594,Atalanta,Nikola Krstović,miss,corner,4838,4.6,48.5,0,0,39.8,81.9,,,
13981594,Atalanta,Gianluca Scamacca,block,fast-break,4122,22.5,68.1,0,0,51.2,19.0,19.3,65.3,0.0
13981594,Atalanta,Lorenzo Bernasconi,block,fast-break,3889,12.9,31.8,0,0,51.9,19.0,11.5,33.6,0.0
13981594,Roma,Paulo Dybala,block,assisted,3799,3.9,55.8,0,0,48.1,19.0,3.7,53.6,0.0
13981594,Atalanta,Honest Ahanor,block,assisted,3705,13.2,60.5,0,0,51.2,19.0,12.1,59.6,0.0
13981594,Roma,Devyne Rensch,miss,regular,3107,7.3,69.9,0,0,69.7,26.4,3.6,52.5,0.0
13981594,Roma,Matías Soulé,save,assisted,3105,2.4,68.4,0,0,45.8,18.4,0.59999999999999,55.1,0.0
13981594,Roma,Gianluca Mancini,block,corner,2963,12.1,49.3,0,0,51.3,19.0,8.1,49.1,0.0
13981594,Roma,Evan Ferguson,save,corner,2962,6.2,59.6,0,0,52.2,19.0,0.59999999999999,52.0,0.0
13981594,Atalanta,Gianluca Scamacca,block,assisted,3091,9.5,59.1,0,0,50.7,19.0,8.4,57.9,0.0
13981594,Atalanta,Giorgio Scalvini,block,corner,2712,13.7,32.0,0,0,49.4,19.0,12.4,33.7,0.0
13981594,Atalanta,Charles De Ketelaere,block,regular,2496,13.8,57.0,0,0,51.2,19.0,9.9,54.7,0.0
13981594,Roma,Manu Koné,miss,regular,2319,19.2,52.5,0,0,46.6,91.7,,,
13981594,Atalanta,Gianluca Scamacca,miss,assisted,1622,21.5,47.2,0,0,39.7,18.1,,,
13981594,Atalanta,Nicola Zalewski,miss,fast-break,1166,8.9,52.8,0,0,59.7,8.3,,,
13981594,Atalanta,Éderson,block,fast-break,1163,23.5,50.6,0,0,52.6,19.0,21.8,50.4,0.0
13981594,Atalanta,Giorgio Scalvini,goal,corner,672,1.6,52.0,0,0,48.7,12.0,,,
13981594,Atalanta,Charles De Ketelaere,block,fast-break,447,18.8,48.3,0,0,51.0,19.0,16.8,48.4,0.0
13981594,Roma,Evan Ferguson,save,regular,400,17.8,35.9,0,0,47.0,19.0,3.8,49.3,0.0
13981594,Roma,Evan Ferguson,save,assisted,396,21.8,45.6,0,0,49.0,3.2,10.5,48.6,0.0
13981594,Roma,Paulo Dybala,block,assisted,20,11.6,66.4,0,0,51.2,19.0,10.1,64.1,0.0
13981592,Napoli,Scott McTominay,save,assisted,5485,20.0,69.5,0,0,49.0,3.2,1.2,52.0,0.0
13981592,Lazio,Mattéo Guendouzi,post,set-piece,5380,3.5,40.8,0,0,52.0,39.2,,,
13981592,Napoli,Scott McTominay,miss,fast-break,4777,25.6,45.4,0,0,60.3,1.4,,,
13981592,Napoli,Eljif Elmas,miss,assisted,4626,7.1,47.1,0,0,40.5,25.0,,,
13981592,Lazio,Gustav Isaksen,block,assisted,4525,10.2,69.5,0,0,47.9,19.0,9.0,67.5,0.0
13981592,Napoli,Leonardo Spinazzola,miss,regular,4334,16.4,30.7,0,0,68.9,40.3,,,
13981592,Lazio,Matteo Cancellieri,miss,assisted,3658,10.4,49.1,0,0,5.2,2.8,,,
13981592,Napoli,David Neres,block,assisted,3573,15.8,63.0,0,0,49.4,19.0,12.8,60.7,0.0
13981592,Napoli,Rasmus Højlund,miss,assisted,3158,12.1,27.3,0,0,57.1,13.9,,,
13981592,Napoli,Leonardo Spinazzola,miss,assisted,3111,7.6,41.8,0,0,39.7,15.3,3.3,52.2,0.0
13981592,Lazio,Matteo Cancellieri,miss,assisted,2867,10.7,56.2,0,0,98.0,9.7,8.9,50.4,0.0
13981592,Napoli,Scott McTominay,miss,assisted,2277,27.5,47.7,0,0,40.7,90.3,,,
13981592,Napoli,Eljif Elmas,post,assisted,2263,5.0,49.3,0,0,52.1,39.2,,,
13981592,Lazio,Matteo Cancellieri,block,assisted,2051,15.1,62.0,0,0,51.1,19.0,8.1,56.0,0.0
13981592,Napoli,Amir Rrahmani,goal,set-piece,1877,8.6,50.0,0,0,46.1,5.7,,,
13981592,Napoli,Leonardo Spinazzola,block,assisted,1490,5.9,29.5,0,0,46.0,19.0,5.5,31.0,0.0
13981592,Napoli,Juan Jesus,block,corner,991,3.6,45.4,0,0,51.8,19.0,2.8,46.0,0.0
13981592,Napoli,Leonardo Spinazzola,goal,assisted,779,9.9,41.1,0,0,51.9,9.5,,,
13981592,Napoli,Scott McTominay,miss,corner,338,4.3,52.6,0,0,39.5,16.7,,,
13981593,Hellas Verona,Amin Sarr,miss,fast-break,5682,21.2,68.7,0,0,59.0,63.9,,,
13981593,Torino,Alieu Njie,goal,fast-break,5431,20.4,65.6,0,0,51.0,26.6,,,
13981593,Torino,Cesare Casadei,goal,fast-break,5199,18.8,47.9,0,0,45.8,1.9,,,
13981593,Torino,Adrien Tameze,block,assisted,5084,13.2,42.1,0,0,52.2,19.0,11.6,42.8,0.0
13981593,Hellas Verona,Gift Orban,save,throw-in-set-piece,4805,23.1,27.0,0,0,51.1,8.9,1.4,48.9,0.0
13981593,Torino,Duván Zapata,miss,set-piece,4648,14.7,41.7,0,0,37.5,20.8,,,
13981593,Hellas Verona,Giovane,block,set-piece,4264,9.2,74.0,0,0,50.1,19.0,5.9,65.4,0.0
13981593,Torino,Gvidas Gineitis,miss,assisted,4166,22.5,64.4,0,0,60.5,5.6,,,
13981593,Hellas Verona,Daniel Mosquera,miss,assisted,4110,12.2,53.0,0,0,40.5,73.6,,,
13981593,Torino,Che Adams,block,fast-break,3415,15.3,37.8,0,0,48.0,19.0,13.6,39.4,0.0
13981593,Torino,Giovanni Simeone,block,fast-break,3410,19.2,65.6,0,0,50.1,19.0,16.0,63.0,0.0
13981593,Hellas Verona,Daniel Mosquera,block,regular,3272,11.3,73.4,0,0,50.5,19.0,10.5,71.8,0.0
13981593,Hellas Verona,Giovane,save,regular,2879,24.6,44.6,0,0,51.4,3.8,1.9,49.3,0.0
13981593,Torino,Nikola Vlašić,miss,corner,2874,22.6,57.3,0,0,46.1,98.6,,,
13981593,Torino,Emirhan İlkhan,block,corner,2759,23.1,39.1,0,0,49.4,19.0,12.8,44.2,0.0
13981593,Torino,Giovanni Simeone,save,assisted,2631,25.9,44.2,0,0,50.3,1.9,1.5,49.6,0.0
13981593,Torino,Zakaria Aboukhlal,block,assisted,2523,9.2,29.9,0,0,53.5,19.0,8.1,32.0,0.0
13981593,Torino,Nikola Vlašić,block,corner,1202,17.0,66.2,0,0,49.2,19.0,13.0,62.6,0.0
13981593,Torino,Valentino Lazaro,save,fast-break,1159,23.4,66.9,0,0,52.0,29.1,2.4,52.0,0.0
13981593,Torino,Che Adams,block,fast-break,1156,13.6,65.2,0,0,49.6,19.0,11.9,63.4,0.0
13981593,Torino,Nikola Vlašić,miss,assisted,987,21.3,33.3,0,0,60.5,73.6,,,
13981593,Torino,Giovanni Simeone,goal,regular,590,13.5,47.4,0,0,46.1,2.5,,,
13981593,Hellas Verona,Giovane,save,assisted,386,26.0,46.2,0,0,49.5,4.4,1.5,49.6,0.0
13981593,Torino,Zakaria Aboukhlal,miss,assisted,329,9.2,55.4,0,0,36.0,20.8,,,
13981593,Torino,Guillermo Maripán,block,corner,203,9.5,49.5,0,0,48.3,19.0,4.2,50.7,0.0
13981593,Torino,Nikola Vlašić,block,corner,200,12.9,63.8,0,0,48.6,19.0,12.1,63.0,0.0
13981593,Torino,Zakaria Aboukhlal,miss,throw-in-set-piece,82,25.3,43.6,0,0,71.8,51.4,,,
13981593,Torino,Che Adams,miss,regular,10,19.1,29.5,0,0,37.0,9.7,,,
13981604,Lecce,Nikola Štulić,block,assisted,5522,22.2,52.4,0,0,53.3,19.0,20.6,52.0,0.0
13981604,Roma,Artem Dovbyk,goal,corner,4244,4.6,49.8,0,0,48.2,0.6,,,
13981604,Roma,Niccolò Pisilli,miss,corner,4242,11.0,68.5,0,0,61.8,6.9,4.7,50.9,0.0
13981604,Roma,Bryan Cristante,miss,assisted,4081,19.7,41.5,0,0,51.4,81.9,,,
13981604,Lecce,Konan N'Dri,save,assisted,3988,22.0,44.2,0,0,48.4,5.1,2.5,49.8,0.0
13981604,Lecce,Nikola Štulić,block,assisted,3955,11.8,72.1,0,0,47.1,19.0,10.2,69.5,0.0
13981604,Roma,Paulo Dybala,miss,throw-in-set-piece,3624,8.1,50.2,0,0,52.6,84.7,,,
13981604,Roma,Wesley,miss,throw-in-set-piece,3621,18.5,70.7,0,0,66.9,13.9,4.6,49.3,0.0
13981604,Lecce,Santiago Pierotti,miss,assisted,3485,9.6,47.6,0,0,69.4,8.3,,,
13981604,Roma,Evan Ferguson,save,regular,2467,7.3,41.9,0,0,52.6,3.2,1.0,47.7,0.0
13981604,Roma,Stephan El Shaarawy,block,assisted,2188,14.8,38.9,0,0,53.0,19.0,13.3,39.7,0.0
13981604,Lecce,Lameck Banda,block,fast-break,1496,21.2,61.4,0,0,48.2,19.0,19.2,60.5,0.0
13981604,Roma,Bryan Cristante,miss,assisted,928,22.5,34.9,0,0,51.9,88.9,,,
13981604,Roma,Evan Ferguson,goal,regular,817,14.7,54.8,0,0,52.4,1.3,,,
13981604,Lecce,Ylber Ramadani,block,set-piece,536,23.8,46.7,0,0,52.5,19.0,11.9,47.1,0.0
13981604,Roma,Paulo Dybala,block,free-kick,349,22.1,52.0,0,0,49.0,19.0,13.4,51.6,0.0
13981601,Atalanta,Marco Brescianini,save,regular,5646,24.4,44.0,0,0,49.3,1.3,5.5,48.2,0.0
13981601,Bologna,Nikola Moro,miss,corner,4886,21.6,47.0,0,0,42.0,5.6,6.0,54.5,0.0
13981601,Bologna,Jonathan Rowe,save,fast-break,4161,8.1,59.7,0,0,46.7,3.2,2.7,54.3,0.0
13981601,Atalanta,Nikola Krstović,miss,fast-break,3867,60.9,53.9,0,0,66.2,2.8,2.0,35.4,0.0
13981601,Atalanta,Charles De Ketelaere,save,assisted,3733,17.5,70.5,0,0,52.7,17.7,2.0,52.7,0.0
13981601,Atalanta,Nikola Krstović,goal,assisted,3570,15.1,53.0,0,0,51.9,4.4,,,
13981601,Bologna,Thijs Dallinga,block,corner,3510,11.2,58.1,0,0,50.4,19.0,9.8,57.0,0.0
13981601,Bologna,Giovanni Fabbian,miss,corner,3508,8.0,48.4,0,0,40.0,12.5,2.8,56.1,0.0
13981601,Bologna,Torbjørn Heggem,block,corner,3476,4.6,45.8,0,0,48.8,19.0,4.1,46.4,0.0
13981601,Bologna,Nicolò Cambiaghi,block,assisted,3444,6.0,31.7,0,0,51.4,19.0,5.5,33.0,0.0
13981601,Bologna,Jonathan Rowe,save,assisted,2800,15.4,32.5,0,0,52.8,7.0,0.7,47.7,0.0
13981601,Atalanta,Honest Ahanor,save,corner,2696,3.0,39.9,0,0,52.6,27.8,0.3,47.5,0.0
13981601,Bologna,Nicolò Cambiaghi,miss,assisted,2577,12.6,31.2,0,0,57.5,80.6,,,
13981601,Bologna,Martin Vitík,block,set-piece,2386,18.0,48.7,0,0,50.0,19.0,17.0,48.8,0.0
13981601,Bologna,Thijs Dallinga,miss,set-piece,2383,11.1,44.0,0,0,11.3,13.9,9.8,51.6,0.0
13981601,Atalanta,Nikola Krstović,goal,fast-break,2197,11.5,47.5,0,0,52.5,3.8,,,
13981601,Atalanta,Honest Ahanor,miss,corner,2048,6.8,53.8,0,0,49.9,50.0,,,
13981601,Bologna,Thijs Dallinga,post,fast-break,1008,6.1,47.0,0,0,52.0,40.5,,,
13981601,Atalanta,Charles De Ketelaere,block,throw-in-set-piece,981,13.6,49.8,0,0,48.2,19.0,11.0,50.2,0.0
13981601,Atalanta,Davide Zappacosta,block,regular,379,9.0,67.7,0,0,48.8,19.0,6.8,63.7,0.0
13981601,Atalanta,Éderson,miss,assisted,210,14.0,54.6,0,0,42.5,8.3,,,
13981601,Atalanta,Nikola Krstović,miss,assisted,15,21.2,75.4,0,0,63.0,8.3,,,
13981609,Como,Anastasios Douvikas,goal,penalty,5736,11.5,50.0,0,0,52.7,14.6,,,
13981609,Pisa,M'Bala Nzola,save,penalty,5042,11.5,50.0,0,0,51.6,16.5,0.59999999999999,50.0,0.0
13981609,Como,Nico Paz,miss,assisted,4628,20.0,53.4,0,0,54.3,68.1,,,
13981609,Como,Anastasios Douvikas,goal,fast-break,4517,7.7,59.9,0,0,52.6,3.8,,,
13981609,Como,Jesús Rodriguez,miss,assisted,4442,7.0,37.4,0,0,31.3,8.3,1.5,70.6,0.0
13981609,Pisa,Samuele Angori,save,assisted,4349,21.2,44.0,0,0,48.4,19.6,2.2,49.5,0.0
13981609,Como,Máximo Perrone,goal,assisted,4076,20.7,55.2,0,0,48.4,5.7,,,
13981609,Como,Anastasios Douvikas,miss,assisted,3916,8.6,42.8,0,0,63.5,11.1,,,
13981609,Pisa,Francesco Coppola,block,assisted,3893,14.8,68.5,0,0,50.1,19.0,9.6,59.6,0.0
13981609,Pisa,Gabriele Piccinini,block,assisted,3730,14.4,63.4,0,0,52.0,19.0,11.0,59.7,0.0
13981609,Como,Nico Paz,save,assisted,3573,23.2,69.9,0,0,49.0,15.8,1.1,51.3,0.0
13981609,Como,Lucas Da Cunha,miss,regular,3494,24.1,46.6,0,0,40.3,1.4,,,
13981609,Como,Jacobo Ramón,save,corner,3194,8.3,46.5,0,0,47.7,17.1,1.4,49.1,0.0
13981609,Pisa,Gabriele Piccinini,save,assisted,3045,2.7,35.4,0,0,49.9,19.0,0.59999999999999,44.6,0.0
13981609,Pisa,Samuele Angori,miss,fast-break,2799,13.6,53.1,0,0,47.9,84.7,,,
13981609,Pisa,Gabriele Piccinini,save,fast-break,2795,9.8,72.8,0,0,52.3,19.6,1.6,54.7,0.0
13981609,Como,Marc-Oliver Kempf,miss,set-piece,2756,7.6,58.3,0,0,39.7,20.8,,,
13981609,Pisa,M'Bala Nzola,miss,assisted,2450,15.0,51.2,0,0,73.8,13.9,,,
13981609,Como,Nico Paz,miss,regular,1806,13.5,71.8,0,0,38.3,27.8,,,
13981609,Como,Nicolas-Gerrit Kühn,block,assisted,1804,12.0,62.2,0,0,48.7,19.0,11.2,61.0,0.0
13981609,Como,Nico Paz,save,fast-break,1798,10.7,71.8,0,0,47.9,5.1,1.0,52.2,0.0
13981609,Pisa,Matteo Tramoni,miss,fast-break,1163,15.3,42.2,0,0,42.5,4.2,,,
13981609,Pisa,M'Bala Nzola,block,regular,941,24.3,42.7,0,0,47.4,19.0,21.9,43.7,0.0
13981609,Como,Jesús Rodriguez,miss,corner,551,22.5,52.1,0,0,68.4,18.1,10.6,46.2,0.0
13981609,Como,Nico Paz,save,corner,184,15.6,44.0,0,0,50.3,19.0,1.9,50.5,0.0
13981607,Hellas Verona,Giovane,miss,fast-break,5671,52.1,52.8,0,0,59.7,52.8,,,
13981607,Hellas Verona,Giovane,miss,fast-break,5563,21.9,69.1,0,0,43.2,34.7,,,
13981607,Napoli,Stanislav Lobotka,block,regular,5205,14.0,65.9,0,0,52.3,19.0,11.6,62.8,0.0
13981607,Napoli,Matteo Politano,miss,assisted,4949,25.4,58.1,0,0,68.1,95.8,,,
13981607,Napoli,Giovanni Di Lorenzo,goal,assisted,4876,11.4,60.9,0,0,47.1,8.2,,,
13981607,Napoli,Lorenzo Lucca,block,assisted,4777,11.2,30.3,0,0,48.6,19.0,9.9,32.7,0.0
13981607,Hellas Verona,Gift Orban,miss,assisted,4614,28.5,64.2,0,0,40.5,87.5,,,
13981607,Napoli,Noa Lang,miss,regular,4109,23.3,71.4,0,0,62.7,4.2,,,
13981607,Napoli,Leonardo Spinazzola,miss,assisted,3925,11.7,25.5,0,0,52.4,52.8,,,
13981607,Hellas Verona,Antoine Bernede,block,throw-in-set-piece,3847,24.1,54.4,0,0,51.4,19.0,17.9,52.9,0.0
13981607,Hellas Verona,Roberto Gagliardini,miss,regular,3779,27.2,51.9,0,0,47.9,86.1,,,
13981607,Napoli,Rasmus Højlund,miss,assisted,3452,12.8,43.4,0,0,38.5,34.7,,,
13981607,Hellas Verona,Unai Núñez,save,assisted,3424,28.7,65.4,0,0,53.2,2.5,1.9,51.6,0.0
13981607,Hellas Verona,Antoine Bernede,block,assisted,3368,30.1,48.8,0,0,48.7,19.0,22.3,49.5,0.0
13981607,Napoli,Noa Lang,block,assisted,3316,19.4,31.9,0,0,47.6,20.8,15.5,34.8,0.0
13981607,Napoli,Scott McTominay,goal,corner,3185,7.6,48.4,0,0,53.9,9.5,,,
13981607,Napoli,Noa Lang,save,assisted,3157,19.5,55.6,0,0,52.3,7.0,1.6,51.3,0.0
13981607,Napoli,Giovanni Di Lorenzo,miss,corner,3000,7.1,38.9,0,0,41.5,26.4,3.2,47.8,0.0
13981607,Napoli,Scott McTominay,block,assisted,2486,13.8,51.0,0,0,49.3,19.0,8.6,50.9,0.0
13981607,Napoli,Rasmus Højlund,miss,assisted,1996,5.1,48.8,0,0,55.8,58.3,,,
13981607,Hellas Verona,Gift Orban,goal,penalty,1619,11.5,50.0,0,0,53.9,7.0,,,
13981607,Hellas Verona,Gift Orban,miss,assisted,1221,21.6,38.9,0,0,43.0,22.2,,,
13981607,Hellas Verona,Martin Frese,goal,assisted,956,2.4,52.4,0,0,49.1,9.5,,,
13981607,Hellas Verona,Gift Orban,save,assisted,848,25.3,60.3,0,0,46.4,13.9,1.9,50.7,0.0
13981607,Napoli,Eljif Elmas,save,assisted,448,6.0,69.8,0,0,46.4,7.6,0.7,53.6,0.0
13981607,Napoli,Giovanni Di Lorenzo,block,set-piece,319,10.5,55.8,0,0,52.2,19.0,9.3,54.9,0.0
14844437,Genoa,Nicolae Stanciu,miss,penalty,5911,11.5,50.0,0,0,50.8,56.9,,,
14844437,Milan,Strahinja Pavlović,miss,throw-in-set-piece,5645,8.8,43.2,0,0,60.8,12.5,,,
14844437,Milan,Niclas Füllkrug,block,throw-in-set-piece,5643,4.9,45.8,0,0,48.8,19.0,2.3,48.7,0.0
14844437,Milan,Rafael Leão,goal,corner,5480,8.2,53.4,0,0,54.2,8.9,,,
14844437,Milan,Christian Pulišić,block,assisted,5457,11.7,63.0,0,0,49.0,19.0,10.4,61.7,0.0
14844437,Milan,Rafael Leão,block,assisted,5226,11.9,55.2,0,0,48.8,19.0,10.7,54.8,0.0
14844437,Milan,Niclas Füllkrug,block,assisted,5224,14.9,55.0,0,0,48.9,19.0,13.5,54.6,0.0
14844437,Milan,Christian Pulišić,save,assisted,5197,8.4,59.8,0,0,50.3,20.3,1.6,52.0,0.0
14844437,Milan,Rafael Leão,save,assisted,5133,3.2,57.7,0,0,48.9,19.0,0.3,52.3,0.0
14844437,Milan,Christian Pulišić,block,corner,5063,14.5,48.5,0,0,51.3,12.5,7.5,48.7,0.0
14844437,Milan,Adrien Rabiot,block,corner,5061,13.5,61.3,0,0,48.9,19.0,9.4,58.2,0.0
14844437,Genoa,Lorenzo Colombo,miss,assisted,4899,10.8,56.0,0,0,42.0,33.3,,,
14844437,Milan,Zachary Athekame,save,corner,4681,26.9,44.0,0,0,51.3,6.3,1.4,49.8,0.0
14844437,Milan,Christian Pulišić,save,assisted,4544,9.4,47.7,0,0,48.7,15.2,0.90000000000001,48.9,0.0
14844437,Milan,Davide Bartesaghi,miss,assisted,3847,9.2,30.9,0,0,34.1,6.9,0.90000000000001,61.7,0.0
14844437,Milan,Christian Pulišić,miss,assisted,3751,22.9,36.6,0,0,42.4,87.5,,,
14844437,Milan,Matteo Gabbia,post,corner,3451,3.6,58.5,0,0,55.2,17.7,,,
14844437,Milan,Adrien Rabiot,miss,assisted,3421,9.1,26.6,0,0,13.6,1.4,6.6,48.7,0.0
14844437,Milan,Luka Modrić,block,corner,3317,12.3,69.1,0,0,49.3,19.0,9.8,65.4,0.0
14844437,Milan,Ruben Loftus-Cheek,block,assisted,3157,14.7,59.7,0,0,49.8,19.0,13.5,59.0,0.0
14844437,Milan,Rafael Leão,block,assisted,3126,19.5,43.7,0,0,50.8,19.0,17.8,44.2,0.0
14844437,Milan,Christian Pulišić,block,assisted,2726,14.2,64.4,0,0,53.1,19.0,9.7,58.8,0.0
14844437,Milan,Rafael Leão,save,assisted,2433,13.0,52.6,0,0,49.1,17.1,1.0,50.2,0.0
14844437,Genoa,Aarón Martín,miss,assisted,2191,18.4,31.7,0,0,57.3,79.2,,,
14844437,Milan,Rafael Leão,save,regular,2107,3.2,44.7,0,0,51.7,22.2,0.90000000000001,47.1,0.0
14844437,Milan,Christian Pulišić,miss,regular,1970,8.0,45.2,0,0,58.3,81.9,,,
14844437,Milan,Christian Pulišić,block,assisted,1903,18.8,38.9,0,0,49.7,19.0,17.5,39.7,0.0
14844437,Milan,Matteo Gabbia,miss,corner,1803,13.2,52.1,0,0,60.8,31.9,,,
14844437,Genoa,Lorenzo Colombo,goal,assisted,1675,7.3,50.2,0,0,51.9,3.8,,,
14844437,Milan,Alexis Saelemaekers,block,assisted,1423,20.2,51.3,0,0,50.8,19.0,17.7,51.0,0.0
14844437,Genoa,Lorenzo Colombo,save,set-piece,1343,13.1,56.8,0,0,52.5,23.4,1.2,50.7,0.0
14844437,Milan,Youssouf Fofana,block,assisted,1213,25.0,69.5,0,0,49.6,19.0,13.4,60.7,0.0
14844437,Milan,Rafael Leão,block,fast-break,1205,15.6,36.0,0,0,50.4,19.0,12.5,38.7,0.0
14844437,Genoa,Vitinha,block,assisted,1050,4.3,39.5,0,0,51.4,19.0,3.6,41.0,0.0
14844437,Milan,Strahinja Pavlović,block,free-kick,941,24.2,55.5,0,0,48.6,19.0,14.2,53.8,0.0
14844437,Genoa,Vitinha,block,assisted,568,19.3,49.5,0,0,50.5,19.0,15.6,49.5,0.0
14844437,Milan,Strahinja Pavlović,miss,assisted,509,8.3,47.2,0,0,47.4,55.6,,,
14844437,Milan,Matteo Gabbia,save,corner,372,5.4,46.0,0,0,52.6,36.7,0.59999999999999,48.0,0.0
14844437,Milan,Strahinja Pavlović,miss,corner,297,8.3,50.3,0,0,61.2,11.1,4.9,45.5,0.0
14844436,Cremonese,Jari Vandeputte,miss,assisted,5683,12.3,38.5,0,0,43.0,5.6,,,
14844436,Cagliari,Yael Trepy,goal,assisted,5236,15.5,46.0,0,0,53.0,10.1,,,
14844436,Cagliari,Luca Mazzitelli,miss,assisted,5143,5.5,42.2,0,0,59.5,16.7,,,
14844436,Cagliari,Luca Mazzitelli,save,assisted,5133,10.2,49.1,0,0,48.0,5.7,1.0,51.1,0.0
14844436,Cremonese,Federico Bonazzoli,miss,regular,5044,19.7,69.2,0,0,66.1,2.8,8.8,51.1,0.0
14844436,Cagliari,Gabriele Zappa,miss,assisted,4964,23.7,63.5,0,0,38.0,55.6,,,
14844436,Cremonese,Alessio Zerbin,save,assisted,4708,27.6,54.7,0,0,52.8,5.7,6.8,51.4,0.0
14844436,Cagliari,Gabriele Zappa,miss,assisted,4662,15.5,70.3,0,0,41.5,19.4,,,
14844436,Cagliari,Gennaro Borrelli,miss,assisted,4194,6.7,45.8,0,0,52.4,56.9,,,
14844436,Cremonese,Romano Floriani Mussolini,miss,set-piece,3814,17.7,45.0,0,0,38.3,88.9,,,
14844436,Cremonese,Martín Payero,block,set-piece,3812,17.7,58.8,0,0,54.5,19.0,16.6,57.9,0.0
14844436,Cremonese,Jamie Vardy,block,set-piece,3806,15.3,49.8,0,0,51.7,19.0,13.7,49.6,0.0
14844436,Cremonese,Jamie Vardy,miss,fast-break,3749,3.9,40.3,0,0,57.8,36.1,,,
14844436,Cagliari,Sebastiano Esposito,miss,assisted,3503,9.1,43.4,0,0,17.5,47.2,,,
14844436,Cagliari,Luca Mazzitelli,block,corner,3410,4.5,41.5,0,0,53.1,19.0,3.6,42.6,0.0
14844436,Cagliari,Marco Palestra,block,assisted,3385,12.6,56.5,0,0,50.5,19.0,11.0,55.6,0.0
14844436,Cagliari,Zito Luvumbo,miss,assisted,3290,21.9,72.3,0,0,59.2,9.7,,,
14844436,Cagliari,Michel Adopo,goal,assisted,3012,17.2,48.0,0,0,46.1,2.5,,,
14844436,Cremonese,Dennis Johnsen,save,fast-break,2833,16.0,43.3,0,0,51.3,5.1,2.4,49.3,0.0
14844436,Cagliari,Gianluca Gaetano,miss,assisted,2721,20.6,57.7,0,0,58.2,16.7,,,
14844436,Cagliari,Michel Adopo,block,assisted,2643,26.0,45.0,0,0,51.7,19.0,22.1,45.5,0.0
14844436,Cagliari,Juan Rodríguez,save,set-piece,2583,6.4,50.3,0,0,51.6,15.2,3.2,49.3,0.0
14844436,Cagliari,Gennaro Borrelli,block,assisted,2420,11.0,44.4,0,0,49.9,19.0,8.9,45.5,0.0
14844436,Cagliari,Gennaro Borrelli,block,assisted,2417,22.3,53.8,0,0,49.4,19.0,18.5,53.2,0.0
14844436,Cagliari,Zito Luvumbo,miss,assisted,2167,22.3,62.6,0,0,58.0,18.1,,,
14844436,Cagliari,Zito Luvumbo,save,assisted,1843,17.4,71.8,0,0,52.2,12.7,0.90000000000001,52.0,0.0
14844436,Cremonese,Jamie Vardy,goal,fast-break,1711,7.7,59.5,0,0,47.8,2.5,,,
14844436,Cagliari,Gabriele Zappa,block,assisted,1641,9.8,47.9,0,0,50.5,19.0,8.0,48.2,0.0
14844436,Cremonese,Jamie Vardy,save,assisted,1075,10.4,72.6,0,0,53.7,19.0,2.3,55.2,0.0
14844436,Cagliari,Gennaro Borrelli,miss,corner,929,9.1,55.8,0,0,39.0,80.6,,,
14844436,Cremonese,Federico Baschirotto,miss,corner,579,7.5,50.8,0,0,51.1,79.2,,,
14844436,Cremonese,Dennis Johnsen,goal,assisted,234,8.4,50.2,0,0,47.7,1.9,,,
14844436,Cagliari,Zito Luvumbo,block,assisted,167,13.3,61.8,0,0,51.6,19.0,11.6,60.1,0.0
13981610,Inter,Marcus Thuram,goal,fast-break,5826,14.4,58.1,0,0,47.3,11.4,,,
13981610,Parma,Patrick Cutrone,miss,regular,5488,16.3,52.8,0,0,50.3,94.4,,,
13981610,Inter,Lautaro Martínez,save,fast-break,4946,24.6,37.8,0,0,49.9,1.3,3.3,48.9,0.0
13981610,Inter,Petar Sučić,miss,assisted,4041,10.4,55.5,0,0,43.2,13.9,,,
13981610,Inter,Francesco Pio Esposito,miss,fast-break,3851,11.7,54.8,0,0,50.9,68.1,,,
13981610,Inter,Henrikh Mkhitaryan,save,regular,3818,22.9,47.4,0,0,49.6,5.7,3.3,50.2,0.0
13981610,Inter,Yann Bisseck,block,corner,3678,6.0,51.7,0,0,48.2,19.0,5.5,51.7,0.0
13981610,Inter,Lautaro Martínez,miss,assisted,3365,10.1,51.7,0,0,80.2,25.0,2.0,31.8,0.0
13981610,Inter,Petar Sučić,save,assisted,3182,14.1,61.8,0,0,52.6,12.7,1.8,52.9,0.0
13981610,Parma,Enrico Delprato,miss,set-piece,3024,8.0,42.3,0,0,47.2,62.5,,,
13981610,Parma,Adrián Bernabé,block,assisted,2723,26.0,70.1,0,0,46.6,19.0,24.2,69.0,0.0
13981610,Inter,Federico Dimarco,goal,regular,2485,4.3,33.4,0,0,51.0,2.5,,,
13981610,Inter,Lautaro Martínez,save,regular,2424,13.2,45.8,0,0,49.2,3.2,2.0,48.9,0.0
13981610,Inter,Henrikh Mkhitaryan,miss,assisted,2301,11.4,51.5,0,0,50.6,56.9,5.0,50.2,0.0
13981610,Inter,Hakan Çalhanoğlu,miss,regular,2226,20.9,61.3,0,0,60.7,18.1,,,
13981610,Inter,Hakan Çalhanoğlu,block,assisted,1938,9.9,42.3,0,0,50.4,19.0,8.5,43.3,0.0
13981610,Inter,Francesco Pio Esposito,post,throw-in-set-piece,1887,9.2,52.3,0,0,50.4,39.9,,,
13981610,Parma,Jacob Ondrejka,post,assisted,1737,9.4,54.0,0,0,44.6,38.6,,,
13981610,Inter,Hakan Çalhanoğlu,miss,assisted,1699,28.4,38.0,0,0,42.0,72.2,,,
13981610,Inter,Henrikh Mkhitaryan,block,assisted,1674,18.7,29.5,0,0,49.8,19.0,7.1,43.0,0.0
13981610,Inter,Hakan Çalhanoğlu,block,assisted,1247,23.5,39.1,0,0,50.1,19.0,22.3,39.9,0.0
13981610,Inter,Lautaro Martínez,miss,fast-break,996,5.5,47.2,0,0,50.1,75.0,,,
13981610,Inter,Yann Bisseck,miss,corner,853,10.7,56.3,0,0,31.4,13.9,,,
13981610,Inter,Henrikh Mkhitaryan,miss,corner,852,24.1,44.0,0,0,38.3,19.4,10.1,53.8,0.0
13981610,Inter,Yann Bisseck,save,assisted,788,20.6,62.7,0,0,52.2,25.3,2.7,51.6,0.0
13981610,Inter,Francesco Pio Esposito,save,assisted,646,13.0,51.3,0,0,51.0,24.1,2.2,49.8,0.0
13981610,Inter,Hakan Çalhanoğlu,block,assisted,460,32.7,54.2,0,0,49.6,19.0,15.7,52.2,0.0
13981610,Inter,Francesco Pio Esposito,block,assisted,429,7.6,44.8,0,0,51.2,19.0,6.3,45.5,0.0
13981610,Inter,Francesco Pio Esposito,miss,assisted,332,14.2,49.7,0,0,36.5,23.6,,,
13981610,Inter,Lautaro Martínez,block,fast-break,308,20.9,41.1,0,0,49.4,19.0,17.6,42.6,0.0
13981611,Udinese,Arthur Atta,block,fast-break,5597,16.6,44.6,0,0,50.7,19.0,15.0,45.1,0.0
13981611,Torino,Nikola Vlašić,miss,assisted,5543,18.4,51.2,0,0,61.7,52.8,,,
13981611,Torino,Che Adams,miss,assisted,5380,3.5,56.0,0,0,49.9,86.1,,,
13981611,Torino,Cesare Casadei,goal,assisted,5173,8.4,46.2,0,0,52.2,4.4,,,
13981611,Udinese,Jürgen Ekkelenkamp,goal,fast-break,4868,1.2,53.8,0,0,47.8,3.2,,,
13981611,Torino,Che Adams,block,assisted,4695,14.1,70.9,0,0,52.5,19.0,12.4,68.1,0.0
13981611,Torino,Cyril Ngonge,save,assisted,4543,2.5,67.6,0,0,52.4,17.1,0.90000000000001,56.1,0.0
13981611,Udinese,Keinan Davis,block,fast-break,4325,13.8,50.1,0,0,49.6,19.0,11.5,50.1,0.0
13981611,Torino,Nikola Vlašić,miss,assisted,3449,17.2,37.4,0,0,60.7,6.9,,,
13981611,Udinese,Keinan Davis,miss,corner,3365,3.0,40.9,0,0,30.1,19.4,2.0,48.2,0.0
13981611,Udinese,Keinan Davis,save,fast-break,3321,7.7,63.4,0,0,46.8,12.0,2.4,56.1,0.0
13981611,Udinese,Nicolò Zaniolo,goal,assisted,2977,11.1,46.2,0,0,49.9,13.9,,,
13981611,Udinese,Nicolò Zaniolo,save,assisted,2252,11.7,55.1,0,0,49.3,7.6,3.1,50.7,0.0
13981611,Torino,Zakaria Aboukhlal,miss,regular,2189,20.3,38.3,0,0,42.7,12.5,,,
13981611,Torino,Giovanni Simeone,save,assisted,1986,13.5,44.0,0,0,51.6,19.0,1.6,48.9,0.0
13981611,Torino,Cesare Casadei,miss,assisted,1641,9.2,49.3,0,0,50.6,55.6,,,
13981611,Udinese,Jürgen Ekkelenkamp,miss,corner,1503,12.1,63.9,0,0,62.5,63.9,,,
13981611,Udinese,Nicolò Zaniolo,miss,assisted,1336,16.1,50.5,0,0,58.3,16.7,,,
13981611,Torino,Cesare Casadei,save,assisted,1244,7.4,47.2,0,0,46.8,4.4,1.6,49.5,0.0
13981605,Lazio,Pedro,goal,penalty,5682,11.5,50.0,0,0,53.6,5.7,,,
13981605,Lazio,Pedro,block,corner,5527,13.9,54.5,0,0,49.2,19.0,10.6,53.6,0.0
13981605,Fiorentina,Albert Guðmundsson,goal,penalty,5310,11.5,50.0,0,0,54.4,27.8,,,
13981605,Fiorentina,Moise Kean,block,assisted,4869,18.9,49.9,0,0,50.5,19.0,15.1,49.8,0.0
13981605,Fiorentina,Moise Kean,miss,set-piece,4849,12.4,59.4,0,0,67.1,1.4,,,
13981605,Lazio,Pedro,save,assisted,4657,18.7,78.5,0,0,49.7,11.4,2.0,53.8,0.0
13981605,Fiorentina,Albert Guðmundsson,save,assisted,4447,20.0,51.7,0,0,53.6,12.7,1.6,49.8,0.0
13981605,Lazio,Danilo Cataldi,block,set-piece,4383,20.7,34.2,0,0,49.8,19.0,8.0,44.0,0.0
13981605,Lazio,Alessio Romagnoli,save,set-piece,4377,2.7,45.0,0,0,49.1,4.4,0.3,46.9,0.0
13981605,Lazio,Mario Gila Fuentes,save,set-piece,4375,8.3,46.6,0,0,53.2,10.8,1.0,48.9,0.0
13981605,Fiorentina,Fabiano Parisi,save,regular,3505,11.2,74.4,0,0,46.1,2.5,0.7,52.2,0.0
13981605,Fiorentina,Robin Gosens,goal,assisted,3310,9.2,36.8,0,0,46.4,7.6,,,
13981605,Lazio,Danilo Cataldi,goal,assisted,3076,8.5,43.8,0,0,48.2,15.8,,,
13981605,Fiorentina,Albert Guðmundsson,save,assisted,2850,9.3,38.7,0,0,53.8,1.9,1.1,46.9,0.0
13981605,Fiorentina,Rolando Mandragora,block,assisted,2756,14.8,34.8,0,0,50.2,19.0,13.2,36.3,0.0
13981605,Lazio,Gustav Isaksen,miss,corner,2824,22.2,63.9,0,0,53.1,98.6,,,
13981605,Lazio,Matteo Cancellieri,miss,assisted,2339,9.1,25.0,0,0,59.5,61.1,,,
13981605,Lazio,Gustav Isaksen,save,assisted,1958,28.7,71.1,0,0,49.5,5.7,1.6,51.4,0.0
13981605,Lazio,Alessio Romagnoli,save,corner,1057,7.5,48.3,0,0,52.8,19.0,1.6,47.5,0.0
13981605,Lazio,Mattia Zaccagni,block,assisted,1006,9.5,37.2,0,0,53.2,19.0,7.7,39.0,0.0
13981605,Lazio,Luca Pellegrini,save,assisted,999,5.0,31.5,0,0,45.7,12.7,1.2,46.2,0.0
13981605,Lazio,Mario Gila Fuentes,block,corner,974,7.3,52.2,0,0,52.7,19.0,0.90000000000001,47.8,0.0
13981605,Lazio,Mario Gila Fuentes,block,corner,973,10.6,56.3,0,0,46.9,2.8,0.5,53.2,0.0
13981605,Lazio,Toma Bašić,save,assisted,801,7.3,66.6,0,0,50.0,5.1,1.5,54.9,0.0
13981605,Lazio,Matteo Cancellieri,block,assisted,262,17.3,66.2,0,0,50.0,19.0,12.9,62.1,0.0
13981608,Juventus,João Mário,block,assisted,5232,9.8,64.6,0,0,49.0,19.0,7.5,61.4,0.0
13981608,Sassuolo,Andrea Pinamonti,miss,corner,5114,4.9,33.7,0,0,58.0,58.3,,,
13981608,Sassuolo,Luca Lipani,save,corner,5006,19.1,61.6,0,0,46.4,13.3,1.1,52.7,0.0
13981608,Sassuolo,Nicholas Pierini,save,free-kick,4987,29.2,65.2,0,0,46.4,13.9,1.5,50.9,0.0
13981608,Juventus,Kenan Yıldız,save,assisted,3955,13.9,32.5,0,0,50.0,16.5,1.2,46.7,0.0
13981608,Juventus,Jonathan David,miss,throw-in-set-piece,3916,10.2,54.0,0,0,54.1,68.1,,,
13981608,Juventus,Jonathan David,goal,fast-break,3779,9.2,54.2,0,0,48.4,0.6,,,
13981608,Juventus,Fabio Miretti,goal,assisted,3669,12.5,58.7,0,0,52.8,18.4,,,
13981608,Juventus,Fabio Miretti,miss,assisted,3502,9.9,46.8,0,0,47.7,81.9,,,
13981608,Juventus,Khéphren Thuram,save,assisted,3107,9.0,32.8,0,0,53.4,13.9,1.9,44.0,0.0
13981608,Juventus,Manuel Locatelli,miss,assisted,2831,34.3,46.0,0,0,41.0,52.8,,,
13981608,Juventus,Kenan Yıldız,save,assisted,2376,13.4,30.4,0,0,49.7,19.0,1.0,48.9,0.0
13981608,Juventus,Manuel Locatelli,miss,assisted,2039,18.7,48.9,0,0,37.0,66.7,,,
13981608,Juventus,Kenan Yıldız,save,assisted,1815,16.9,44.8,0,0,48.1,24.7,3.7,49.6,0.0
13981608,Juventus,Kenan Yıldız,save,assisted,1730,12.8,62.0,0,0,47.0,27.2,2.0,54.7,0.0
13981608,Juventus,Jonathan David,save,assisted,1388,9.2,71.4,0,0,47.5,17.1,1.6,54.9,0.0
13981608,Juventus,Tarik Muharemović,goal,regular,914,12.0,64.4,0,0,50.1,8.2,,,
13981608,Juventus,Kenan Yıldız,miss,regular,840,19.2,31.9,0,0,32.9,38.9,,,
13981608,Juventus,Khéphren Thuram,save,assisted,695,17.8,35.6,0,0,53.3,9.5,1.4,46.9,0.0
13981608,Sassuolo,Edoardo Iannoni,miss,assisted,649,23.8,59.1,0,0,42.0,76.4,,,
13981608,Juventus,Andrea Cambiaso,miss,regular,524,2.7,32.3,0,0,57.8,11.1,,,
13981608,Juventus,Kenan Yıldız,save,regular,522,11.4,31.8,0,0,52.9,4.4,1.6,47.3,0.0
13981608,Sassuolo,Kristian Thorstvedt,miss,assisted,206,19.1,49.6,0,0,61.8,9.7,,,
13981608,Sassuolo,Sebastian Walukiewicz,miss,corner,87,10.0,49.1,0,0,50.1,68.1,,,
13981618,Inter,Henrikh Mkhitaryan,block,assisted,5545,12.5,32.1,0,0,49.2,19.0,9.9,35.9,0.0
13981618,Napoli,Scott McTominay,goal,assisted,4843,6.6,46.6,0,0,48.7,12.7,,,
13981618,Inter,Hakan Çalhanoğlu,goal,penalty,4323,11.5,50.0,0,0,45.7,14.6,,,
13981618,Inter,Hakan Çalhanoğlu,block,assisted,3941,22.4,71.5,0,0,50.5,19.0,15.4,64.6,0.0
13981618,Napoli,Rasmus Højlund,block,assisted,3769,21.5,35.2,0,0,49.3,19.0,15.0,39.9,0.0
13981618,Inter,Nicolò Barella,miss,set-piece,3530,29.6,65.2,0,0,51.4,94.4,,,
13981618,Inter,Nicolò Barella,block,throw-in-set-piece,3107,15.9,66.6,0,0,49.2,19.0,12.3,63.0,0.0
13981618,Napoli,Giovanni Di Lorenzo,miss,assisted,3002,8.1,51.8,0,0,60.8,47.2,,,
13981618,Napoli,Rasmus Højlund,post,assisted,2844,12.5,33.5,0,0,44.2,4.4,,,
13981618,Inter,Yann Bisseck,save,assisted,2706,14.2,66.0,0,0,47.0,5.1,1.1,50.7,0.0
13981618,Inter,Marcus Thuram,save,assisted,2605,9.5,50.2,0,0,50.0,36.1,0.59999999999999,50.0,0.0
13981618,Inter,Piotr Zieliński,block,regular,2517,12.0,36.7,0,0,50.3,19.0,6.6,42.6,0.0
13981618,Inter,Nicolò Barella,miss,throw-in-set-piece,1955,11.7,46.0,0,0,36.0,4.2,,,
13981618,Napoli,Scott McTominay,save,regular,1844,13.9,71.7,0,0,50.5,4.4,1.5,52.9,0.0
13981618,Napoli,Scott McTominay,goal,assisted,1557,3.6,43.2,0,0,53.6,10.8,,,
13981618,Inter,Hakan Çalhanoğlu,miss,assisted,978,30.9,51.1,0,0,51.9,83.3,,,
13981618,Inter,Alessandro Bastoni,block,assisted,973,9.5,28.0,0,0,52.9,19.0,7.1,32.8,0.0
13981618,Inter,Lautaro Martínez,miss,assisted,843,12.3,51.3,0,0,41.2,5.6,1.6,58.1,0.0
13981618,Inter,Federico Dimarco,goal,assisted,538,6.1,30.4,0,0,45.6,1.9,,,
13981618,Napoli,Scott McTominay,miss,regular,450,20.8,32.8,0,0,1.7,2.8,15.8,56.3,0.0
13981615,Hellas Verona,Daniel Mosquera,miss,corner,5698,9.7,44.4,0,0,45.7,79.2,,,
13981615,Hellas Verona,Victor Nelsson,miss,throw-in-set-piece,5244,10.8,41.5,0,0,45.9,91.7,,,
13981615,Lazio,Pedro,save,fast-break,5059,23.5,32.5,0,0,47.7,5.7,1.8,48.2,0.0
13981615,Lazio,Victor Nelsson,goal,fast-break,4724,5.2,56.4,0,0,48.6,22.8,,,
13981615,Lazio,Matteo Cancellieri,miss,assisted,4650,20.6,53.2,0,0,53.8,81.9,,,
13981615,Hellas Verona,Antoine Bernede,miss,fast-break,4596,10.1,34.2,0,0,56.8,5.6,,,
13981615,Hellas Verona,Armel Bella-Kotchap,miss,fast-break,4398,25.7,56.8,0,0,51.6,94.4,,,
13981615,Lazio,Adam Marušić,save,free-kick,4305,21.6,45.5,0,0,51.6,13.3,0.3,50.9,0.0
13981615,Hellas Verona,Gift Orban,miss,regular,4005,25.0,47.7,0,0,40.5,91.7,,,
13981615,Hellas Verona,Antoine Bernede,miss,assisted,3777,22.8,39.5,0,0,43.4,91.7,,,
13981615,Lazio,Matteo Cancellieri,miss,assisted,3738,12.2,43.2,0,0,70.6,22.2,10.9,42.6,0.0
13981615,Lazio,Gustav Isaksen,block,assisted,3564,13.2,45.4,0,0,51.3,19.0,9.3,46.4,0.0
13981615,Lazio,Matteo Cancellieri,miss,assisted,3323,22.1,32.7,0,0,64.4,33.3,,,
13981615,Lazio,Tijjani Noslin,miss,assisted,3195,22.6,36.0,0,0,29.4,75.0,,,
13981615,Hellas Verona,Martin Frese,save,assisted,2881,5.4,26.4,0,0,53.6,3.2,0.3,44.9,0.0
13981615,Lazio,Alessio Romagnoli,miss,set-piece,2645,7.9,47.1,0,0,50.3,68.1,,,
13981615,Hellas Verona,Domagoj Bradarić,save,regular,2410,15.5,63.9,0,0,51.9,15.8,1.6,51.4,0.0
13981615,Hellas Verona,Roberto Gagliardini,block,regular,1183,26.6,62.9,0,0,53.8,19.0,7.0,50.5,0.0
13981615,Hellas Verona,Giovane,block,fast-break,611,10.8,34.6,0,0,47.7,19.0,9.6,36.6,0.0
13981615,Lazio,Matteo Cancellieri,miss,set-piece,397,12.3,59.5,0,0,42.0,8.3,,,
13981615,Lazio,Tijjani Noslin,miss,regular,227,4.6,54.0,0,0,47.2,72.2,,,
13981615,Lazio,Gustav Isaksen,block,regular,224,9.9,36.8,0,0,52.7,19.0,6.8,40.1,0.0
13981621,Lecce,Tiago Gabriel,miss,regular,5783,6.6,45.9,0,0,59.8,52.8,,,
13981621,Lecce,Konan N'Dri,block,set-piece,5502,19.5,74.4,0,0,53.6,16.7,17.5,72.4,0.0
13981621,Parma,Christian Ordoñez,miss,fast-break,5221,52.5,69.1,0,0,43.5,8.3,3.7,57.2,0.0
13981621,Parma,Mateo Pellegrino,miss,regular,5009,7.0,61.3,0,0,41.2,29.2,,,
13981621,Parma,Gaetano Oristanio,post,regular,4988,10.1,46.8,0,0,55.3,20.9,,,
13981621,Parma,Oliver Sørensen,block,fast-break,4456,7.5,34.6,0,0,50.6,19.0,4.4,40.8,0.0
13981621,Parma,Mateo Pellegrino,goal,corner,4318,1.9,54.9,0,0,48.6,25.9,,,
13981621,Parma,Gaetano Oristanio,block,assisted,4051,12.6,68.1,0,0,53.1,16.7,9.9,64.8,0.0
13981621,Parma,Tiago Gabriel,goal,regular,3824,8.7,53.5,0,0,53.4,12.7,,,
13981621,Parma,Emanuele Valeri,block,set-piece,3784,15.5,29.7,0,0,51.1,19.0,12.7,33.2,0.0
13981621,Parma,Emanuele Valeri,miss,set-piece,3780,27.9,47.0,0,0,42.9,5.6,15.1,53.2,0.0
13981621,Parma,Adrián Bernabé,post,assisted,3694,25.4,67.3,0,0,44.8,38.0,,,
13981621,Lecce,Lameck Banda,miss,throw-in-set-piece,3234,16.1,49.7,0,0,53.1,68.1,,,
13981621,Parma,Jacob Ondrejka,miss,fast-break,2650,18.9,35.2,0,0,39.5,58.3,,,
13981621,Lecce,Tiago Gabriel,miss,corner,2189,7.4,55.0,0,0,48.9,69.4,,,
13981621,Lecce,Nikola Štulić,block,assisted,2144,1.9,38.8,0,0,52.8,6.9,1.2,41.2,0.0
13981621,Lecce,Youssef Maleh,miss,assisted,2127,8.9,46.6,0,0,91.9,1.4,1.0,13.9,0.0
13981621,Lecce,Youssef Maleh,post,assisted,1997,19.7,32.4,0,0,44.5,13.3,,,
13981621,Parma,Gaetano Oristanio,block,assisted,1705,17.2,47.2,0,0,50.6,6.9,10.2,48.0,0.0
13981621,Parma,Emanuele Valeri,save,set-piece,1474,30.5,64.5,0,0,48.0,4.4,1.4,50.9,0.0
13981621,Lecce,Lameck Banda,miss,corner,738,20.4,40.3,0,0,40.5,90.3,,,
13981621,Lecce,Nikola Štulić,goal,assisted,50,10.2,50.6,0,0,48.6,1.9,,,
13981621,Lecce,Youssef Maleh,block,assisted,41,21.3,47.3,0,0,52.8,19.0,19.8,47.3,0.0
13981616,Como,Martin Baturina,goal,assisted,5632,14.6,28.1,0,0,45.8,24.7,,,
13981616,Como,Nico Paz,miss,regular,5559,14.8,70.5,0,0,39.5,2.8,,,
13981616,Como,Marc-Oliver Kempf,miss,corner,5162,8.3,47.4,0,0,35.5,36.1,,,
13981616,Bologna,Martin Vitík,block,corner,5096,6.9,46.6,0,0,50.0,19.0,4.7,47.7,0.0
13981616,Bologna,Martin Vitík,block,set-piece,5095,8.9,46.7,0,0,49.0,19.0,6.2,48.0,0.0
13981616,Como,Anastasios Douvikas,miss,assisted,4931,4.9,42.5,0,0,59.0,5.6,,,
13981616,Como,Stefan Posch,miss,assisted,4462,8.3,68.2,0,0,45.5,70.8,,,
13981616,Como,Maxence Caqueret,miss,corner,4061,13.2,33.9,0,0,33.6,23.6,,,
13981616,Como,Nico Paz,post,assisted,4024,14.2,46.8,0,0,44.5,5.1,,,
13981616,Bologna,Nicolò Cambiaghi,goal,assisted,2911,11.1,41.7,0,0,48.2,0.6,,,
13981616,Como,Jesús Rodriguez,miss,fast-break,2811,7.7,39.3,0,0,60.2,1.4,,,
13981616,Como,Lucas Da Cunha,miss,assisted,1949,18.9,47.2,0,0,53.6,73.6,,,
13981616,Bologna,Jonathan Rowe,block,assisted,1708,13.0,70.5,0,0,49.3,19.0,11.8,68.7,0.0
13981616,Como,Nico Paz,save,regular,1337,27.8,58.4,0,0,48.3,8.2,12.7,50.4,0.0
13981616,Como,Mërgim Vojvoda,miss,assisted,1277,8.6,41.5,0,0,58.2,8.3,,,
13981616,Bologna,Tommaso Pobega,miss,corner,1060,7.6,50.3,0,0,47.9,65.3,,,
13981616,Como,Jesús Rodriguez,save,assisted,403,14.6,33.5,0,0,49.7,12.0,2.9,46.6,0.0
13981616,Bologna,Nicolò Cambiaghi,save,assisted,54,4.2,45.8,0,0,54.1,4.4,1.1,47.7,0.0
13981616,Bologna,Santiago Castro,miss,assisted,53,10.2,48.7,0,0,67.6,12.5,4.6,43.5,0.0
13981614,Fiorentina,Luca Ranieri,block,assisted,5779,11.9,43.8,0,0,51.3,19.0,10.4,44.4,0.0
13981614,Fiorentina,Moise Kean,save,assisted,5763,8.8,36.2,0,0,51.5,0.6,5.8,40.6,0.0
13981614,Fiorentina,Marco Brescianini,post,fast-break,5747,8.2,51.1,0,0,47.5,39.2,,,
13981614,Fiorentina,Nicolò Fagioli,block,fast-break,5746,14.2,27.2,0,0,52.0,19.0,12.9,29.1,0.0
13981614,Fiorentina,Nicolò Fagioli,block,corner,5717,15.3,35.2,0,0,52.0,19.0,13.4,36.8,0.0
13981614,Milan,Christopher Nkunku,goal,assisted,5361,8.5,58.7,0,0,47.1,21.5,,,
13981614,Milan,Samuele Ricci,miss,assisted,5245,24.3,62.6,0,0,60.7,2.8,,,
13981614,Milan,Samuele Ricci,block,assisted,4990,23.7,45.2,0,0,49.2,19.0,13.3,47.7,0.0
13981614,Milan,Rafael Leão,miss,assisted,4986,12.2,56.0,0,0,98.8,8.3,10.2,37.2,0.0
13981614,Milan,Davide Bartesaghi,miss,free-kick,4881,19.3,51.2,0,0,52.8,83.3,,,
13981614,Fiorentina,Marco Brescianini,miss,assisted,4534,12.3,30.7,0,0,59.2,83.3,,,
13981614,Milan,Adrien Rabiot,block,assisted,4467,8.1,45.7,0,0,51.8,19.0,6.4,46.2,0.0
13981614,Fiorentina,Fabiano Parisi,save,assisted,4372,12.3,69.5,0,0,46.1,2.5,1.2,51.4,0.0
13981614,Milan,Strahinja Pavlović,block,set-piece,4017,10.8,45.4,0,0,50.1,19.0,9.3,46.0,0.0
13981614,Fiorentina,Pietro Comuzzo,goal,corner,3901,4.3,49.1,0,0,45.9,16.5,,,
13981614,Fiorentina,Cher Ndour,block,assisted,3839,14.4,53.4,0,0,50.1,19.0,10.1,52.3,0.0
13981614,Fiorentina,Robin Gosens,save,assisted,3703,10.2,56.4,0,0,48.6,24.1,1.0,50.7,0.0
13981614,Fiorentina,Moise Kean,miss,assisted,3488,4.6,67.1,0,0,100.0,4.2,4.4,0.0,0.0
13981614,Fiorentina,Robin Gosens,save,corner,3335,4.0,55.2,0,0,51.2,25.9,1.0,52.0,0.0
13981614,Fiorentina,Dodô,block,assisted,3304,22.3,58.5,0,0,51.8,19.0,18.0,56.5,0.0
13981614,Fiorentina,Fabiano Parisi,save,corner,3061,22.9,38.3,0,0,48.2,8.9,1.5,49.1,0.0
13981614,Milan,Ruben Loftus-Cheek,miss,assisted,2879,8.6,47.4,0,0,66.9,19.4,,,
13981614,Fiorentina,Albert Guðmundsson,miss,assisted,2554,15.1,37.2,0,0,37.0,34.7,,,
13981614,Fiorentina,Rolando Mandragora,miss,set-piece,2469,15.3,64.8,0,0,69.9,20.8,,,
13981614,Fiorentina,Cher Ndour,save,assisted,2368,7.7,44.0,0,0,52.5,19.0,0.5,49.5,0.0
13981614,Milan,Samuele Ricci,miss,assisted,2299,22.3,60.3,0,0,58.5,79.2,,,
13981614,Fiorentina,Albert Guðmundsson,block,regular,2133,18.8,44.4,0,0,51.1,19.0,15.6,45.2,0.0
13981614,Milan,Christian Pulišić,miss,fast-break,1546,14.1,35.4,0,0,42.5,9.7,,,
13981614,Milan,Matteo Gabbia,save,corner,1321,8.3,54.8,0,0,50.8,22.8,1.4,51.8,0.0
13981614,Milan,Christian Pulišić,save,assisted,1251,9.8,44.6,0,0,50.9,2.5,1.9,47.7,0.0
13981614,Milan,Christian Pulišić,miss,assisted,1029,2.3,59.5,0,0,41.7,6.9,,,
13981614,Fiorentina,Marin Pongračić,block,assisted,650,7.6,35.8,0,0,52.1,19.0,6.3,37.8,0.0
13981614,Fiorentina,Robin Gosens,miss,assisted,156,22.2,40.9,0,0,57.8,62.5,,,
13981617,Cagliari,Matteo Prati,miss,free-kick,5388,21.4,68.6,0,0,41.7,15.3,,,
13981617,Genoa,Leo Østigård,goal,set-piece,4655,6.3,50.0,0,0,51.3,16.5,,,
13981617,Genoa,Morten Frendrup,goal,regular,4489,24.0,59.9,0,0,52.2,16.5,,,
13981617,Cagliari,Riyad Idrissi,save,assisted,4184,27.0,38.3,0,0,47.2,12.7,1.5,48.6,0.0
13981617,Cagliari,Semih Kılıçsoy,block,fast-break,4164,18.2,68.0,0,0,48.7,23.6,11.6,62.1,0.0
13981617,Genoa,Lorenzo Colombo,block,assisted,3632,26.6,36.8,0,0,51.9,19.0,20.2,39.5,0.0
13981617,Genoa,Ruslan Malinovskyi,save,free-kick,3528,22.2,23.8,0,0,50.0,3.2,1.2,48.2,0.0
13981617,Genoa,Lorenzo Colombo,save,throw-in-set-piece,3433,14.7,29.7,0,0,50.6,0.6,1.2,46.9,0.0
13981617,Cagliari,Zito Luvumbo,save,assisted,3297,12.6,40.3,0,0,49.4,13.9,2.4,47.3,0.0
13981617,Genoa,Leo Østigård,miss,set-piece,2965,2.9,40.2,0,0,51.1,69.4,,,
13981617,Genoa,Lorenzo Colombo,save,set-piece,2964,9.7,55.0,0,0,51.8,21.5,1.1,51.4,0.0
13981617,Genoa,Ruslan Malinovskyi,miss,regular,2830,22.8,31.5,0,0,51.1,68.1,,,
13981617,Cagliari,Luca Mazzitelli,miss,corner,2381,3.2,41.7,0,0,46.1,52.8,,,
13981617,Cagliari,Sebastiano Esposito,save,free-kick,2352,26.4,35.3,0,0,53.1,30.4,0.90000000000001,50.5,0.0
13981617,Cagliari,Luca Mazzitelli,block,assisted,2274,27.0,62.7,0,0,54.1,19.0,24.9,61.4,0.0
13981617,Cagliari,Semih Kılıçsoy,miss,assisted,2019,8.3,41.9,0,0,59.2,16.7,,,
13981617,Cagliari,Marco Palestra,block,assisted,2001,26.5,51.1,0,0,50.1,19.0,17.9,50.7,0.0
13981617,Cagliari,Semih Kılıçsoy,block,assisted,1987,23.2,46.7,0,0,49.9,19.0,17.9,47.5,0.0
13981617,Genoa,Ruslan Malinovskyi,save,regular,1844,25.0,50.3,0,0,49.1,32.9,1.4,50.7,0.0
13981617,Cagliari,Sebastiano Luperto,block,set-piece,1422,16.6,56.3,0,0,48.6,6.9,11.6,54.0,0.0
13981617,Cagliari,Luca Mazzitelli,miss,set-piece,1419,31.9,47.7,0,0,37.8,15.3,16.8,55.2,0.0
13981617,Cagliari,Michel Adopo,block,set-piece,1337,8.5,47.0,0,0,49.7,19.0,6.8,47.7,0.0
13981617,Cagliari,Michel Adopo,miss,set-piece,1336,9.2,46.6,0,0,36.0,12.5,8.5,49.1,0.0
13981617,Cagliari,Michel Adopo,miss,throw-in-set-piece,1237,7.0,52.3,0,0,30.8,12.5,,,
13981617,Genoa,Vitinha,block,assisted,774,20.9,64.3,0,0,51.8,19.0,19.7,63.4,0.0
13981617,Genoa,Lorenzo Colombo,goal,assisted,412,9.9,36.0,0,0,49.3,5.7,,,
13981619,Roma,Stephan El Shaarawy,miss,fast-break,5662,12.7,35.5,0,0,52.8,51.4,,,
13981619,Roma,Manu Koné,miss,assisted,5511,16.3,51.5,0,0,46.1,55.6,,,
13981619,Roma,Niccolò Pisilli,miss,regular,5428,11.9,57.9,0,0,69.1,40.3,,,
13981619,Roma,Paulo Dybala,save,assisted,5030,18.8,48.6,0,0,50.9,13.9,2.9,49.5,0.0
13981619,Roma,Mario Hermoso,miss,assisted,4869,4.9,54.7,0,0,50.6,73.6,,,
13981619,Roma,Niccolò Pisilli,miss,fast-break,4846,18.4,52.4,0,0,14.6,12.5,11.8,61.2,0.0
13981619,Roma,Matías Soulé,goal,assisted,4726,12.5,48.0,0,0,52.8,2.5,,,
13981619,Roma,Manu Koné,goal,corner,4557,6.9,49.0,0,0,53.7,5.1,,,
13981619,Roma,Manu Koné,save,regular,4167,17.5,52.8,0,0,49.7,0.6,4.6,51.3,0.0
13981619,Roma,Paulo Dybala,block,assisted,4166,12.0,55.2,0,0,49.5,19.0,10.7,54.7,0.0
13981619,Roma,Niccolò Pisilli,miss,assisted,4109,9.1,69.4,0,0,68.2,30.6,3.6,50.5,0.0
13981619,Roma,Wesley,miss,assisted,3857,14.3,30.6,0,0,38.2,5.6,12.5,37.9,0.0
13981619,Sassuolo,Ismael Koné,save,regular,3649,18.2,50.3,0,0,48.4,16.5,2.7,50.5,0.0
13981619,Roma,Niccolò Pisilli,block,assisted,3476,18.9,63.1,0,0,47.4,19.0,15.1,61.0,0.0
13981619,Roma,Matías Soulé,miss,assisted,3324,18.9,48.9,0,0,39.8,5.6,,,
13981619,Sassuolo,Alieu Fadera,block,assisted,3231,12.4,75.5,0,0,53.6,6.9,10.5,71.1,0.0
13981619,Roma,Konstantinos Tsimikas,miss,regular,3189,9.5,36.4,0,0,52.8,51.4,,,
13981619,Roma,Stephan El Shaarawy,save,regular,3186,18.9,48.7,0,0,52.9,2.5,3.6,50.4,0.0
13981619,Roma,Konstantinos Tsimikas,block,assisted,3031,11.4,24.6,0,0,51.4,19.0,8.0,31.8,0.0
13981619,Roma,Paulo Dybala,miss,assisted,2853,15.4,49.7,0,0,41.7,1.4,,,
13981619,Roma,Konstantinos Tsimikas,block,assisted,2841,3.6,39.3,0,0,52.8,19.0,2.7,41.3,0.0
13981619,Roma,Stephan El Shaarawy,miss,corner,2575,15.5,69.1,0,0,40.5,81.9,,,
13981619,Roma,Evan Ferguson,miss,assisted,2085,6.9,53.8,0,0,47.1,81.9,,,
13981619,Roma,Manu Koné,block,assisted,1971,23.8,52.7,0,0,50.0,19.0,19.0,52.2,0.0
13981619,Sassuolo,Alieu Fadera,save,set-piece,1453,13.8,62.6,0,0,46.1,11.4,1.8,50.4,0.0
13981619,Roma,Matías Soulé,miss,assisted,1242,24.9,34.6,0,0,58.5,9.7,,,
13981619,Sassuolo,Armand Laurienté,miss,fast-break,972,13.6,42.7,0,0,59.2,8.3,,,
13981619,Sassuolo,Ismael Koné,save,fast-break,970,13.3,39.9,0,0,48.7,3.2,8.5,44.0,0.0
13981619,Roma,Evan Ferguson,block,assisted,676,24.5,36.3,0,0,48.8,19.0,21.0,38.4,0.0
13981619,Roma,Paulo Dybala,save,assisted,359,14.8,72.3,0,0,51.2,9.5,1.4,53.4,0.0
13981619,Roma,Matías Soulé,block,assisted,51,24.6,47.0,0,0,54.5,19.0,20.5,46.7,0.0
13981624,Udinese,Keinan Davis,miss,assisted,5326,6.4,47.9,0,0,54.6,63.9,,,
13981624,Udinese,Arthur Atta,post,assisted,5315,13.8,41.8,0,0,44.4,4.4,,,
13981624,Pisa,Simone Canestrelli,miss,corner,5236,9.4,56.9,0,0,32.8,50.0,,,
13981624,Udinese,Idrissa Gueye,miss,assisted,5143,9.4,56.5,0,0,40.5,9.7,2.8,56.5,0.0
13981624,Pisa,Idrissa Touré,block,assisted,4908,13.5,70.6,0,0,53.4,19.0,5.3,56.0,0.0
13981624,Pisa,Henrik Wendel Meister,save,fast-break,4615,11.7,70.9,0,0,46.7,17.7,1.5,53.1,0.0
13981624,Pisa,Matteo Tramoni,miss,corner,4530,19.7,20.3,0,0,57.3,29.2,0.7,41.9,0.0
13981624,Pisa,Henrik Wendel Meister,goal,regular,3967,2.4,51.2,0,0,47.7,9.5,,,
13981624,Pisa,Gabriele Piccinini,save,assisted,3966,6.9,49.1,0,0,49.4,5.1,0.7,50.0,0.0
13981624,Pisa,Stefano Moreo,miss,assisted,3790,8.2,41.0,0,0,50.8,73.6,,,
13981624,Pisa,Matteo Tramoni,save,assisted,3743,19.7,32.7,0,0,49.5,1.9,1.0,49.1,0.0
13981624,Pisa,Arturo Calabresi,block,set-piece,3011,13.6,58.7,0,0,49.5,19.0,7.0,54.7,0.0
13981624,Pisa,Stefano Moreo,save,assisted,2879,12.2,66.9,0,0,50.3,20.9,1.1,51.6,0.0
13981624,Udinese,Lennon Miller,miss,throw-in-set-piece,2827,18.4,41.1,0,0,58.5,76.4,,,
13981624,Udinese,Nicolò Zaniolo,block,throw-in-set-piece,2825,14.1,39.1,0,0,52.4,19.0,12.8,39.9,0.0
13981624,Pisa,Mehdi Léris,miss,assisted,2705,15.1,59.9,0,0,51.6,80.6,,,
13981624,Udinese,Keinan Davis,goal,penalty,2384,11.5,50.0,0,0,47.0,5.1,,,
13981624,Pisa,Henrik Wendel Meister,miss,assisted,1962,12.7,54.8,0,0,62.5,16.7,4.1,44.9,0.0
13981624,Udinese,Alessandro Zanoli,miss,corner,1821,22.5,67.9,0,0,71.6,4.2,,,
13981624,Udinese,Christian Kabasele,goal,corner,1133,3.7,45.8,0,0,53.7,22.2,,,
13981624,Udinese,Oumar Solet,block,assisted,991,26.6,32.3,0,0,48.8,19.0,22.5,35.2,0.0
13981624,Pisa,Matteo Tramoni,goal,corner,773,14.8,28.0,0,0,49.4,29.7,,,
13981624,Pisa,Stefano Moreo,save,assisted,721,12.4,42.7,0,0,53.2,7.0,0.5,49.6,0.0
13981624,Udinese,Keinan Davis,miss,assisted,643,18.6,48.3,0,0,67.9,18.1,12.0,44.6,0.0
13981624,Udinese,Jürgen Ekkelenkamp,miss,assisted,407,21.9,20.3,0,0,58.2,5.6,,,
13981613,Atalanta,Mario Pašalić,goal,fast-break,5679,14.5,53.2,0,0,45.7,17.7,,,
13981613,Torino,Nikola Vlašić,miss,set-piece,5220,17.8,43.6,0,0,45.4,52.8,,,
13981613,Atalanta,Lazar Samardžić,miss,fast-break,4858,20.0,60.0,0,0,59.5,73.6,,,
13981613,Atalanta,Gianluca Scamacca,block,assisted,4688,24.1,61.7,0,0,50.8,19.0,20.3,59.7,0.0
13981613,Torino,Emirhan İlkhan,save,corner,4506,8.3,49.1,0,0,53.5,10.8,1.1,49.8,0.0
13981613,Torino,Giovanni Simeone,save,assisted,4447,8.3,36.2,0,0,49.0,12.7,7.0,38.3,0.0
13981613,Atalanta,Davide Zappacosta,block,assisted,4067,9.2,61.1,0,0,50.1,19.0,8.4,60.1,0.0
13981613,Torino,Giovanni Simeone,block,regular,3940,14.6,53.6,0,0,48.2,19.0,13.2,53.4,0.0
13981613,Torino,Giovanni Simeone,block,assisted,3939,14.6,52.9,0,0,53.3,19.0,12.0,51.8,0.0
13981613,Atalanta,Nicola Zalewski,block,assisted,3581,9.6,32.0,0,0,51.3,19.0,8.4,34.1,0.0
13981613,Torino,Che Adams,miss,assisted,3496,9.4,72.9,0,0,46.4,77.8,,,
13981613,Torino,Duván Zapata,miss,regular,3167,26.6,25.8,0,0,38.5,63.9,,,
13981613,Torino,Cyril Ngonge,miss,throw-in-set-piece,3005,13.0,47.2,0,0,60.3,11.1,,,
13981613,Atalanta,Davide Zappacosta,save,assisted,2895,7.7,69.2,0,0,46.0,25.3,1.5,55.2,0.0
13981613,Atalanta,Nikola Krstović,miss,throw-in-set-piece,2860,7.0,46.0,0,0,39.8,11.1,2.3,56.1,0.0
13981613,Torino,Duván Zapata,save,assisted,2635,8.5,54.9,0,0,51.4,13.3,1.1,51.1,0.0
13981613,Atalanta,Berat Djimsiti,miss,throw-in-set-piece,2415,23.7,44.8,0,0,39.0,72.2,,,
13981613,Atalanta,Nicola Zalewski,block,assisted,2371,25.1,51.7,0,0,51.8,19.0,22.0,51.3,0.0
13981613,Atalanta,Nicola Zalewski,save,assisted,2076,12.3,37.0,0,0,47.3,1.9,3.5,45.1,0.0
13981613,Atalanta,Giorgio Scalvini,block,set-piece,2019,9.3,32.0,0,0,51.3,19.0,7.2,35.7,0.0
13981613,Atalanta,Charles De Ketelaere,block,set-piece,1999,21.7,51.9,0,0,50.4,19.0,15.8,51.3,0.0
13981613,Atalanta,Nikola Krstović,save,set-piece,1530,7.8,45.5,0,0,51.6,20.3,1.4,49.1,0.0
13981613,Atalanta,Giorgio Scalvini,block,corner,1355,4.9,45.4,0,0,49.4,19.0,4.0,46.4,0.0
13981613,Atalanta,Nicola Zalewski,block,assisted,1230,12.9,37.4,0,0,50.7,19.0,11.0,39.2,0.0
13981613,Torino,Gvidas Gineitis,miss,assisted,1181,24.0,43.5,0,0,52.4,54.2,,,
13981613,Atalanta,Nicola Zalewski,miss,assisted,1036,22.2,41.2,0,0,35.8,83.3,,,
13981613,Atalanta,Charles De Ketelaere,goal,corner,722,3.7,58.9,0,0,51.8,21.5,,,
13981613,Atalanta,Charles De Ketelaere,block,assisted,658,18.2,57.0,0,0,47.2,19.0,16.8,56.7,0.0
13981623,Juventus,Jonathan David,save,assisted,4886,8.0,33.6,0,0,51.3,11.4,4.5,40.8,0.0
13981623,Juventus,Teun Koopmeiners,block,regular,4605,26.6,65.0,0,0,49.6,19.0,15.0,57.6,0.0
13981623,Cremonese,Antonio Sanabria,block,corner,4361,4.5,47.2,0,0,49.7,19.0,3.6,47.8,0.0
13981623,Cremonese,Alberto Grassi,save,throw-in-set-piece,4317,11.4,55.7,0,0,51.3,15.2,0.7,52.3,0.0
13981623,Juventus,Juan Cabal,miss,assisted,3967,23.7,34.6,0,0,63.7,66.7,,,
13981623,Juventus,Weston McKennie,goal,assisted,3795,10.9,47.4,0,0,53.6,8.9,,,
13981623,Juventus,Kenan Yıldız,save,assisted,3237,12.3,28.4,0,0,48.1,18.4,1.2,47.8,0.0
13981623,Juventus,Weston McKennie,save,assisted,3183,9.5,64.2,0,0,49.7,5.7,1.5,52.7,0.0
13981623,Cremonese,Federico Bonazzoli,miss,throw-in-set-piece,3093,11.4,54.2,0,0,34.8,12.5,,,
13981623,Juventus,Filippo Terracciano,goal,regular,2823,1.7,49.5,0,0,51.3,1.9,,,
13981623,Juventus,Weston McKennie,save,assisted,2821,2.2,40.9,0,0,51.1,19.0,0.0,48.9,0.0
13981623,Juventus,Kenan Yıldız,block,assisted,2999,6.6,34.1,0,0,50.7,19.0,5.8,36.0,0.0
13981623,Juventus,Weston McKennie,miss,corner,2469,7.9,46.5,0,0,40.2,13.9,,,
13981623,Juventus,Kenan Yıldız,save,assisted,2421,15.1,44.6,0,0,53.6,16.5,1.8,50.2,0.0
13981623,Juventus,Kenan Yıldız,goal,set-piece,2076,7.5,48.9,0,0,51.3,13.9,,,
13981623,Juventus,Kenan Yıldız,save,penalty,2073,11.5,50.0,0,0,54.4,3.2,0.59999999999999,50.2,0.0
13981623,Juventus,Khéphren Thuram,block,assisted,1939,14.6,48.2,0,0,50.9,19.0,11.9,48.4,0.0
13981623,Cremonese,Federico Bonazzoli,miss,assisted,1899,13.6,51.7,0,0,58.5,80.6,,,
13981623,Cremonese,Alessio Zerbin,miss,set-piece,1212,20.6,54.2,0,0,48.9,68.1,,,
13981623,Juventus,Jonathan David,goal,fast-break,860,9.4,41.3,0,0,46.1,7.0,,,
13981623,Cremonese,Federico Bonazzoli,block,assisted,842,18.1,49.3,0,0,48.2,19.0,15.7,49.6,0.0
13981623,Cremonese,Federico Bonazzoli,block,assisted,772,26.6,47.0,0,0,50.7,19.0,23.7,47.2,0.0
13981623,Juventus,Bremer,goal,set-piece,663,18.5,50.4,0,0,45.8,6.3,,,
13981623,Juventus,Fabio Miretti,block,set-piece,661,25.4,55.2,0,0,53.1,19.0,17.7,52.7,0.0
13981623,Cremonese,Alessio Zerbin,save,regular,490,5.2,50.5,0,0,50.3,13.3,4.1,50.7,0.0
13981623,Juventus,Jonathan David,post,regular,340,5.1,70.5,0,0,44.5,26.6,,,
13981623,Juventus,Khéphren Thuram,save,assisted,318,22.6,35.2,0,0,50.1,7.0,1.9,48.7,0.0
13981623,Cremonese,Dennis Johnsen,block,fast-break,17,9.7,27.8,0,0,51.7,19.0,8.3,30.9,0.0
13981634,Roma,Konstantinos Tsimikas,miss,assisted,5535,14.0,25.8,0,0,42.4,77.8,,,
13981634,Roma,Robinio Vaz,save,assisted,5385,16.0,50.9,0,0,48.2,2.5,6.3,50.7,0.0
13981634,Torino,Saúl Coco,miss,assisted,5031,21.8,55.6,0,0,61.0,5.6,,,
13981634,Torino,Che Adams,miss,fast-break,4758,14.2,63.8,0,0,56.6,1.4,,,
13981634,Roma,Donyell Malen,miss,fast-break,4477,9.1,37.0,0,0,56.5,36.1,,,
13981634,Roma,Paulo Dybala,goal,assisted,4306,3.9,56.3,0,0,49.1,31.0,,,
13981634,Roma,Paulo Dybala,save,assisted,4301,15.9,59.8,0,0,46.5,1.9,2.4,52.2,0.0
13981634,Torino,Che Adams,miss,set-piece,3731,9.5,47.9,0,0,60.7,5.6,2.3,42.4,0.0
13981634,Torino,Cesare Casadei,save,assisted,2940,9.1,47.4,0,0,50.6,20.3,1.5,49.1,0.0
13981634,Torino,Valentino Lazaro,save,assisted,2850,14.2,45.8,0,0,49.1,1.9,3.2,48.9,0.0
13981634,Roma,Bryan Cristante,miss,assisted,2771,18.8,61.7,0,0,57.0,65.3,,,
13981634,Torino,Cyril Ngonge,save,assisted,2374,21.9,63.8,0,0,52.4,5.7,0.59999999999999,51.3,0.0
13981634,Torino,Gvidas Gineitis,miss,assisted,2044,31.3,52.8,0,0,40.8,2.8,14.7,55.6,0.0
13981634,Roma,Donyell Malen,goal,assisted,1550,7.5,42.3,0,0,48.4,2.5,,,
13981634,Torino,Cyril Ngonge,save,assisted,1501,21.2,68.7,0,0,52.8,14.6,2.0,51.6,0.0
13981634,Roma,Paulo Dybala,miss,assisted,1262,18.4,55.6,0,0,43.0,36.1,,,
13981634,Roma,Paulo Dybala,block,assisted,1183,14.7,68.9,0,0,53.0,19.0,7.1,57.6,0.0
13981634,Roma,Paulo Dybala,block,assisted,1167,14.1,68.9,0,0,46.8,19.0,11.2,65.7,0.0
13981634,Roma,Donyell Malen,save,assisted,1157,12.2,64.2,0,0,45.9,2.5,2.3,54.2,0.0
13981634,Roma,Bryan Cristante,block,assisted,745,28.8,58.0,0,0,53.1,19.0,23.1,55.8,0.0
13981634,Roma,Lorenzo Pellegrini,miss,assisted,634,8.9,55.6,0,0,71.8,4.2,,,
13981634,Roma,Donyell Malen,block,assisted,301,20.0,35.8,0,0,50.6,19.0,18.1,37.1,0.0
13981629,Atalanta,Nikola Krstović,save,assisted,5358,9.2,50.1,0,0,49.1,34.2,1.1,50.2,0.0
13981629,Atalanta,Davide Zappacosta,block,assisted,5345,11.5,64.4,0,0,51.4,19.0,8.4,60.1,0.0
13981629,Pisa,Rafiu Durosinmi,goal,throw-in-set-piece,5211,8.8,47.6,0,0,46.2,2.5,,,
13981629,Pisa,Mehdi Léris,block,regular,5152,18.8,31.6,0,0,47.4,6.9,7.2,44.8,0.0
13981629,Pisa,Gabriele Piccinini,block,regular,5150,9.7,35.5,0,0,49.6,19.0,8.3,37.7,0.0
13981629,Atalanta,Nikola Krstović,goal,regular,4963,1.6,45.7,0,0,52.7,31.0,,,
13981629,Pisa,Stefano Moreo,save,corner,4797,11.9,46.3,0,0,46.1,24.1,1.9,48.7,0.0
13981629,Pisa,Gabriele Piccinini,save,assisted,4521,12.5,59.1,0,0,48.5,31.0,1.6,51.3,0.0
13981629,Pisa,Stefano Moreo,miss,assisted,4504,10.4,41.9,0,0,39.2,1.4,3.5,55.2,0.0
13981629,Atalanta,Charles De Ketelaere,block,assisted,4005,11.9,52.2,0,0,54.6,19.0,7.7,49.8,0.0
13981629,Atalanta,Nicola Zalewski,miss,assisted,3675,18.2,46.2,0,0,57.3,2.8,,,
13981629,Atalanta,Giorgio Scalvini,save,assisted,3411,4.1,57.6,0,0,50.6,1.9,0.90000000000001,54.0,0.0
13981629,Pisa,Idrissa Touré,miss,corner,3115,10.7,45.8,0,0,60.5,33.3,,,
13981629,Pisa,Stefano Moreo,save,corner,3108,8.2,53.9,0,0,53.2,14.6,1.5,51.4,0.0
13981629,Pisa,Henrik Wendel Meister,miss,assisted,2815,9.3,58.2,0,0,60.8,12.5,,,
13981629,Atalanta,Lorenzo Bernasconi,save,assisted,2332,15.1,37.0,0,0,51.9,1.9,13.2,38.8,0.0
13981629,Atalanta,Charles De Ketelaere,miss,assisted,1836,6.7,64.2,0,0,39.7,15.3,,,
13981629,Pisa,Michel Aebischer,miss,regular,1309,3.9,63.6,0,0,100.0,5.6,3.6,0.0,0.0
13981629,Pisa,Henrik Wendel Meister,save,assisted,1307,10.4,54.2,0,0,47.6,24.7,1.8,52.2,0.0
13981629,Pisa,Idrissa Touré,save,assisted,1205,3.8,67.3,0,0,45.9,20.9,1.1,56.0,0.0
13981629,Pisa,Stefano Moreo,miss,regular,1034,7.6,60.1,0,0,66.1,19.4,6.0,54.0,0.0
13981629,Atalanta,Gianluca Scamacca,miss,assisted,652,10.0,56.7,0,0,41.2,20.8,,,
13981629,Pisa,Simone Canestrelli,block,set-piece,419,7.9,50.2,0,0,49.9,19.0,5.3,50.2,0.0
13981625,Juventus,Khéphren Thuram,miss,regular,5754,1.7,39.9,0,0,61.8,26.4,,,
13981625,Juventus,Vasilije Adžić,block,corner,5629,22.6,52.2,0,0,50.1,19.0,18.6,51.8,0.0
13981625,Juventus,Bremer,block,assisted,5558,9.7,53.8,0,0,47.7,19.0,8.5,53.6,0.0
13981625,Juventus,Loïs Openda,miss,regular,5350,6.4,49.7,0,0,77.5,6.9,,,
13981625,Juventus,Teun Koopmeiners,save,set-piece,5273,13.2,52.2,0,0,52.2,17.7,1.0,51.3,0.0
13981625,Juventus,Kenan Yıldız,block,assisted,4983,17.8,36.3,0,0,47.3,19.0,13.7,40.1,0.0
13981625,Juventus,Kenan Yıldız,save,assisted,4732,26.5,45.7,0,0,45.8,10.1,1.9,48.9,0.0
13981625,Juventus,Jonathan David,miss,corner,4329,3.2,48.1,0,0,39.5,23.6,0.90000000000001,57.0,0.0
13981625,Juventus,Edon Zhegrova,save,assisted,4141,27.7,59.9,0,0,52.3,3.8,1.2,52.0,0.0
13981625,Cagliari,Luca Mazzitelli,goal,set-piece,3871,15.9,56.1,0,0,46.4,4.4,,,
13981625,Juventus,Kenan Yıldız,miss,regular,3667,9.0,30.3,0,0,46.9,58.3,,,
13981625,Juventus,Lloyd Kelly,miss,assisted,3551,30.7,54.6,0,0,56.1,84.7,,,
13981625,Juventus,Kenan Yıldız,block,corner,3428,14.5,69.1,0,0,49.8,19.0,11.8,65.5,0.0
13981625,Juventus,Andrea Cambiaso,save,set-piece,3339,27.2,61.3,0,0,53.6,13.3,1.6,50.0,0.0
13981625,Juventus,Fabio Miretti,miss,assisted,3105,22.0,38.7,0,0,40.2,62.5,,,
13981625,Juventus,Jonathan David,block,assisted,3067,8.8,31.7,0,0,47.3,19.0,7.9,33.9,0.0
13981625,Cagliari,Sebastiano Luperto,miss,corner,2979,6.9,44.8,0,0,63.2,18.1,1.0,39.3,0.0
13981625,Cagliari,Sebastiano Esposito,miss,assisted,2931,1.1,72.0,0,0,74.6,4.2,0.8,52.8,0.0
13981625,Juventus,Manuel Locatelli,miss,corner,2572,27.2,46.2,0,0,17.0,6.9,,,
13981625,Juventus,Fabio Miretti,block,set-piece,2038,9.7,69.1,0,0,52.3,19.0,8.0,65.3,0.0
13981625,Juventus,Fabio Miretti,block,corner,1954,16.9,38.5,0,0,50.4,19.0,14.0,40.4,0.0
13981625,Juventus,Teun Koopmeiners,block,set-piece,1627,21.3,61.7,0,0,49.9,19.0,19.5,60.7,0.0
13981625,Juventus,Fabio Miretti,save,regular,1450,14.1,57.5,0,0,50.0,8.2,1.9,51.4,0.0
13981625,Juventus,Fabio Miretti,miss,fast-break,1387,54.6,73.3,0,0,32.1,6.9,,,
13981630,Inter,Ange-Yoan Bonny,block,fast-break,5384,8.6,52.8,0,0,49.7,19.0,6.4,52.2,0.0
13981630,Udinese,Idrissa Gueye,block,corner,5032,14.7,50.9,0,0,49.1,19.0,12.7,50.9,0.0
13981630,Udinese,Jesper Karlström,block,regular,4572,23.1,39.9,0,0,47.1,19.0,12.5,45.8,0.0
13981630,Udinese,Oumar Solet,miss,set-piece,4323,8.9,57.9,0,0,33.6,11.1,,,
13981630,Inter,Federico Dimarco,block,free-kick,4175,18.4,49.1,0,0,50.1,19.0,9.9,49.5,0.0
13981630,Udinese,Thomas Kristensen,miss,assisted,3433,25.2,69.6,0,0,33.6,62.5,,,
13981630,Inter,Henrikh Mkhitaryan,save,assisted,3135,5.5,30.4,0,0,48.4,17.7,0.90000000000001,45.3,0.0
13981630,Inter,Manuel Akanji,miss,corner,3043,8.3,56.4,0,0,51.4,63.9,,,
13981630,Inter,Lautaro Martínez,block,fast-break,2935,13.3,38.0,0,0,52.0,19.0,11.5,39.3,0.0
13981630,Inter,Henrikh Mkhitaryan,miss,regular,2247,15.1,44.2,0,0,13.3,9.7,1.9,83.2,0.0
13981630,Udinese,Jakub Piotrowski,save,assisted,2000,18.2,48.7,0,0,53.0,13.9,1.9,49.5,0.0
13981630,Inter,Federico Dimarco,save,assisted,1663,21.6,44.4,0,0,46.4,2.5,1.2,48.7,0.0
13981630,Inter,Manuel Akanji,miss,corner,1483,8.9,51.9,0,0,43.0,6.9,,,
13981630,Inter,Lautaro Martínez,goal,assisted,1182,11.3,47.2,0,0,46.1,2.5,,,
13981630,Inter,Lautaro Martínez,miss,regular,1064,6.7,50.7,0,0,62.5,11.1,,,
13981630,Inter,Yann Bisseck,save,assisted,890,19.1,47.4,0,0,51.5,1.3,1.8,50.0,0.0
13981630,Inter,Francesco Pio Esposito,block,assisted,628,13.6,23.9,0,0,50.9,19.0,11.9,27.1,0.0
13981630,Inter,Federico Dimarco,miss,assisted,279,8.5,28.0,0,0,41.8,5.6,,,
13981630,Inter,Lautaro Martínez,save,assisted,202,11.6,42.7,0,0,47.6,5.1,1.2,47.7,0.0
13981627,Parma,Sascha Britschgi,miss,assisted,5343,27.3,69.9,0,0,37.3,9.7,,,
13981627,Genoa,Lorenzo Colombo,save,assisted,5254,8.5,35.0,0,0,49.8,15.8,4.1,41.9,0.0
13981627,Parma,Oliver Sørensen,block,throw-in-set-piece,5046,9.3,58.4,0,0,50.1,19.0,7.2,56.5,0.0
13981627,Parma,Milan Đurić,miss,corner,4782,14.0,46.9,0,0,57.8,26.4,,,
13981627,Genoa,Morten Frendrup,block,assisted,4468,20.3,67.0,0,0,52.1,19.0,16.8,63.7,0.0
13981627,Parma,Mandela Keita,miss,assisted,4263,28.0,36.7,0,0,42.9,66.7,,,
13981627,Parma,Adrián Bernabé,miss,assisted,4101,30.9,64.8,0,0,35.1,5.6,,,
13981627,Parma,Gaetano Oristanio,save,assisted,4050,15.8,40.6,0,0,48.4,6.3,2.3,48.2,0.0
13981627,Parma,Sascha Britschgi,miss,set-piece,3372,18.3,46.2,0,0,37.6,77.8,,,
13981627,Parma,Mateo Pellegrino,miss,corner,3191,8.5,43.3,0,0,72.8,20.8,,,
13981627,Genoa,Vitinha,miss,regular,2749,12.2,58.6,0,0,96.1,4.2,4.4,0.0,0.0
13981627,Genoa,Vitinha,save,free-kick,2757,22.4,26.1,0,0,52.9,17.1,1.0,50.7,0.0
13981627,Genoa,Stefano Sabelli,miss,assisted,2423,6.6,55.0,0,0,63.0,11.1,,,
13981627,Genoa,Stefano Sabelli,miss,set-piece,2376,14.4,51.5,0,0,37.8,22.2,,,
13981627,Parma,Alessandro Circati,block,corner,2044,6.7,42.1,0,0,51.4,19.0,3.2,45.5,0.0
13981627,Parma,Nahuel Estévez,block,regular,2003,29.6,38.3,0,0,47.1,19.0,13.2,46.4,0.0
13981627,Genoa,Lorenzo Colombo,block,assisted,1859,11.0,61.9,0,0,49.1,19.0,7.2,58.1,0.0
13981627,Parma,Adrián Bernabé,save,assisted,1722,12.0,31.9,0,0,48.1,3.8,1.2,47.1,0.0
13981627,Genoa,Lorenzo Colombo,save,fast-break,927,14.1,55.0,0,0,47.1,13.3,11.5,54.0,0.0
13981627,Parma,Mateo Pellegrino,block,corner,786,7.4,61.9,0,0,48.8,19.0,2.9,55.4,0.0
13981627,Parma,Adrián Bernabé,block,assisted,455,27.7,53.0,0,0,49.3,19.0,24.2,52.7,0.0
13981627,Genoa,Lorenzo Colombo,miss,regular,358,22.6,78.3,0,0,41.5,8.3,0.59999999999999,57.4,0.0
13981627,Genoa,Vitinha,block,throw-in-set-piece,271,7.1,45.6,0,0,51.7,19.0,6.0,45.3,0.0
13981627,Genoa,Lorenzo Colombo,miss,assisted,208,7.5,66.8,0,0,49.7,56.9,,,
13981627,Parma,Adrián Bernabé,block,set-piece,59,23.8,45.4,0,0,47.3,19.0,21.8,46.0,0.0
13981626,Lazio,Gustav Isaksen,save,regular,5258,25.4,44.1,0,0,49.0,6.3,2.4,49.6,0.0
13981626,Lazio,Manuel Lazzari,miss,corner,4547,31.5,47.7,0,0,41.8,90.3,,,
13981626,Como,Mërgim Vojvoda,miss,assisted,4440,9.4,73.4,0,0,41.5,4.2,,,
13981626,Como,Stefan Posch,miss,corner,4412,5.1,51.4,0,0,63.4,19.4,,,
13981626,Como,Lucas Da Cunha,save,assisted,4359,9.7,56.2,0,0,49.0,19.0,6.0,54.0,0.0
13981626,Lazio,Tijjani Noslin,miss,assisted,3851,22.2,30.4,0,0,58.8,20.8,,,
13981626,Como,Lucas Da Cunha,miss,assisted,3551,25.2,51.6,0,0,58.2,54.2,,,
13981626,Como,Nico Paz,goal,assisted,2926,18.3,54.7,0,0,54.2,24.7,,,
13981626,Lazio,Mattia Zaccagni,save,regular,2674,4.1,40.6,0,0,52.3,4.4,2.3,43.7,0.0
13981626,Como,Ivan Smolčić,save,set-piece,2551,9.1,52.0,0,0,50.4,13.9,7.1,51.8,0.0
13981626,Lazio,Danilo Cataldi,miss,assisted,2227,19.1,31.8,0,0,45.9,75.0,,,
13981626,Como,Nico Paz,save,penalty,2041,11.5,50.0,0,0,47.6,13.9,0.59999999999999,50.0,0.0
13981626,Como,Nico Paz,block,assisted,1762,15.6,41.5,0,0,52.0,19.0,13.8,42.2,0.0
13981626,Lazio,Mattia Zaccagni,save,assisted,1536,19.4,26.3,0,0,48.3,7.0,1.8,48.0,0.0
13981626,Como,Nico Paz,goal,assisted,1420,6.9,45.8,0,0,49.7,12.7,,,
13981626,Como,Maxence Caqueret,block,assisted,1417,9.8,49.3,0,0,50.8,19.0,8.1,49.3,0.0
13981626,Lazio,Mattia Zaccagni,block,assisted,997,13.6,28.0,0,0,51.5,19.0,11.0,31.9,0.0
13981626,Lazio,Danilo Cataldi,save,assisted,808,26.1,28.3,0,0,49.7,9.5,2.5,48.4,0.0
13981626,Como,Martin Baturina,goal,assisted,89,16.6,46.4,0,0,52.2,10.1,,,
13981628,Lecce,Youssef Maleh,miss,regular,5624,21.5,38.0,0,0,59.7,6.9,,,
13981628,Milan,Christopher Nkunku,save,assisted,5544,3.5,47.9,0,0,53.8,14.6,0.90000000000001,45.5,0.0
13981628,Milan,Niclas Füllkrug,goal,assisted,4512,4.0,50.5,0,0,53.6,7.0,,,
13981628,Milan,Niclas Füllkrug,save,corner,4364,2.1,50.1,0,0,51.1,17.7,1.1,50.0,0.0
13981628,Milan,Matteo Gabbia,miss,corner,4361,6.6,54.8,0,0,66.7,6.9,3.5,45.3,0.0
13981628,Milan,Adrien Rabiot,miss,assisted,3854,10.1,38.5,0,0,43.0,81.9,,,
13981628,Milan,Christian Pulišić,save,assisted,3685,10.7,40.5,0,0,49.1,7.0,3.1,45.8,0.0
13981628,Milan,Matteo Gabbia,miss,corner,3466,7.1,52.1,0,0,50.3,62.5,,,
13981628,Milan,Samuele Ricci,save,regular,3410,14.4,66.0,0,0,46.0,3.2,1.6,52.5,0.0
13981628,Milan,Pervis Estupiñán,miss,corner,3320,24.7,50.7,0,0,49.7,77.8,,,
13981628,Milan,Fikayo Tomori,miss,assisted,3287,12.0,64.4,0,0,70.9,15.3,11.1,61.6,0.0
13981628,Milan,Matteo Gabbia,miss,corner,3172,8.0,52.1,0,0,52.9,80.6,,,
13981628,Milan,Alexis Saelemaekers,block,assisted,3127,7.1,68.5,0,0,48.3,19.0,5.5,64.6,0.0
13981628,Milan,Rafael Leão,block,assisted,3025,13.0,32.5,0,0,52.1,19.0,11.8,33.9,0.0
13981628,Milan,Alexis Saelemaekers,block,corner,2538,21.8,61.5,0,0,48.0,19.0,17.5,59.6,0.0
13981628,Milan,Adrien Rabiot,block,corner,2497,4.3,44.9,0,0,50.5,19.0,1.9,47.5,0.0
13981628,Milan,Alexis Saelemaekers,block,assisted,2068,19.2,30.1,0,0,50.6,19.0,10.2,39.2,0.0
13981628,Milan,Christian Pulišić,save,assisted,2009,5.5,67.1,0,0,47.4,6.3,0.90000000000001,53.4,0.0
13981628,Lecce,Nikola Štulić,miss,assisted,1760,8.3,41.5,0,0,49.1,87.5,,,
13981628,Lecce,Nikola Štulić,miss,assisted,1548,10.7,50.9,0,0,100.0,4.2,6.4,7.7,0.0
13981628,Milan,Rafael Leão,block,assisted,756,18.7,47.0,0,0,50.5,19.0,17.3,47.2,0.0
13981628,Milan,Matteo Gabbia,miss,assisted,346,9.5,46.2,0,0,58.5,37.5,,,
13981628,Milan,Alexis Saelemaekers,miss,assisted,307,15.7,68.3,0,0,61.8,22.2,,,
13981633,Sassuolo,Jay Idzes,miss,assisted,5598,28.2,59.1,0,0,57.8,76.4,,,
13981633,Napoli,Matteo Politano,miss,assisted,5488,23.4,61.5,0,0,62.4,5.6,,,
13981633,Sassuolo,Luca Lipani,block,regular,5255,26.3,60.1,0,0,49.7,19.0,19.5,57.6,0.0
13981633,Sassuolo,Laurs Skjellerup,block,assisted,5107,26.8,49.8,0,0,48.4,19.0,23.8,50.0,0.0
13981633,Sassuolo,Woyo Coulibaly,block,throw-in-set-piece,4854,27.8,49.9,0,0,49.0,19.0,20.7,50.2,0.0
13981633,Napoli,Pasquale Mazzocchi,save,corner,4651,26.2,59.7,0,0,52.9,22.8,2.3,51.6,0.0
13981633,Napoli,Scott McTominay,miss,regular,4434,29.3,51.4,0,0,58.3,11.1,,,
13981633,Sassuolo,Andrea Pinamonti,block,assisted,4275,14.8,55.0,0,0,46.0,19.0,12.9,54.9,0.0
13981633,Napoli,Matteo Politano,block,regular,3771,22.5,59.8,0,0,51.7,19.0,18.5,57.8,0.0
13981633,Sassuolo,Nemanja Matić,miss,regular,3237,19.3,45.0,0,0,57.1,87.5,,,
13981633,Sassuolo,Andrea Pinamonti,block,regular,3231,18.7,44.9,0,0,52.0,19.0,15.1,45.5,0.0
13981633,Sassuolo,Tarik Muharemović,block,corner,2976,13.9,35.1,0,0,51.0,19.0,10.2,38.8,0.0
13981633,Sassuolo,Luca Lipani,save,assisted,2901,13.8,48.3,0,0,47.9,2.5,0.7,49.8,0.0
13981633,Napoli,Antonio Vergara,miss,regular,2747,26.3,58.2,0,0,58.2,68.1,,,
13981633,Napoli,Scott McTominay,miss,free-kick,2488,22.1,48.4,0,0,56.8,2.8,,,
13981633,Sassuolo,Armand Laurienté,miss,free-kick,2351,29.3,52.5,0,0,45.4,80.6,,,
13981633,Sassuolo,Aster Vranckx,save,corner,2115,7.7,50.7,0,0,46.9,2.5,1.4,50.0,0.0
13981633,Sassuolo,Alieu Fadera,miss,fast-break,2005,15.2,65.5,0,0,43.5,12.5,,,
13981633,Sassuolo,Alieu Fadera,block,assisted,1938,10.8,59.7,0,0,47.7,19.0,9.6,58.8,0.0
13981633,Sassuolo,Armand Laurienté,save,assisted,1804,15.3,27.2,0,0,51.6,17.7,1.1,48.6,0.0
13981633,Sassuolo,Nemanja Matić,miss,corner,1614,11.4,57.6,0,0,60.3,4.2,5.1,43.5,0.0
13981633,Sassuolo,Josh Doig,miss,corner,1397,25.0,51.7,0,0,55.1,79.2,,,
13981633,Sassuolo,Sebastian Walukiewicz,block,assisted,1294,21.4,73.9,0,0,48.4,19.0,15.8,68.1,0.0
13981633,Sassuolo,Luca Lipani,miss,regular,1113,18.6,51.1,0,0,58.5,5.6,,,
13981633,Napoli,Giovanni Di Lorenzo,miss,throw-in-set-piece,990,8.9,44.1,0,0,58.0,16.7,,,
13981633,Sassuolo,Nemanja Matić,block,assisted,591,25.3,61.2,0,0,54.7,19.0,23.6,60.1,0.0
13981633,Sassuolo,Andrea Pinamonti,block,regular,584,10.1,54.3,0,0,48.7,19.0,8.4,53.8,0.0
13981633,Sassuolo,Armand Laurienté,save,assisted,581,19.3,37.5,0,0,47.9,7.6,1.5,49.5,0.0
13981633,Napoli,Stanislav Lobotka,goal,regular,395,15.1,51.9,0,0,50.8,29.1,,,
13981633,Napoli,Eljif Elmas,save,assisted,393,7.9,31.6,0,0,49.0,18.4,1.6,46.0,0.0
13981633,Napoli,Rasmus Højlund,save,assisted,219,3.8,59.2,0,0,47.3,3.2,2.4,56.3,0.0
13981633,Napoli,Giovanni Di Lorenzo,miss,corner,113,3.8,60.9,0,0,53.4,87.5,,,
13981620,Bologna,Giovanni Fabbian,miss,corner,5731,18.8,46.2,0,0,35.6,33.3,9.0,53.1,0.0
13981620,Bologna,Torbjørn Heggem,miss,corner,5727,12.2,52.8,0,0,63.9,13.9,9.8,49.8,0.0
13981620,Bologna,Nicolò Cambiaghi,block,assisted,5686,8.5,32.1,0,0,53.6,19.0,5.9,36.5,0.0
13981620,Bologna,Jonathan Rowe,miss,assisted,5608,8.8,53.0,0,0,40.2,58.3,,,
13981620,Bologna,Santiago Castro,miss,assisted,5513,4.5,51.6,0,0,39.3,61.1,,,
13981620,Bologna,Giovanni Fabbian,goal,assisted,5262,7.3,51.0,0,0,53.1,20.9,,,
13981620,Fiorentina,Manor Solomon,miss,assisted,5174,14.4,24.8,0,0,42.7,55.6,,,
13981620,Fiorentina,Marco Brescianini,block,assisted,5168,10.3,35.0,0,0,48.9,19.0,8.9,37.2,0.0
13981620,Bologna,Jonathan Rowe,post,assisted,5092,14.2,71.1,0,0,55.3,7.6,,,
13981620,Bologna,Jonathan Rowe,save,assisted,5025,9.7,48.9,0,0,48.4,11.4,0.099999999999994,50.9,0.0
13981620,Bologna,Giovanni Fabbian,save,assisted,4919,9.2,50.7,0,0,49.0,17.7,0.90000000000001,51.8,0.0
13981620,Bologna,Santiago Castro,block,corner,4788,13.6,49.7,0,0,53.8,19.0,11.2,49.1,0.0
13981620,Bologna,Juan Miranda,block,regular,3558,20.5,31.3,0,0,49.6,19.0,9.9,41.2,0.0
13981620,Bologna,Nikola Moro,miss,set-piece,3475,25.7,53.8,0,0,40.3,11.1,,,
13981620,Bologna,Nikola Moro,block,set-piece,3471,24.8,45.0,0,0,51.6,19.0,14.9,46.4,0.0
13981620,Bologna,Santiago Castro,miss,corner,3277,7.6,43.4,0,0,59.0,79.2,,,
13981620,Fiorentina,Marin Pongračić,save,fast-break,3104,9.1,32.5,0,0,48.5,19.0,6.2,37.7,0.0
13981620,Bologna,Santiago Castro,block,assisted,2760,9.9,53.5,0,0,54.4,19.0,8.9,52.7,0.0
13981620,Fiorentina,Roberto Piccoli,goal,fast-break,2681,4.0,54.6,0,0,45.9,4.4,,,
13981620,Fiorentina,Nicolò Fagioli,save,assisted,2189,18.6,40.0,0,0,49.2,15.2,1.8,50.2,0.0
13981620,Fiorentina,Rolando Mandragora,miss,assisted,2092,23.4,71.6,0,0,58.8,25.0,,,
13981620,Bologna,Emil Holm,block,corner,1790,7.4,47.0,0,0,52.4,19.0,5.9,47.1,0.0
13981620,Bologna,Emil Holm,miss,set-piece,1666,9.8,54.0,0,0,37.6,5.6,,,
13981620,Fiorentina,Fabiano Parisi,miss,assisted,1364,9.8,64.6,0,0,43.7,8.3,,,
13981620,Bologna,Riccardo Orsolini,block,assisted,1307,20.6,69.4,0,0,52.4,19.0,11.5,59.7,0.0
13981620,Fiorentina,Rolando Mandragora,goal,assisted,1115,6.7,52.8,0,0,47.4,5.1,,,
13981620,Fiorentina,Roberto Piccoli,block,assisted,895,9.1,72.3,0,0,53.8,19.0,8.1,69.5,0.0
13981620,Fiorentina,Roberto Piccoli,miss,corner,383,2.9,38.8,0,0,57.8,22.2,,,
13981620,Fiorentina,Fabiano Parisi,block,assisted,286,11.9,65.3,0,0,48.2,19.0,9.6,62.6,0.0
13981622,Hellas Verona,Roberto Gagliardini,miss,assisted,5590,26.7,67.0,0,0,42.0,88.9,,,
13981622,Hellas Verona,Tobias Slotsager,block,set-piece,5503,4.8,61.5,0,0,51.3,19.0,1.5,52.7,0.0
13981622,Hellas Verona,Victor Nelsson,miss,corner,5315,7.8,44.4,0,0,52.1,68.1,,,
13981622,Hellas Verona,Giovane,block,assisted,5279,14.8,50.8,0,0,50.6,19.0,12.1,50.5,0.0
13981622,Hellas Verona,Giovane,block,corner,4759,6.8,62.5,0,0,50.5,19.0,6.3,61.6,0.0
13981622,Hellas Verona,Antoine Bernede,save,assisted,4729,19.1,58.7,0,0,49.0,32.9,0.7,51.6,0.0
13981622,Hellas Verona,Suat Serdar,save,assisted,4271,31.5,30.4,0,0,50.8,25.3,2.2,49.3,0.0
13981622,Cremonese,Jari Vandeputte,save,assisted,4056,22.0,57.3,0,0,49.8,21.5,1.8,51.1,0.0
13981622,Hellas Verona,Giovane,save,assisted,3804,2.2,32.7,0,0,53.5,17.7,0.099999999999994,44.9,0.0
13981622,Cremonese,Federico Bonazzoli,block,fast-break,3401,12.2,53.8,0,0,51.4,19.0,8.8,52.3,0.0
13981622,Hellas Verona,Amin Sarr,miss,assisted,3091,18.9,49.1,0,0,40.7,9.7,,,
13981622,Cremonese,Alberto Grassi,miss,fast-break,3034,19.8,53.3,0,0,41.2,27.8,,,
13981622,Cremonese,Federico Bonazzoli,block,assisted,2877,19.4,60.0,0,0,51.1,19.0,16.4,58.3,0.0
13981622,Cremonese,Federico Baschirotto,block,set-piece,2426,5.8,46.6,0,0,48.3,19.0,4.0,48.2,0.0
13981622,Hellas Verona,Giovane,save,assisted,2245,12.0,27.4,0,0,47.5,13.3,1.4,47.8,0.0
13981622,Cremonese,Tommaso Barbieri,miss,assisted,811,9.8,69.1,0,0,62.9,1.4,,,
13981622,Hellas Verona,Enzo Ebosse,miss,corner,677,10.0,53.4,0,0,64.4,13.9,,,
13981622,Cremonese,Jamie Vardy,miss,fast-break,436,46.6,43.4,0,0,46.6,69.4,,,
13981637,Inter,Henrikh Mkhitaryan,goal,corner,5554,1.1,47.0,0,0,52.7,7.6,,,
13981637,Inter,Yann Bisseck,save,corner,5552,8.4,53.7,0,0,53.6,19.0,1.0,47.3,0.0
13981637,Inter,Alessandro Bastoni,save,fast-break,5386,8.8,43.2,0,0,53.2,19.0,6.3,44.2,0.0
13981637,Inter,Ange-Yoan Bonny,goal,assisted,5142,7.7,35.4,0,0,49.6,3.2,,,
13981637,Inter,Federico Dimarco,goal,fast-break,4870,11.5,32.8,0,0,53.3,12.7,,,
13981637,Inter,Marcus Thuram,miss,fast-break,4691,9.8,64.3,0,0,70.4,2.8,,,
13981637,Inter,Stefan de Vrij,save,corner,4582,9.0,51.6,0,0,53.5,15.8,1.6,50.9,0.0
13981637,Pisa,Simone Canestrelli,miss,corner,4485,6.9,53.2,0,0,49.6,68.1,,,
13981637,Pisa,Mehdi Léris,save,assisted,4342,22.8,21.5,0,0,50.0,16.5,1.2,48.4,0.0
13981637,Inter,Carlos Augusto,miss,throw-in-set-piece,4261,14.2,57.7,0,0,62.2,73.6,,,
13981637,Inter,Henrikh Mkhitaryan,miss,assisted,4073,22.6,60.6,0,0,39.5,79.2,,,
13981637,Inter,Marcus Thuram,miss,assisted,3943,7.5,41.8,0,0,61.0,4.2,,,
13981637,Inter,Piotr Zieliński,block,assisted,3910,24.4,52.8,0,0,51.0,19.0,15.8,51.4,0.0
13981637,Inter,Carlos Augusto,miss,regular,3802,9.5,59.5,0,0,44.5,86.1,,,
13981637,Inter,Federico Dimarco,save,regular,3775,2.4,41.2,0,0,52.3,19.0,0.3,46.7,0.0
13981637,Inter,Marcus Thuram,save,fast-break,3773,12.1,64.2,0,0,53.2,1.9,0.90000000000001,51.3,0.0
13981637,Inter,Federico Dimarco,save,regular,3552,15.1,36.3,0,0,53.5,5.1,1.0,49.3,0.0
13981637,Inter,Francesco Pio Esposito,save,assisted,3518,16.3,49.1,0,0,47.8,26.6,0.5,50.0,0.0
13981637,Inter,Francesco Pio Esposito,miss,assisted,3395,9.4,49.8,0,0,43.0,12.5,,,
13981637,Inter,Petar Sučić,block,corner,2821,12.2,56.1,0,0,48.3,19.0,8.8,54.9,0.0
13981637,Inter,Francesco Pio Esposito,goal,assisted,2790,5.1,46.6,0,0,48.3,25.9,,,
13981637,Pisa,Idrissa Touré,block,corner,2738,12.2,37.7,0,0,52.5,19.0,7.5,41.5,0.0
13981637,Pisa,Stefano Moreo,miss,corner,2735,8.9,57.4,0,0,64.0,29.2,5.1,43.7,0.0
13981637,Inter,Lautaro Martínez,goal,assisted,2409,4.1,54.3,0,0,53.6,5.7,,,
13981637,Inter,Piotr Zieliński,goal,penalty,2317,11.5,50.0,0,0,48.0,32.3,,,
13981637,Inter,Piotr Zieliński,block,regular,2169,18.7,48.3,0,0,47.6,19.0,14.2,49.3,0.0
13981637,Inter,Federico Dimarco,save,assisted,2166,8.3,41.7,0,0,52.9,19.0,1.1,49.1,0.0
13981637,Inter,Yann Bisseck,block,corner,2142,9.8,57.7,0,0,47.6,19.0,6.6,56.0,0.0
13981637,Inter,Petar Sučić,miss,assisted,1872,9.4,65.1,0,0,98.5,23.6,2.0,0.0,0.0
13981637,Pisa,Matteo Tramoni,block,fast-break,1713,28.2,23.2,0,0,49.9,19.0,21.5,29.6,0.0
13981637,Inter,Lautaro Martínez,block,assisted,1622,9.5,43.6,0,0,47.9,19.0,8.0,44.9,0.0
13981637,Pisa,Stefano Moreo,goal,corner,1370,4.4,39.2,0,0,53.0,13.9,,,
13981637,Inter,Lautaro Martínez,miss,corner,1185,6.3,48.6,0,0,59.5,34.7,1.9,43.7,0.0
13981637,Inter,Alessandro Bastoni,miss,corner,1183,7.7,37.8,0,0,38.7,19.4,4.0,47.1,0.0
13981637,Inter,Yann Bisseck,miss,assisted,1089,13.6,48.9,0,0,43.0,2.8,,,
13981637,Inter,Carlos Augusto,miss,corner,991,14.9,31.8,0,0,7.1,30.6,3.6,100.0,0.0
13981637,Inter,Stefan de Vrij,block,assisted,947,15.7,55.6,0,0,51.0,19.0,12.7,54.3,0.0
13981637,Pisa,Michel Aebischer,block,corner,863,15.8,35.8,0,0,50.1,19.0,10.2,40.8,0.0
13981637,Pisa,Stefano Moreo,goal,regular,646,33.7,75.6,0,0,45.9,17.1,,,
13981637,Inter,Francesco Pio Esposito,block,assisted,343,9.0,42.6,0,0,49.8,19.0,7.1,44.2,0.0
13981637,Inter,Petar Sučić,miss,assisted,341,12.2,44.6,0,0,40.5,15.3,6.7,44.4,0.0
13981637,Inter,Francesco Pio Esposito,miss,assisted,265,13.5,44.4,0,0,41.7,2.8,,,
13981640,Udinese,Sandi Lovrić,miss,assisted,5511,29.7,41.5,0,0,43.0,13.9,,,
13981640,Hellas Verona,Gift Orban,save,free-kick,5272,15.2,17.7,0,0,51.3,19.6,1.1,48.9,0.0
13981640,Udinese,Keinan Davis,block,fast-break,4944,13.3,38.3,0,0,52.0,19.0,8.6,41.7,0.0
13981640,Hellas Verona,Gift Orban,block,assisted,4456,12.2,55.2,0,0,50.6,19.0,7.0,52.7,0.0
13981640,Hellas Verona,Gift Orban,save,assisted,4152,13.9,49.1,0,0,46.3,1.9,4.4,50.4,0.0
13981640,Udinese,Keinan Davis,goal,fast-break,3960,10.8,35.4,0,0,51.6,33.5,,,
13981640,Udinese,Arthur Atta,save,assisted,3907,12.5,37.4,0,0,51.0,1.3,3.3,46.2,0.0
13981640,Udinese,Arthur Atta,block,assisted,3802,22.3,35.6,0,0,51.0,19.0,19.8,36.1,0.0
13981640,Udinese,Arthur Atta,save,fast-break,3760,11.1,37.6,0,0,50.0,0.6,3.3,44.9,0.0
13981640,Udinese,Keinan Davis,miss,corner,3643,8.8,57.3,0,0,53.1,58.3,,,
13981640,Udinese,Alessandro Zanoli,goal,set-piece,3448,11.9,64.4,0,0,53.6,26.6,,,
13981640,Udinese,Jordan Zemura,block,free-kick,3446,23.1,62.6,0,0,49.0,19.0,15.3,58.7,0.0
13981640,Udinese,Arthur Atta,miss,corner,3171,5.7,38.0,0,0,50.6,54.2,,,
13981640,Udinese,Lennon Miller,block,assisted,3138,17.5,38.3,0,0,49.2,19.0,11.0,43.0,0.0
13981640,Udinese,Alessandro Zanoli,miss,corner,3003,20.9,63.4,0,0,57.3,83.3,,,
13981640,Hellas Verona,Amin Sarr,miss,throw-in-set-piece,2831,12.8,60.3,0,0,50.8,79.2,,,
13981640,Udinese,Jordan Zemura,save,fast-break,2809,7.3,34.2,0,0,54.2,13.3,1.2,45.7,0.0
13981640,Udinese,Jordan Zemura,miss,assisted,2559,15.4,38.8,0,0,30.6,51.4,,,
13981640,Udinese,Arthur Atta,block,fast-break,2227,12.5,35.1,0,0,51.6,19.0,6.8,41.2,0.0
13981640,Hellas Verona,Domagoj Bradarić,save,throw-in-set-piece,1874,9.5,40.0,0,0,52.0,19.0,1.5,47.7,0.0
13981640,Hellas Verona,Gift Orban,goal,fast-break,1534,10.2,45.7,0,0,52.9,19.6,,,
13981640,Udinese,Arthur Atta,goal,assisted,1326,15.7,25.1,0,0,51.3,15.2,,,
13981640,Udinese,Keinan Davis,block,fast-break,1317,18.2,44.7,0,0,52.5,19.0,15.4,45.1,0.0
13981640,Udinese,Jesper Karlström,miss,assisted,1132,18.5,53.2,0,0,43.0,12.5,,,
13981640,Udinese,Jürgen Ekkelenkamp,save,regular,829,25.4,49.5,0,0,49.7,8.2,2.5,50.4,0.0
13981640,Udinese,Lennon Miller,block,assisted,720,22.2,39.1,0,0,46.2,19.0,12.5,45.5,0.0
13981640,Hellas Verona,Antoine Bernede,block,regular,694,22.9,45.2,0,0,50.0,19.0,14.5,46.9,0.0
13981642,Cremonese,Federico Bonazzoli,save,set-piece,5785,18.8,54.2,0,0,48.4,1.9,4.9,51.4,0.0
13981642,Sassuolo,Nicholas Pierini,post,corner,5567,12.5,26.8,0,0,45.9,38.6,,,
13981642,Sassuolo,Nicholas Pierini,save,assisted,5454,16.0,36.2,0,0,52.9,3.8,1.2,47.1,0.0
13981642,Cremonese,Federico Bonazzoli,block,assisted,5149,23.8,71.4,0,0,49.7,19.0,11.9,60.8,0.0
13981642,Sassuolo,Josh Doig,miss,corner,4578,15.4,44.2,0,0,51.9,65.3,,,
13981642,Sassuolo,Nemanja Matić,block,corner,4178,16.9,30.3,0,0,49.1,19.0,9.2,39.7,0.0
13981642,Sassuolo,Armand Laurienté,save,free-kick,4133,24.9,46.4,0,0,52.9,24.7,1.1,50.4,0.0
13981642,Cremonese,Matteo Bianchetti,miss,set-piece,4020,13.0,59.3,0,0,23.2,11.1,,,
13981642,Cremonese,Federico Bonazzoli,save,assisted,3723,24.1,52.6,0,0,47.1,21.5,2.2,51.6,0.0
13981642,Cremonese,Federico Bonazzoli,block,fast-break,3714,9.7,62.6,0,0,47.9,19.0,7.7,60.5,0.0
13981642,Sassuolo,Luca Moro,miss,assisted,3246,9.5,47.9,0,0,59.3,20.8,,,
13981642,Cremonese,Jamie Vardy,miss,assisted,2771,12.3,14.3,0,0,40.8,18.1,,,
13981642,Cremonese,Alessio Zerbin,save,regular,2692,25.6,51.9,0,0,50.4,10.1,4.4,50.2,0.0
13981642,Sassuolo,Sebastian Walukiewicz,miss,assisted,2525,22.5,68.7,0,0,41.0,86.1,,,
13981642,Cremonese,Federico Bonazzoli,block,regular,1943,18.8,56.4,0,0,54.0,19.0,16.7,55.2,0.0
13981642,Sassuolo,Josh Doig,save,assisted,1499,26.5,25.4,0,0,50.8,10.8,1.8,48.7,0.0
13981642,Sassuolo,Armand Laurienté,miss,assisted,1095,27.2,70.5,0,0,43.2,73.6,,,
13981642,Cremonese,Michele Collocolo,block,fast-break,793,9.1,72.0,0,0,54.5,4.2,6.0,63.9,0.0
13981642,Cremonese,Jamie Vardy,save,fast-break,790,13.3,51.4,0,0,50.3,3.8,4.5,50.5,0.0
13981642,Sassuolo,Armand Laurienté,save,assisted,255,20.9,21.5,0,0,51.4,8.2,1.6,49.3,0.0
13981642,Sassuolo,Alieu Fadera,goal,fast-break,131,8.8,49.0,0,0,53.4,3.8,,,
13981642,Sassuolo,Armand Laurienté,save,fast-break,129,27.4,39.5,0,0,49.4,4.4,2.3,49.3,0.0
13981642,Sassuolo,Luca Moro,save,assisted,61,9.2,48.5,0,0,52.3,10.1,1.5,49.6,0.0
13981639,Lazio,Kenneth Taylor,block,assisted,5706,15.6,33.5,0,0,48.9,19.0,7.2,43.0,0.0
13981639,Lecce,Walid Cheddira,block,assisted,5626,9.8,64.9,0,0,48.0,19.0,8.9,63.7,0.0
13981639,Lecce,Jamil Siebert,block,corner,5576,8.5,44.0,0,0,51.8,19.0,7.0,44.8,0.0
13981639,Lecce,Walid Cheddira,block,assisted,5517,3.8,37.6,0,0,53.7,19.0,3.1,38.3,0.0
13981639,Lazio,Kenneth Taylor,miss,regular,5332,19.2,48.7,0,0,58.2,15.3,,,
13981639,Lecce,Riccardo Sottil,block,assisted,5159,14.2,23.5,0,0,53.3,19.0,11.2,28.3,0.0
13981639,Lecce,Riccardo Sottil,save,free-kick,4433,27.5,50.7,0,0,53.7,18.4,1.4,49.8,0.0
13981639,Lecce,Walid Cheddira,miss,assisted,4170,26.6,32.7,0,0,58.3,8.3,,,
13981639,Lecce,Ylber Ramadani,miss,assisted,3872,22.3,45.2,0,0,48.4,86.1,,,
13981639,Lazio,Mattia Zaccagni,miss,regular,3334,13.1,29.2,0,0,59.5,12.5,7.7,36.6,0.0
13981639,Lazio,Boulaye Dia,save,assisted,3219,7.1,42.1,0,0,51.6,3.8,5.1,43.7,0.0
13981639,Lecce,Danilo Veiga,miss,free-kick,2909,28.3,32.7,0,0,56.5,62.5,,,
13981639,Lazio,Kenneth Taylor,block,regular,2785,11.6,62.7,0,0,49.8,19.0,10.2,61.2,0.0
13981639,Lazio,Toma Bašić,block,assisted,2781,13.6,58.9,0,0,48.9,19.0,11.6,57.8,0.0
13981639,Lecce,Omri Gandelman,block,assisted,2478,20.2,69.3,0,0,48.8,19.0,17.6,67.0,0.0
13981639,Lecce,Ylber Ramadani,post,assisted,2314,26.2,38.9,0,0,46.9,39.9,,,
13981639,Lecce,Lameck Banda,block,assisted,1486,23.2,53.2,0,0,53.0,19.0,21.4,52.7,0.0
13981639,Lecce,Santiago Pierotti,miss,assisted,1107,8.8,55.6,0,0,48.1,79.2,,,
13981639,Lecce,Lassana Coulibaly,save,regular,1094,24.1,43.6,0,0,46.7,8.2,1.8,49.6,0.0
13981639,Lecce,Lassana Coulibaly,miss,corner,465,11.0,55.9,0,0,63.2,2.8,7.1,48.2,0.0
13981639,Lecce,Santiago Pierotti,block,assisted,58,10.3,70.9,0,0,50.8,19.0,9.0,68.2,0.0
13981632,Cagliari,Gennaro Borrelli,save,assisted,5773,11.6,35.6,0,0,46.7,1.3,1.4,47.5,0.0
13981632,Cagliari,Michel Adopo,save,fast-break,5760,19.2,59.3,0,0,50.5,21.5,4.1,50.2,0.0
13981632,Fiorentina,Nicolò Fagioli,block,free-kick,5246,27.6,60.6,0,0,49.7,19.0,17.6,56.9,0.0
13981632,Fiorentina,Giovanni Fabbian,save,regular,4732,13.3,47.4,0,0,50.3,14.6,4.5,50.0,0.0
13981632,Fiorentina,Nicolò Fagioli,block,assisted,4730,13.4,40.7,0,0,49.0,19.0,10.5,43.0,0.0
13981632,Fiorentina,Marco Brescianini,block,assisted,4702,7.1,44.8,0,0,50.7,19.0,5.1,46.1,0.0
13981632,Fiorentina,Marco Brescianini,miss,assisted,4697,2.3,46.0,0,0,38.5,23.6,1.0,53.2,0.0
13981632,Fiorentina,Marco Brescianini,goal,assisted,4415,4.0,49.5,0,0,51.6,11.4,,,
13981632,Fiorentina,Albert Guðmundsson,block,regular,4337,19.1,35.0,0,0,48.9,19.0,17.5,36.4,0.0
13981632,Fiorentina,Manor Solomon,block,assisted,4034,9.2,68.1,0,0,48.1,19.0,6.8,63.8,0.0
13981632,Fiorentina,Albert Guðmundsson,post,assisted,3956,23.2,52.3,0,0,44.3,22.2,,,
13981632,Cagliari,Sebastiano Esposito,save,free-kick,3399,21.8,68.8,0,0,52.2,22.8,1.2,50.4,0.0
13981632,Cagliari,Semih Kılıçsoy,block,fast-break,3128,12.6,55.1,0,0,50.6,19.0,8.5,53.2,0.0
13981632,Cagliari,Marco Palestra,miss,fast-break,2924,3.9,64.3,0,0,43.4,2.8,,,
13981632,Cagliari,Marco Palestra,goal,fast-break,2786,12.2,61.7,0,0,53.2,1.9,,,
13981632,Cagliari,Sebastiano Esposito,save,assisted,2777,24.0,58.3,0,0,51.0,1.3,1.9,50.0,0.0
13981632,Fiorentina,Roberto Piccoli,miss,assisted,2295,18.8,39.1,0,0,59.7,37.5,,,
13981632,Fiorentina,Albert Guðmundsson,save,assisted,2008,5.4,59.7,0,0,47.2,11.4,3.2,57.0,0.0
13981632,Fiorentina,Robin Gosens,block,corner,1964,7.0,48.3,0,0,51.1,19.0,5.2,48.4,0.0
13981632,Cagliari,Semih Kılıçsoy,goal,assisted,1814,8.6,45.6,0,0,52.7,4.4,,,
13981632,Fiorentina,Pietro Comuzzo,miss,corner,1423,4.2,50.3,0,0,64.4,44.4,,,
13981632,Fiorentina,Rolando Mandragora,miss,assisted,680,29.0,59.7,0,0,59.3,77.8,,,
13981632,Cagliari,Zé Pedro,block,corner,413,7.9,51.9,0,0,50.6,19.0,5.9,51.3,0.0
13981632,Cagliari,Marco Palestra,block,assisted,369,13.3,65.8,0,0,50.5,19.0,10.7,62.6,0.0
13981632,Fiorentina,Albert Guðmundsson,miss,assisted,56,25.9,33.3,0,0,40.5,9.7,,,
13981636,Genoa,Junior Messias,save,assisted,5538,17.2,36.8,0,0,54.6,3.8,1.1,48.4,0.0
13981636,Genoa,Junior Messias,goal,assisted,5416,21.9,69.5,0,0,53.6,22.8,,,
13981636,Genoa,Ruslan Malinovskyi,save,assisted,5131,23.4,61.3,0,0,52.0,24.1,2.7,51.4,0.0
13981636,Bologna,Torbjørn Heggem,miss,set-piece,5016,9.9,49.5,0,0,68.6,6.9,7.5,46.2,0.0
13981636,Genoa,Caleb Ekuban,goal,throw-in-set-piece,4660,8.2,40.7,0,0,45.9,24.7,,,
13981636,Bologna,Lewis Ferguson,block,corner,4299,14.7,62.4,0,0,49.0,19.0,12.2,60.4,0.0
13981636,Bologna,Jonathan Rowe,block,fast-break,4203,5.1,74.2,0,0,45.2,19.0,4.5,71.8,0.0
13981636,Genoa,Vitinha,miss,assisted,4006,8.8,43.0,0,0,38.3,4.2,,,
13981636,Genoa,Ruslan Malinovskyi,goal,free-kick,3685,25.7,68.9,0,0,52.3,24.7,,,
13981636,Genoa,Sebastian Otoa,save,corner,3122,9.2,47.9,0,0,47.1,24.1,0.90000000000001,49.9,0.0
13981636,Bologna,Sebastian Otoa,goal,regular,2773,3.5,54.6,0,0,48.4,1.9,,,
13981636,Bologna,Ciro Immobile,miss,assisted,2528,22.0,29.1,0,0,40.8,73.6,,,
13981636,Bologna,Charalampos Lykogiannis,block,assisted,2498,23.7,24.6,0,0,49.1,19.0,12.7,36.8,0.0
13981636,Bologna,Ciro Immobile,block,corner,2457,9.1,67.3,0,0,48.9,19.0,7.9,65.2,0.0
13981636,Bologna,Jonathan Rowe,block,assisted,2149,18.2,52.1,0,0,49.9,19.0,16.6,51.9,0.0
13981636,Bologna,Lewis Ferguson,goal,assisted,2054,24.0,46.4,0,0,50.6,3.8,,,
13981636,Bologna,Jonathan Rowe,save,assisted,2018,14.1,66.0,0,0,50.5,8.9,1.0,50.5,0.0
13981636,Bologna,Remo Freuler,miss,throw-in-set-piece,1880,15.6,21.3,0,0,0.2,12.5,1.6,100.0,0.0
13981636,Bologna,Benjamín Domínguez,block,fast-break,1411,18.4,29.1,0,0,48.7,19.0,17.3,30.4,0.0
13981636,Bologna,Lewis Ferguson,miss,assisted,1288,4.8,40.7,0,0,30.6,2.8,,,
13981636,Genoa,Jeff Ekhator,block,assisted,968,8.5,54.9,0,0,49.8,19.0,7.2,54.2,0.0
13981636,Bologna,Charalampos Lykogiannis,save,set-piece,121,17.8,30.3,0,0,52.4,13.3,0.7,47.5,0.0
13981641,Milan,Niclas Füllkrug,miss,assisted,5420,14.9,48.0,0,0,45.4,70.8,,,
13981641,Milan,Davide Bartesaghi,block,assisted,4878,12.8,34.2,0,0,51.3,19.0,10.3,37.0,0.0
13981641,Roma,Bryan Cristante,save,corner,4651,7.0,57.0,0,0,46.1,20.9,0.7,53.1,0.0
13981641,Roma,Lorenzo Pellegrini,goal,penalty,4419,11.5,50.0,0,0,54.2,5.1,,,
13981641,Roma,Niccolò Pisilli,block,assisted,3877,18.6,53.1,0,0,47.1,19.0,15.0,53.1,0.0
13981641,Milan,Koni De Winter,goal,corner,3706,5.1,50.2,0,0,46.7,12.7,,,
13981641,Milan,Adrien Rabiot,save,assisted,2944,13.7,29.4,0,0,46.4,3.8,1.9,47.3,0.0
13981641,Roma,Donyell Malen,block,assisted,2784,20.5,43.0,0,0,45.9,19.0,18.2,44.2,0.0
13981641,Roma,Zeki Çelik,save,assisted,2720,7.5,52.7,0,0,49.6,17.1,0.3,52.7,0.0
13981641,Roma,Matías Soulé,miss,regular,2563,13.0,39.3,0,0,47.2,81.9,,,
13981641,Roma,Zeki Çelik,block,assisted,2553,4.3,65.6,0,0,50.8,19.0,3.7,63.4,0.0
13981641,Roma,Donyell Malen,save,assisted,1929,2.4,36.2,0,0,52.4,7.0,0.5,44.8,0.0
13981641,Roma,Donyell Malen,miss,corner,1112,9.2,53.9,0,0,42.2,9.7,,,
13981641,Roma,Matías Soulé,block,assisted,1018,27.3,39.3,0,0,50.5,19.0,16.0,43.5,0.0
13981641,Roma,Donyell Malen,miss,set-piece,795,7.4,47.2,0,0,58.7,20.8,,,
13981641,Roma,Donyell Malen,save,regular,464,4.0,61.9,0,0,50.1,1.9,1.4,53.6,0.0
13981641,Roma,Manu Koné,save,assisted,458,15.4,48.9,0,0,46.4,7.0,0.90000000000001,49.5,0.0
13981641,Roma,Donyell Malen,block,assisted,449,19.1,49.8,0,0,51.0,19.0,15.3,49.6,0.0
13981641,Milan,Alexis Saelemaekers,miss,assisted,111,24.4,60.8,0,0,58.2,63.9,,,
13981641,Roma,Donyell Malen,save,assisted,18,9.8,57.9,0,0,48.3,5.7,1.2,51.8,0.0
13981638,Napoli,Romelu Lukaku,miss,assisted,5418,7.4,40.3,0,0,26.7,5.6,,,
13981638,Juventus,Fabio Miretti,block,assisted,5275,12.0,54.4,0,0,49.7,19.0,10.2,53.8,0.0
13981638,Juventus,Filip Kostić,goal,regular,5121,22.2,54.7,0,0,45.8,3.8,,,
13981638,Juventus,Kenan Yıldız,miss,regular,4836,22.2,56.2,0,0,43.4,94.4,,,
13981638,Juventus,Kenan Yıldız,goal,assisted,4597,7.1,35.6,0,0,50.0,2.5,,,
13981638,Napoli,Miguel Gutiérrez,miss,free-kick,3442,26.7,59.4,0,0,59.5,45.8,,,
13981638,Napoli,Rasmus Højlund,miss,regular,3253,10.1,59.6,0,0,42.7,11.1,,,
13981638,Napoli,Leonardo Spinazzola,block,assisted,3249,24.2,53.7,0,0,47.9,19.0,14.7,53.1,0.0
13981638,Juventus,Jonathan David,block,assisted,3161,19.9,55.5,0,0,52.3,19.0,14.2,53.2,0.0
13981638,Juventus,Jonathan David,save,assisted,2731,20.2,62.4,0,0,48.7,29.7,2.4,52.2,0.0
13981638,Juventus,Khéphren Thuram,block,assisted,2698,11.9,32.1,0,0,50.6,19.0,9.0,36.3,0.0
13981638,Napoli,Scott McTominay,block,regular,2542,20.1,66.4,0,0,50.2,19.0,17.1,63.9,0.0
13981638,Juventus,Manuel Locatelli,save,assisted,2045,23.4,48.3,0,0,49.5,3.8,2.7,49.6,0.0
13981638,Napoli,Scott McTominay,block,free-kick,1583,28.7,48.8,0,0,51.4,19.0,18.5,48.7,0.0
13981638,Juventus,Francisco Conceição,save,assisted,1448,8.6,56.5,0,0,51.3,19.0,0.59999999999999,49.3,0.0
13981638,Juventus,Jonathan David,goal,assisted,1304,9.1,58.5,0,0,46.4,8.9,,,
13981638,Napoli,Rasmus Højlund,miss,assisted,1235,19.0,62.4,0,0,68.6,4.2,,,
13981638,Napoli,Antonio Vergara,save,assisted,1188,17.5,68.1,0,0,45.6,9.5,2.3,51.6,0.0
13981638,Juventus,Khéphren Thuram,post,assisted,1085,15.6,30.4,0,0,44.6,31.6,,,
13981638,Juventus,Weston McKennie,miss,assisted,973,9.2,52.9,0,0,62.4,22.2,,,
13981638,Napoli,Eljif Elmas,block,corner,622,21.6,32.3,0,0,49.9,19.0,11.5,40.6,0.0
13981635,Parma,Jacob Ondrejka,miss,assisted,5597,27.5,64.6,0,0,59.2,12.5,,,
13981635,Atalanta,Nikola Krstović,goal,corner,5517,3.5,49.3,0,0,53.9,5.7,,,
13981635,Atalanta,Honest Ahanor,save,corner,5516,7.9,52.1,0,0,50.6,21.5,0.099999999999994,51.4,0.0
13981635,Atalanta,Ademola Lookman,block,assisted,5283,10.2,25.0,0,0,49.4,19.0,8.5,29.2,0.0
13981635,Parma,Emanuele Valeri,block,set-piece,5149,16.9,54.6,0,0,49.6,19.0,12.3,54.0,0.0
13981635,Atalanta,Ademola Lookman,block,regular,5016,2.9,37.4,0,0,53.8,19.0,2.0,40.1,0.0
13981635,Atalanta,Éderson,block,regular,5015,9.2,41.7,0,0,51.4,19.0,6.6,43.7,0.0
13981635,Atalanta,Nikola Krstović,block,regular,5007,13.8,53.4,0,0,48.1,5.6,11.1,53.1,0.0
13981635,Parma,Mateo Pellegrino,miss,set-piece,4544,4.3,52.7,0,0,55.0,62.5,,,
13981635,Atalanta,Giacomo Raspadori,goal,assisted,4342,3.5,49.8,0,0,52.5,7.6,,,
13981635,Parma,Gaetano Oristanio,miss,fast-break,4288,21.0,65.8,0,0,59.5,90.3,,,
13981635,Parma,Mateo Pellegrino,save,assisted,4155,12.0,60.0,0,0,51.9,0.6,6.7,55.2,0.0
13981635,Parma,Mateo Pellegrino,block,assisted,4111,3.8,55.1,0,0,47.9,19.0,3.1,54.5,0.0
13981635,Parma,Jacob Ondrejka,block,regular,3938,23.8,39.1,0,0,47.3,19.0,20.2,41.2,0.0
13981635,Atalanta,Nikola Krstović,miss,corner,3903,11.5,40.3,0,0,61.0,22.2,,,
13981635,Atalanta,Giacomo Raspadori,save,assisted,3855,11.0,56.8,0,0,50.3,26.6,2.0,52.3,0.0
13981635,Atalanta,Nikola Krstović,block,assisted,3766,24.5,31.2,0,0,47.7,19.0,22.8,32.7,0.0
13981635,Parma,Gaetano Oristanio,miss,assisted,3730,15.6,48.1,0,0,61.7,84.7,,,
13981635,Parma,Mateo Pellegrino,miss,throw-in-set-piece,3302,2.4,33.9,0,0,35.1,72.2,,,
13981635,Parma,Mariano Troilo,miss,corner,3112,6.8,50.7,0,0,39.3,19.4,1.0,56.1,0.0
13981635,Atalanta,Isak Hien,save,corner,3049,13.0,47.8,0,0,50.6,31.0,1.5,49.1,0.0
13981635,Atalanta,Giacomo Raspadori,block,assisted,3006,17.5,60.4,0,0,46.8,19.0,14.6,59.2,0.0
13981635,Parma,Adrián Bernabé,block,assisted,2813,26.0,73.0,0,0,51.5,19.0,22.7,69.9,0.0
13981635,Atalanta,Charles De Ketelaere,save,regular,2422,22.5,70.2,0,0,53.4,6.3,4.5,53.2,0.0
13981635,Atalanta,Gianluca Scamacca,miss,fast-break,2372,24.3,71.1,0,0,48.1,80.6,,,
13981635,Parma,Oliver Sørensen,block,assisted,1797,6.8,60.2,0,0,50.1,19.0,5.8,58.7,0.0
13981635,Atalanta,Gianluca Scamacca,save,fast-break,1726,3.0,52.9,0,0,48.9,19.0,1.8,52.2,0.0
13981635,Atalanta,Éderson,miss,fast-break,1612,12.5,45.4,0,0,42.0,4.2,,,
13981635,Atalanta,Marten de Roon,goal,assisted,1429,14.1,55.1,0,0,53.3,25.3,,,
13981635,Parma,Mandela Keita,miss,assisted,1294,25.3,70.5,0,0,47.9,79.2,,,
13981635,Atalanta,Gianluca Scamacca,goal,penalty,855,11.5,50.0,0,0,53.2,3.8,,,
13981635,Atalanta,Éderson,block,corner,729,19.9,49.5,0,0,53.4,19.0,18.4,49.3,0.0
13981635,Atalanta,Giacomo Raspadori,block,assisted,692,14.2,28.6,0,0,49.9,19.0,11.6,32.5,0.0
13981635,Atalanta,Giacomo Raspadori,block,assisted,688,13.3,33.1,0,0,52.3,19.0,11.9,34.7,0.0
13981635,Parma,Alessandro Circati,miss,corner,358,3.6,59.9,0,0,45.2,77.8,,,
13981635,Parma,Adrian Benedyczak,save,set-piece,319,7.5,47.1,0,0,53.3,9.5,0.59999999999999,49.5,0.0
13981631,Torino,Nikola Vlašić,miss,assisted,5344,22.6,65.0,0,0,71.8,1.4,,,
13981631,Como,Nicolas-Gerrit Kühn,block,assisted,4916,7.0,52.0,0,0,51.5,19.0,5.5,51.3,0.0
13981631,Como,Maxence Caqueret,goal,regular,4528,21.9,50.9,0,0,45.8,15.2,,,
13981631,Torino,Cesare Casadei,miss,assisted,4314,9.2,45.8,0,0,72.6,6.9,2.3,34.7,0.0
13981631,Como,Nicolas-Gerrit Kühn,goal,assisted,4151,16.9,68.0,0,0,51.9,27.8,,,
13981631,Como,Anastasios Douvikas,goal,assisted,3945,4.2,61.3,0,0,47.7,1.3,,,
13981631,Torino,Che Adams,save,assisted,3830,13.0,27.6,0,0,53.6,0.6,1.8,44.6,0.0
13981631,Como,Lucas Da Cunha,goal,penalty,3523,11.5,50.0,0,0,53.7,27.8,,,
13981631,Como,Martin Baturina,block,assisted,3196,8.3,64.8,0,0,53.7,19.0,7.7,63.5,0.0
13981631,Como,Nico Paz,miss,assisted,2676,24.1,48.5,0,0,36.1,1.4,,,
13981631,Como,Anastasios Douvikas,block,assisted,2651,18.4,69.1,0,0,51.5,19.0,16.8,67.3,0.0
13981631,Como,Jesús Rodriguez,miss,fast-break,2324,11.3,54.6,0,0,50.4,52.8,,,
13981631,Como,Jacobo Ramón,miss,set-piece,1974,11.2,53.8,0,0,43.2,23.6,6.3,53.1,0.0
13981631,Como,Jesús Rodriguez,miss,assisted,1812,12.2,66.4,0,0,63.5,54.2,,,
13981631,Como,Anastasios Douvikas,save,fast-break,1700,9.4,61.1,0,0,52.6,3.8,1.6,52.3,0.0
13981631,Como,Mërgim Vojvoda,miss,assisted,1634,38.1,58.3,0,0,64.4,30.6,,,
13981631,Torino,Che Adams,miss,set-piece,1459,11.0,54.8,0,0,41.2,6.9,,,
13981631,Torino,Adrien Tameze,miss,assisted,1085,22.0,30.3,0,0,62.5,2.8,,,
13981631,Torino,Cyril Ngonge,miss,assisted,1022,16.3,30.9,0,0,8.9,5.6,12.5,41.5,0.0
13981631,Como,Martin Baturina,goal,assisted,920,23.7,48.9,0,0,53.9,3.2,,,
13981631,Torino,Che Adams,block,assisted,756,7.4,51.9,0,0,49.3,19.0,6.8,51.8,0.0
13981631,Como,Anastasios Douvikas,goal,fast-break,474,8.7,58.5,0,0,46.3,13.3,,,
13981631,Como,Jesús Rodriguez,miss,fast-break,211,8.3,44.7,0,0,42.5,34.7,,,
13981631,Como,Nico Paz,block,assisted,60,20.7,59.4,0,0,53.1,18.1,17.7,57.6,0.0
13981651,Roma,Gianluca Mancini,save,assisted,5786,10.8,48.8,0,0,53.8,3.8,0.59999999999999,50.2,0.0
13981651,Roma,Wesley,block,corner,5012,19.1,65.5,0,0,50.0,19.0,16.7,63.5,0.0
13981651,Udinese,Jürgen Ekkelenkamp,save,free-kick,4512,26.2,67.5,0,0,48.4,26.6,0.7,50.4,0.0
13981651,Roma,Donyell Malen,block,assisted,4308,13.5,39.9,0,0,48.9,19.0,10.5,42.4,0.0
13981651,Roma,Donyell Malen,block,free-kick,4155,22.0,58.0,0,0,47.9,19.0,13.1,55.6,0.0
13981651,Roma,Matías Soulé,miss,assisted,3661,15.5,53.8,0,0,85.5,27.8,,,
13981651,Roma,Donyell Malen,block,assisted,3433,12.3,43.6,0,0,46.2,19.0,11.1,44.6,0.0
13981651,Udinese,Jürgen Ekkelenkamp,goal,free-kick,2926,24.6,28.2,0,0,46.4,11.4,,,
13981651,Roma,Wesley,save,assisted,2848,6.5,29.2,0,0,54.4,3.8,1.0,45.8,0.0
13981651,Roma,Matías Soulé,miss,free-kick,2676,21.6,55.2,0,0,45.5,58.3,,,
13981651,Udinese,Lennon Miller,miss,assisted,2366,24.0,32.7,0,0,57.5,65.3,,,
13981651,Udinese,Arthur Atta,miss,fast-break,2285,22.2,31.1,0,0,44.5,75.0,,,
13981651,Roma,Donyell Malen,save,fast-break,1704,15.6,49.0,0,0,53.9,4.4,1.6,50.0,0.0
13981651,Udinese,Oumar Solet,miss,corner,469,6.3,44.6,0,0,57.3,59.7,,,
13981651,Udinese,Jürgen Ekkelenkamp,save,corner,466,32.2,51.5,0,0,53.5,8.2,2.3,50.2,0.0
13981651,Udinese,Arthur Atta,save,set-piece,420,28.4,53.6,0,0,47.6,19.6,2.2,51.1,0.0
13981651,Roma,Gianluca Mancini,block,corner,266,8.9,52.1,0,0,52.4,19.0,7.6,51.4,0.0
13981648,Parma,Mateo Pellegrino,save,set-piece,5545,17.2,46.8,0,0,48.4,8.2,4.0,49.6,0.0
13981648,Parma,Mateo Pellegrino,miss,throw-in-set-piece,5077,4.4,55.0,0,0,43.0,8.3,,,
13981648,Juventus,Loïs Openda,miss,assisted,4973,8.5,51.9,0,0,63.2,16.7,,,
13981648,Juventus,Filip Kostić,block,fast-break,4947,22.6,47.4,0,0,51.1,19.0,20.1,47.6,0.0
13981648,Parma,Sascha Britschgi,block,assisted,4765,6.7,65.4,0,0,49.6,19.0,5.5,62.7,0.0
13981648,Parma,Mateo Pellegrino,miss,set-piece,4545,9.6,40.7,0,0,66.6,26.4,,,
13981648,Juventus,Jonathan David,goal,regular,3824,2.0,47.6,0,0,53.0,1.9,,,
13981648,Juventus,Francisco Conceição,save,assisted,3823,13.8,67.5,0,0,52.2,3.2,1.2,51.6,0.0
13981648,Juventus,Francisco Conceição,miss,assisted,3413,11.1,68.1,0,0,40.2,2.8,,,
13981648,Juventus,Bremer,goal,set-piece,3232,1.1,52.1,0,0,47.7,26.6,,,
13981648,Juventus,Jonathan David,save,set-piece,3230,2.6,49.5,0,0,46.1,26.4,0.0,53.2,0.0
13981648,Juventus,Weston McKennie,save,set-piece,3229,6.3,49.7,0,0,50.0,34.8,0.099999999999994,50.2,0.0
13981648,Parma,Andrea Cambiaso,goal,regular,3031,3.8,54.2,0,0,45.8,31.6,,,
13981648,Parma,Mateo Pellegrino,save,assisted,2953,19.4,60.3,0,0,50.4,32.9,1.5,50.5,0.0
13981648,Juventus,Kenan Yıldız,miss,regular,2876,15.8,33.8,0,0,63.0,9.7,,,
13981648,Parma,Gaetano Oristanio,save,regular,2562,20.9,42.7,0,0,52.2,16.5,2.2,49.1,0.0
13981648,Juventus,Weston McKennie,goal,assisted,2173,8.8,48.7,0,0,46.1,10.8,,,
13981648,Parma,Hans Nicolussi Caviglia,block,free-kick,1967,27.6,54.3,0,0,48.3,19.0,18.5,53.4,0.0
13981648,Parma,Emanuele Valeri,save,assisted,1793,24.5,30.9,0,0,46.8,5.1,2.5,48.6,0.0
13981648,Parma,Gaetano Oristanio,miss,set-piece,1060,11.4,54.8,0,0,32.8,16.7,,,
13981648,Juventus,Bremer,goal,corner,847,7.6,42.7,0,0,53.2,10.1,,,
13981648,Juventus,Francisco Conceição,block,regular,469,13.7,69.9,0,0,54.2,19.0,11.5,66.0,0.0
13981648,Juventus,Weston McKennie,block,assisted,468,18.4,53.0,0,0,51.3,19.0,16.3,52.5,0.0
13981648,Parma,Gaetano Oristanio,block,regular,332,20.0,58.9,0,0,49.0,19.0,17.8,58.0,0.0
13981648,Juventus,Francisco Conceição,post,fast-break,313,7.4,47.0,0,0,52.4,39.2,,,
13981648,Juventus,Francisco Conceição,save,assisted,50,8.3,57.9,0,0,53.9,2.5,2.5,52.2,0.0
13981645,Como,Marc-Oliver Kempf,miss,corner,5872,4.0,51.7,0,0,48.4,76.4,,,
13981645,Como,Nico Paz,save,penalty,5822,11.5,50.0,0,0,52.5,2.5,0.2,49.9,0.0
13981645,Como,Jesús Rodriguez,block,assisted,5369,13.2,29.9,0,0,52.4,19.0,12.2,31.3,0.0
13981645,Como,Nico Paz,miss,assisted,5058,18.9,48.5,0,0,54.3,77.8,,,
13981645,Como,Jacobo Ramón,save,assisted,4941,5.8,59.3,0,0,50.6,13.3,2.1,54.4,0.0
13981645,Atalanta,Éderson,miss,assisted,4733,22.9,51.9,0,0,58.8,8.3,,,
13981645,Como,Álvaro Morata,save,assisted,4550,9.2,44.4,0,0,49.1,15.2,1.2,48.7,0.0
13981645,Como,Lucas Da Cunha,miss,assisted,4461,27.9,49.5,0,0,53.1,86.1,,,
13981645,Como,Martin Baturina,block,assisted,4374,24.3,53.8,0,0,49.5,19.0,19.4,53.1,0.0
13981645,Atalanta,Nikola Krstović,miss,fast-break,4060,8.6,51.5,0,0,60.3,18.1,,,
13981645,Como,Nico Paz,block,free-kick,4041,26.0,57.3,0,0,52.0,19.0,18.1,54.5,0.0
13981645,Atalanta,Kamaldeen Sulemana,block,assisted,3886,18.7,48.5,0,0,49.2,19.0,14.1,49.1,0.0
13981645,Como,Jayden Addai,miss,assisted,3833,8.9,55.4,0,0,59.8,50.0,,,
13981645,Como,Anastasios Douvikas,miss,assisted,3445,3.5,50.5,0,0,99.5,8.3,2.0,0.0,0.0
13981645,Como,Jacobo Ramón,miss,regular,3075,7.3,65.4,0,0,63.4,9.7,,,
13981645,Como,Jacobo Ramón,miss,corner,2940,6.0,52.1,0,0,40.3,16.7,,,
13981645,Atalanta,Kamaldeen Sulemana,save,fast-break,2806,11.3,58.9,0,0,48.7,16.5,3.2,52.3,0.0
13981645,Como,Anastasios Douvikas,save,assisted,2755,10.1,42.7,0,0,50.9,24.1,1.6,49.5,0.0
13981645,Como,Jacobo Ramón,save,corner,2519,2.1,55.0,0,0,49.5,12.0,1.4,54.2,0.0
13981645,Como,Marc-Oliver Kempf,block,corner,2517,11.7,45.2,0,0,51.3,19.0,8.4,46.2,0.0
13981645,Como,Nico Paz,block,assisted,2485,19.1,49.1,0,0,49.0,19.0,17.5,49.3,0.0
13981645,Como,Martin Baturina,block,assisted,2434,17.9,64.0,0,0,49.3,19.0,17.1,63.4,0.0
13981645,Como,Mërgim Vojvoda,save,assisted,2305,11.9,62.0,0,0,49.4,13.9,1.8,51.8,0.0
13981645,Como,Mërgim Vojvoda,miss,corner,2276,18.2,63.6,0,0,67.6,5.6,10.2,52.7,0.0
13981645,Como,Máximo Perrone,block,regular,2212,8.9,49.1,0,0,49.5,19.0,7.6,49.3,0.0
13981645,Como,Nico Paz,save,assisted,2209,22.8,41.9,0,0,51.3,13.9,1.5,50.5,0.0
13981645,Como,Nico Paz,save,assisted,2105,12.0,48.1,0,0,48.4,3.8,2.5,49.6,0.0
13981645,Como,Anastasios Douvikas,save,fast-break,2006,14.1,60.1,0,0,51.3,3.8,4.9,53.2,0.0
13981645,Como,Jacobo Ramón,miss,corner,1638,7.3,49.9,0,0,60.8,13.9,,,
13981645,Como,Jacobo Ramón,miss,assisted,1434,21.8,68.3,0,0,48.2,76.4,,,
13981645,Como,Anastasios Douvikas,miss,assisted,1051,9.9,52.3,0,0,53.9,72.2,,,
13981645,Como,Anastasios Douvikas,miss,assisted,691,8.6,64.6,0,0,84.4,6.9,0.59999999999999,18.2,0.0
13981645,Atalanta,Gianluca Scamacca,save,free-kick,574,26.0,48.3,0,0,53.1,5.7,1.5,49.8,0.0
13981645,Atalanta,Nicola Zalewski,block,regular,365,9.9,44.4,0,0,50.4,19.0,8.1,45.4,0.0
13981653,Torino,Alieu Njie,miss,fast-break,5625,56.6,66.4,0,0,87.9,15.3,17.2,32.7,0.0
13981653,Lecce,Ylber Ramadani,block,corner,5207,23.8,47.3,0,0,52.7,19.0,10.9,47.3,0.0
13981653,Lecce,Lameck Banda,block,assisted,4973,19.7,39.1,0,0,46.9,19.0,10.7,45.5,0.0
13981653,Torino,Matteo Prati,miss,regular,4372,8.4,66.7,0,0,62.0,5.6,,,
13981653,Torino,Matteo Prati,block,assisted,4370,23.1,41.1,0,0,50.3,19.0,18.1,43.0,0.0
13981653,Torino,Guillermo Maripán,save,corner,4334,3.2,53.4,0,0,52.7,19.0,0.099999999999994,47.5,0.0
13981653,Torino,Duván Zapata,block,corner,4331,3.9,62.2,0,0,53.4,19.0,1.6,54.2,0.0
13981653,Torino,Faustino Anjorin,block,assisted,4296,4.2,61.3,0,0,47.8,19.0,3.3,59.4,0.0
13981653,Torino,Marcus Pedersen,block,assisted,4292,11.1,68.7,0,0,51.9,19.0,10.1,66.8,0.0
13981653,Torino,Che Adams,miss,corner,3981,3.2,40.5,0,0,57.8,19.4,,,
13981653,Lecce,Walid Cheddira,block,assisted,3780,14.1,41.2,0,0,52.2,19.0,12.7,41.9,0.0
13981653,Lecce,Santiago Pierotti,block,regular,3688,21.8,59.3,0,0,49.5,19.0,18.9,58.1,0.0
13981653,Torino,Marcus Pedersen,miss,set-piece,3639,18.3,51.9,0,0,50.6,73.6,,,
13981653,Torino,Emirhan İlkhan,block,set-piece,3637,9.7,47.9,0,0,53.3,19.0,7.7,47.7,0.0
13981653,Torino,Marcus Pedersen,miss,assisted,3499,5.4,67.3,0,0,97.0,6.9,3.7,4.9,0.0
13981653,Lecce,Danilo Veiga,miss,assisted,3171,11.9,65.0,0,0,51.3,66.7,,,
13981653,Torino,Duván Zapata,save,assisted,2935,7.6,49.3,0,0,52.0,14.6,1.5,50.9,0.0
13981653,Lecce,Riccardo Sottil,block,assisted,2801,17.3,27.8,0,0,49.3,19.0,15.3,30.5,0.0
13981653,Lecce,Riccardo Sottil,miss,free-kick,2742,29.0,52.4,0,0,56.5,59.7,,,
13981653,Lecce,Omri Gandelman,save,regular,2615,27.2,52.1,0,0,53.5,13.3,1.0,50.4,0.0
13981653,Torino,Valentino Lazaro,miss,regular,2351,14.0,31.3,0,0,35.3,90.3,,,
13981653,Torino,Cesare Casadei,save,assisted,2349,22.0,47.2,0,0,52.6,15.2,1.8,49.8,0.0
13981653,Lecce,Ylber Ramadani,miss,corner,2280,25.0,52.6,0,0,53.6,94.4,,,
13981653,Torino,Duván Zapata,save,assisted,2060,19.7,37.8,0,0,49.9,3.8,1.8,48.4,0.0
13981653,Torino,Duván Zapata,miss,fast-break,1881,11.3,71.1,0,0,41.2,59.7,,,
13981653,Torino,Che Adams,goal,assisted,1687,2.4,44.0,0,0,53.5,16.5,,,
13981653,Lecce,Lassana Coulibaly,miss,corner,1635,4.0,39.3,0,0,63.0,29.2,,,
13981653,Lecce,Ylber Ramadani,save,corner,1606,24.8,49.5,0,0,49.1,29.7,1.2,50.0,0.0
13981653,Lecce,Lassana Coulibaly,block,regular,1567,12.9,44.0,0,0,49.6,19.0,6.3,47.7,0.0
13981653,Lecce,Antonino Gallo,miss,corner,1492,26.9,44.4,0,0,49.4,77.8,,,
13981653,Lecce,Santiago Pierotti,block,assisted,1275,9.1,60.3,0,0,49.4,19.0,7.7,58.8,0.0
15370282,Bologna,Federico Bernardeschi,miss,assisted,5525,24.3,77.1,0,0,56.3,75.0,,,
15370282,Milan,Niclas Füllkrug,save,assisted,5295,8.0,55.6,0,0,51.0,6.3,1.1,52.2,0.0
15370282,Milan,Youssouf Fofana,save,assisted,5055,6.1,35.8,0,0,50.4,2.5,1.6,45.1,0.0
15370282,Bologna,Federico Bernardeschi,miss,assisted,4913,22.9,73.2,0,0,37.6,2.8,,,
15370282,Milan,Niclas Füllkrug,save,fast-break,4855,12.0,57.0,0,0,48.9,10.1,10.3,56.2,0.0
15370282,Milan,Ruben Loftus-Cheek,block,fast-break,3752,11.9,67.7,0,0,48.2,19.0,11.0,66.5,0.0
15370282,Bologna,Jens Odgaard,save,assisted,3661,25.9,72.0,0,0,45.4,7.0,2.2,52.0,0.0
15370282,Bologna,Nicolò Casale,miss,corner,3378,9.6,44.9,0,0,64.0,40.3,,,
15370282,Milan,Adrien Rabiot,goal,regular,2822,11.7,37.2,0,0,51.2,5.7,,,
15370282,Bologna,Jens Odgaard,miss,assisted,2805,8.0,28.0,0,0,54.1,77.8,,,
15370282,Bologna,Nadir Zortea,miss,assisted,2595,22.9,67.3,0,0,63.9,6.9,12.5,55.1,0.0
15370282,Bologna,Torbjørn Heggem,block,assisted,2474,21.9,68.1,0,0,51.1,19.0,16.3,63.2,0.0
15370282,Milan,Christopher Nkunku,goal,penalty,2287,11.5,50.0,0,0,47.3,2.5,,,
15370282,Bologna,Jens Odgaard,block,assisted,1699,15.7,46.6,0,0,50.3,19.0,14.2,46.9,0.0
15370282,Milan,Ruben Loftus-Cheek,goal,assisted,1154,9.1,48.7,0,0,48.8,26.6,,,
15370282,Milan,Christopher Nkunku,miss,regular,1150,2.6,44.8,0,0,39.7,5.6,2.4,45.7,0.0
15370282,Milan,Christopher Nkunku,save,assisted,1149,7.6,45.0,0,0,51.1,22.2,1.1,48.6,0.0
15370282,Milan,Youssouf Fofana,miss,assisted,1004,9.1,56.6,0,0,56.8,6.9,,,
15370282,Bologna,Jens Odgaard,save,set-piece,929,11.6,53.6,0,0,50.7,21.5,1.1,50.4,0.0
15370282,Bologna,Jens Odgaard,miss,assisted,565,9.5,35.2,0,0,62.9,23.6,,,
15370282,Bologna,Jonathan Rowe,miss,assisted,349,20.3,27.2,0,0,46.4,80.6,,,
15370282,Bologna,Torbjørn Heggem,miss,corner,204,7.6,45.4,0,0,51.1,76.4,,,
15370282,Bologna,Jens Odgaard,miss,assisted,124,8.3,57.3,0,0,68.1,4.2,6.0,48.4,0.0
13981649,Cremonese,Romano Floriani Mussolini,block,assisted,5524,14.5,58.9,0,0,49.0,19.0,7.1,54.9,0.0
13981649,Inter,Federico Dimarco,block,assisted,5469,14.2,42.4,0,0,49.4,19.0,8.5,45.7,0.0
13981649,Cremonese,Milan Đurić,save,assisted,5283,9.1,50.5,0,0,50.8,17.7,2.7,50.5,0.0
13981649,Cremonese,Alessio Zerbin,block,set-piece,5034,12.0,52.1,0,0,49.7,19.0,10.1,51.8,0.0
13981649,Cremonese,Federico Baschirotto,block,set-piece,5032,12.2,48.3,0,0,49.9,19.0,10.5,48.6,0.0
13981649,Cremonese,Alessio Zerbin,post,set-piece,5024,17.9,61.1,0,0,44.6,5.7,,,
13981649,Inter,Marcus Thuram,miss,assisted,4748,9.1,49.6,0,0,40.7,16.7,,,
13981649,Inter,Lautaro Martínez,save,assisted,4114,12.2,54.4,0,0,53.4,29.1,1.4,50.2,0.0
13981649,Cremonese,Alessio Zerbin,save,fast-break,3100,13.9,68.3,0,0,50.1,3.8,2.3,53.4,0.0
13981649,Inter,Lautaro Martínez,block,assisted,2814,15.3,49.3,0,0,50.9,19.0,13.4,49.3,0.0
13981649,Cremonese,Federico Bonazzoli,save,assisted,2607,23.8,42.6,0,0,47.9,17.7,2.0,50.0,0.0
13981649,Inter,Federico Dimarco,block,free-kick,2327,26.2,52.6,0,0,50.5,19.0,17.7,52.5,0.0
13981649,Inter,Piotr Zieliński,goal,assisted,1826,26.5,53.4,0,0,47.9,25.3,,,
13981649,Inter,Davide Frattesi,miss,assisted,1657,4.8,48.1,0,0,34.5,51.4,,,
13981649,Inter,Federico Dimarco,block,regular,1330,12.8,31.8,0,0,51.4,19.0,7.6,38.6,0.0
13981649,Inter,Davide Frattesi,miss,corner,1176,4.2,58.2,0,0,42.4,65.3,,,
13981649,Cremonese,Federico Ceccherini,miss,corner,1042,11.1,44.7,0,0,59.5,13.9,,,
13981649,Inter,Lautaro Martínez,goal,corner,924,7.9,45.7,0,0,46.1,13.3,,,
13981649,Inter,Lautaro Martínez,miss,assisted,755,27.1,35.6,0,0,40.0,30.6,,,
13981649,Inter,Petar Sučić,miss,regular,678,17.6,44.6,0,0,55.1,63.9,,,
13981649,Inter,Federico Dimarco,block,regular,609,15.4,41.8,0,0,49.8,19.0,7.3,46.2,0.0
13981649,Inter,Luís Henrique,block,assisted,584,13.3,65.3,0,0,53.0,19.0,11.6,63.0,0.0
13981649,Inter,Francesco Pio Esposito,save,assisted,423,7.7,46.6,0,0,52.0,7.6,0.2,48.0,0.0
13981649,Cremonese,Alessio Zerbin,miss,assisted,289,7.9,58.3,0,0,54.8,84.7,,,
13981652,Sassuolo,Luca Lipani,block,fast-break,5711,13.6,70.6,0,0,53.2,19.0,11.1,66.2,0.0
13981652,Pisa,Felipe Loyola,miss,assisted,5509,25.6,72.4,0,0,66.7,6.9,,,
13981652,Pisa,Rafiu Durosinmi,miss,assisted,5411,9.1,57.1,0,0,35.8,15.3,,,
13981652,Pisa,Rafiu Durosinmi,save,assisted,5348,11.4,44.8,0,0,54.2,25.3,0.7,50.7,0.0
13981652,Pisa,Rafiu Durosinmi,miss,assisted,5227,15.4,39.1,0,0,42.7,4.2,3.5,52.0,0.0
13981652,Sassuolo,Luca Moro,miss,set-piece,5095,9.3,46.5,0,0,40.5,11.1,5.9,52.0,0.0
13981652,Pisa,Matteo Tramoni,block,assisted,4597,13.7,32.0,0,0,48.2,19.0,11.1,35.7,0.0
13981652,Sassuolo,Luca Moro,miss,assisted,4519,8.7,46.8,0,0,0.8,6.9,6.0,98.4,0.0
13981652,Sassuolo,Nemanja Matić,miss,regular,4380,25.9,65.8,0,0,40.8,31.9,,,
13981652,Sassuolo,Luca Lipani,miss,regular,4376,9.9,67.7,0,0,64.2,6.9,8.5,52.7,0.0
13981652,Sassuolo,Andrea Pinamonti,miss,assisted,4222,14.2,48.1,0,0,42.9,59.7,,,
13981652,Sassuolo,Andrea Pinamonti,block,assisted,4058,14.4,36.6,0,0,51.8,5.6,7.2,42.1,0.0
13981652,Sassuolo,Kristian Thorstvedt,block,assisted,4052,13.2,46.2,0,0,53.7,19.0,11.6,46.2,0.0
13981652,Sassuolo,Andrea Pinamonti,miss,assisted,3926,8.1,50.0,0,0,45.0,55.6,,,
13981652,Sassuolo,Armand Laurienté,block,set-piece,3917,19.2,29.3,0,0,52.0,19.0,17.6,30.9,0.0
13981652,Sassuolo,Armand Laurienté,block,free-kick,3762,28.5,56.1,0,0,51.2,19.0,20.8,54.2,0.0
13981652,Sassuolo,Ismael Koné,goal,set-piece,3477,12.2,52.8,0,0,54.1,21.5,,,
13981652,Sassuolo,Tarik Muharemović,miss,corner,3354,11.4,41.3,0,0,7.9,5.6,1.2,94.8,0.0
13981652,Sassuolo,Domenico Berardi,block,fast-break,3315,3.8,69.3,0,0,48.7,15.3,3.2,67.2,0.0
13981652,Sassuolo,Domenico Berardi,save,fast-break,3312,12.1,63.9,0,0,46.9,7.6,2.2,52.3,0.0
13981652,Pisa,Mehdi Léris,block,assisted,3260,21.6,28.7,0,0,52.3,19.0,18.1,31.8,0.0
13981652,Pisa,Mehdi Léris,save,fast-break,3074,21.5,86.3,0,0,46.7,4.2,0.59999999999999,53.8,0.0
13981652,Pisa,Michel Aebischer,goal,assisted,3010,18.3,58.7,0,0,54.3,15.2,,,
13981652,Pisa,Mehdi Léris,save,regular,2830,13.3,59.9,0,0,49.4,18.4,2.5,52.5,0.0
13981652,Sassuolo,Kristian Thorstvedt,save,throw-in-set-piece,2793,10.1,61.7,0,0,46.1,7.6,1.6,52.9,0.0
13981652,Sassuolo,Antonio Caracciolo,goal,corner,2739,3.6,51.5,0,0,47.0,25.3,,,
13981652,Sassuolo,Domenico Berardi,miss,corner,2738,8.6,70.6,0,0,81.5,9.7,4.0,53.1,0.0
13981652,Sassuolo,Ismael Koné,save,assisted,2691,9.5,55.3,0,0,50.4,3.8,4.4,53.2,0.0
13981652,Pisa,Idrissa Touré,save,set-piece,2535,14.7,40.9,0,0,51.5,22.2,1.8,47.8,0.0
13981652,Pisa,Stefano Moreo,save,regular,2440,8.1,44.5,0,0,49.8,17.7,4.2,46.7,0.0
13981652,Pisa,Stefano Moreo,miss,assisted,2322,8.5,37.4,0,0,0.8,2.8,5.7,66.8,0.0
13981652,Sassuolo,Domenico Berardi,miss,regular,1950,12.1,62.0,0,0,53.6,56.9,,,
13981652,Sassuolo,Domenico Berardi,miss,assisted,1822,4.9,56.4,0,0,57.1,8.3,,,
13981652,Pisa,Antonio Caracciolo,miss,assisted,1585,53.4,74.6,0,0,64.2,6.9,0.5,41.2,0.0
13981652,Sassuolo,Domenico Berardi,goal,fast-break,1486,5.4,70.4,0,0,47.0,21.5,,,
13981652,Pisa,Matteo Tramoni,miss,assisted,990,20.3,27.6,0,0,59.7,4.2,,,
13981652,Pisa,Michel Aebischer,miss,assisted,364,13.8,28.8,0,0,41.0,22.2,,,
13981644,Hellas Verona,Daniel Mosquera,block,assisted,5535,12.5,64.6,0,0,50.3,19.0,10.9,62.6,0.0
13981644,Cagliari,Riyad Idrissi,goal,assisted,5404,8.3,52.2,0,0,51.3,2.5,,,
13981644,Cagliari,Ibrahim Sulemana,goal,corner,5004,1.5,52.6,0,0,48.5,25.3,,,
13981644,Cagliari,Michel Adopo,save,corner,5003,2.7,57.7,0,0,49.1,15.2,0.5,53.4,0.0
13981644,Cagliari,Gennaro Borrelli,block,regular,4962,25.3,47.0,0,0,48.7,19.0,22.5,47.5,0.0
13981644,Hellas Verona,Suat Serdar,block,set-piece,4726,22.9,59.7,0,0,49.6,19.0,11.0,54.9,0.0
13981644,Cagliari,Sebastiano Esposito,block,assisted,4633,30.3,34.4,0,0,50.5,19.0,19.0,41.3,0.0
13981644,Cagliari,Sebastiano Luperto,save,assisted,4139,23.8,40.1,0,0,54.3,1.9,2.3,48.7,0.0
13981644,Hellas Verona,Daniel Mosquera,save,corner,3484,12.9,47.0,0,0,50.2,36.1,1.1,49.5,0.0
13981644,Hellas Verona,Abdou Harroui,block,assisted,3164,8.9,66.7,0,0,53.3,19.0,7.7,64.1,0.0
13981644,Cagliari,Gianluca Gaetano,miss,corner,2922,18.5,33.3,0,0,35.0,11.1,12.9,46.6,0.0
13981644,Cagliari,Michel Adopo,block,fast-break,2886,21.2,67.9,0,0,50.1,19.0,16.3,63.9,0.0
13981644,Cagliari,Semih Kılıçsoy,goal,corner,2815,4.7,41.8,0,0,53.0,8.2,,,
13981644,Cagliari,Marco Palestra,block,assisted,2767,10.1,70.3,0,0,49.2,19.0,9.0,68.2,0.0
13981644,Cagliari,Sebastiano Esposito,miss,fast-break,2670,19.7,61.7,0,0,50.3,76.4,,,
13981644,Hellas Verona,Tobias Slotsager,save,assisted,2557,25.7,65.6,0,0,45.8,3.8,2.0,50.4,0.0
13981644,Hellas Verona,Gift Orban,miss,assisted,2405,21.8,41.7,0,0,5.4,40.3,14.0,53.2,0.0
13981644,Hellas Verona,Sandi Lovrić,miss,throw-in-set-piece,2235,15.3,52.8,0,0,65.2,61.1,,,
13981644,Cagliari,Luca Mazzitelli,goal,assisted,2103,10.2,34.2,0,0,54.1,2.5,,,
13981644,Cagliari,Luca Mazzitelli,save,set-piece,1125,22.5,48.7,0,0,54.1,7.6,1.6,50.2,0.0
13981644,Hellas Verona,Gift Orban,miss,assisted,1027,13.9,72.6,0,0,43.5,50.0,,,
13981644,Hellas Verona,Nicolás Valentini,save,throw-in-set-piece,490,11.2,37.5,0,0,49.2,19.0,1.0,49.6,0.0
13981647,Fiorentina,Moise Kean,miss,assisted,5646,10.1,72.6,0,0,82.9,6.9,,,
13981647,Fiorentina,Roberto Piccoli,miss,assisted,5509,7.5,44.2,0,0,58.7,23.6,,,
13981647,Napoli,Giovane,block,regular,5349,13.8,53.1,0,0,50.5,19.0,8.8,51.8,0.0
13981647,Napoli,Scott McTominay,save,fast-break,5199,22.9,44.5,0,0,47.9,4.4,3.6,49.3,0.0
13981647,Fiorentina,Fabiano Parisi,miss,assisted,4625,22.2,69.5,0,0,41.7,5.6,1.0,59.6,0.0
13981647,Fiorentina,Rolando Mandragora,block,corner,4581,13.9,62.2,0,0,51.1,19.0,7.7,56.3,0.0
13981647,Fiorentina,Moise Kean,save,assisted,4542,11.8,73.5,0,0,45.7,5.1,1.4,54.0,0.0
13981647,Napoli,Miguel Gutiérrez,block,assisted,4074,20.4,68.4,0,0,47.5,19.0,19.0,67.3,0.0
13981647,Napoli,Rasmus Højlund,save,assisted,3994,8.8,54.3,0,0,49.3,14.6,1.4,51.3,0.0
13981647,Fiorentina,Roberto Piccoli,miss,assisted,3748,10.3,43.6,0,0,35.0,22.2,3.2,59.0,0.0
13981647,Napoli,Rasmus Højlund,save,assisted,3595,9.0,36.9,0,0,51.8,10.8,0.7,48.0,0.0
13981647,Napoli,Eljif Elmas,miss,regular,3472,8.5,47.4,0,0,59.0,6.9,,,
13981647,Fiorentina,Manor Solomon,goal,regular,3382,7.1,63.6,0,0,49.0,13.3,,,
13981647,Fiorentina,Roberto Piccoli,save,assisted,3380,3.9,61.0,0,0,48.8,7.0,2.7,58.7,0.0
13981647,Fiorentina,Rolando Mandragora,miss,regular,3084,23.9,48.3,0,0,53.8,79.2,,,
13981647,Napoli,Miguel Gutiérrez,goal,assisted,2898,13.7,73.9,0,0,54.4,11.4,,,
13981647,Fiorentina,Roberto Piccoli,miss,assisted,2829,11.4,48.3,0,0,34.8,13.9,2.2,61.6,0.0
13981647,Fiorentina,Rolando Mandragora,miss,free-kick,2768,22.8,34.5,0,0,57.3,27.8,,,
13981647,Napoli,Mathías Olivera,miss,assisted,2962,21.7,33.1,0,0,56.0,79.2,,,
13981647,Napoli,Scott McTominay,miss,set-piece,2740,19.1,52.8,0,0,73.1,5.6,,,
13981647,Napoli,Rasmus Højlund,miss,assisted,2409,9.6,33.7,0,0,56.8,22.2,,,
13981647,Napoli,Scott McTominay,save,assisted,2291,13.4,59.6,0,0,45.8,6.3,1.4,51.1,0.0
13981647,Napoli,Eljif Elmas,block,assisted,2286,14.0,46.5,0,0,51.6,19.0,10.9,46.9,0.0
13981647,Fiorentina,Pietro Comuzzo,miss,set-piece,1866,14.3,55.7,0,0,63.5,34.7,10.6,49.6,0.0
13981647,Fiorentina,Albert Guðmundsson,save,set-piece,1505,3.8,54.4,0,0,48.1,28.5,0.7,52.5,0.0
13981647,Fiorentina,Roberto Piccoli,block,set-piece,1502,13.2,51.5,0,0,53.6,19.0,10.7,50.5,0.0
13981647,Fiorentina,Roberto Piccoli,save,set-piece,1493,13.3,44.2,0,0,45.5,12.7,2.0,48.7,0.0
13981647,Napoli,Rasmus Højlund,block,regular,1365,1.9,51.7,0,0,49.1,19.0,0.90000000000001,51.3,0.0
13981647,Napoli,Antonio Vergara,block,assisted,1156,9.9,33.0,0,0,50.4,19.0,7.7,36.6,0.0
13981647,Napoli,Rasmus Højlund,block,assisted,1117,11.4,35.1,0,0,51.7,19.0,10.1,36.6,0.0
13981647,Napoli,Scott McTominay,miss,assisted,1007,6.9,67.7,0,0,65.5,29.2,,,
13981647,Napoli,Antonio Vergara,goal,assisted,629,21.7,43.9,0,0,47.2,3.8,,,
13981647,Napoli,Miguel Gutiérrez,miss,corner,500,19.1,48.1,0,0,42.0,15.3,,,
13981647,Napoli,Antonio Vergara,block,assisted,446,9.1,27.4,0,0,47.1,19.0,7.6,31.6,0.0
13981646,Lazio,Danilo Cataldi,goal,penalty,5979,11.5,50.0,0,0,54.4,1.3,,,
13981646,Lazio,Petar Ratkov,block,assisted,5666,7.7,47.0,0,0,52.5,19.0,6.0,47.1,0.0
13981646,Lazio,Toma Bašić,block,regular,5261,23.2,42.3,0,0,51.2,19.0,20.2,43.1,0.0
13981646,Genoa,Morten Frendrup,miss,throw-in-set-piece,5170,25.3,46.8,0,0,49.7,79.2,,,
13981646,Genoa,Junior Messias,block,throw-in-set-piece,5166,13.5,67.5,0,0,49.7,19.0,11.6,65.7,0.0
13981646,Genoa,Ruslan Malinovskyi,miss,regular,5077,25.1,40.5,0,0,38.8,75.0,,,
13981646,Genoa,Maxwel Cornet,miss,throw-in-set-piece,4952,18.3,47.9,0,0,61.8,66.7,,,
13981646,Genoa,Vitinha,goal,corner,4443,3.8,44.6,0,0,52.3,23.4,,,
13981646,Lazio,Toma Bašić,miss,assisted,4278,21.9,61.3,0,0,57.6,58.3,,,
13981646,Genoa,Ruslan Malinovskyi,goal,penalty,3974,11.5,50.0,0,0,53.9,15.2,,,
13981646,Genoa,Ruslan Malinovskyi,block,regular,3803,24.8,41.7,0,0,51.8,19.0,11.8,45.1,0.0
13981646,Genoa,Mikael Ellertsson,block,regular,3799,12.3,40.5,0,0,52.2,19.0,10.6,41.5,0.0
13981646,Lazio,Kenneth Taylor,goal,assisted,3681,13.0,55.8,0,0,54.0,1.3,,,
13981646,Lazio,Pedro,goal,penalty,3351,11.5,50.0,0,0,54.0,11.4,,,
13981646,Lazio,Kenneth Taylor,block,assisted,2954,20.0,31.5,0,0,51.5,19.0,18.0,33.2,0.0
13981646,Lazio,Gustav Isaksen,save,assisted,2869,27.1,68.9,0,0,45.5,1.9,1.9,51.6,0.0
13981646,Lazio,Pedro,miss,assisted,2744,25.4,35.4,0,0,39.8,63.9,,,
13981646,Lazio,Daniel Maldini,miss,assisted,2642,9.9,38.7,0,0,1.5,4.2,7.6,50.7,0.0
13981646,Lazio,Toma Bašić,block,corner,2597,15.6,65.4,0,0,50.9,19.0,11.8,61.4,0.0
13981646,Lazio,Adam Marušić,miss,assisted,2367,9.8,45.0,0,0,49.2,50.0,,,
13981646,Genoa,Lorenzo Colombo,block,set-piece,2191,18.5,57.5,0,0,49.8,19.0,17.3,57.0,0.0
13981646,Genoa,Ruslan Malinovskyi,block,set-piece,2182,19.2,39.3,0,0,46.5,19.0,13.2,43.0,0.0
13981646,Genoa,Vitinha,save,assisted,2096,4.5,44.9,0,0,51.5,15.2,2.8,46.2,0.0
13981646,Genoa,Johan Vásquez,block,corner,1535,8.2,37.8,0,0,53.5,19.0,6.6,39.5,0.0
13981646,Genoa,Vitinha,block,regular,1496,8.2,38.3,0,0,51.2,19.0,7.0,39.9,0.0
13981646,Genoa,Vitinha,block,assisted,1494,5.2,41.1,0,0,51.9,19.0,4.5,42.1,0.0
13981646,Genoa,Lorenzo Colombo,block,fast-break,1106,11.8,30.6,0,0,54.4,19.0,10.5,32.3,0.0
13981646,Lazio,Danilo Cataldi,block,throw-in-set-piece,884,30.1,40.0,0,0,50.5,19.0,17.9,43.9,0.0
13981646,Genoa,Morten Frendrup,save,assisted,685,19.4,69.3,0,0,46.6,0.6,1.5,54.0,0.0
13981646,Lazio,Toma Bašić,miss,regular,358,23.7,66.7,0,0,38.8,11.1,,,
13981654,Bologna,Santiago Castro,block,corner,5869,16.8,60.6,0,0,50.5,19.0,13.1,58.1,0.0
13981654,Bologna,Jhon Lucumí,miss,corner,5866,8.7,53.9,0,0,89.6,6.9,7.9,47.5,0.0
13981654,Bologna,Riccardo Orsolini,save,assisted,5848,11.6,61.0,0,0,52.5,22.2,2.2,52.5,0.0
13981654,Parma,Christian Ordoñez,goal,assisted,5640,27.1,47.4,0,0,54.1,2.5,,,
13981654,Bologna,Santiago Castro,miss,assisted,5564,11.2,51.6,0,0,43.7,66.7,,,
13981654,Bologna,Riccardo Orsolini,block,assisted,5339,20.1,61.7,0,0,53.8,16.7,18.6,60.8,0.0
13981654,Bologna,Riccardo Orsolini,post,assisted,5290,12.6,54.8,0,0,55.2,10.8,,,
13981654,Bologna,Federico Bernardeschi,miss,free-kick,4891,26.8,47.5,0,0,57.6,43.1,,,
13981654,Bologna,Jonathan Rowe,miss,assisted,4598,22.0,42.1,0,0,42.9,2.8,,,
13981654,Bologna,Jonathan Rowe,block,corner,4507,17.9,46.8,0,0,47.7,19.0,16.3,47.3,0.0
13981654,Bologna,Jonathan Rowe,miss,assisted,4461,8.9,54.2,0,0,63.9,15.3,5.4,50.4,0.0
13981654,Parma,Mandela Keita,block,assisted,3786,22.8,63.0,0,0,51.4,19.0,19.9,61.2,0.0
13981654,Bologna,Thijs Dallinga,miss,assisted,2782,6.2,54.6,0,0,42.4,75.0,,,
13981654,Parma,Mandela Keita,block,regular,2866,19.1,44.8,0,0,50.3,19.0,15.0,45.8,0.0
13981654,Bologna,Lewis Ferguson,block,regular,2143,13.4,28.2,0,0,51.0,19.0,12.1,30.1,0.0
13981654,Bologna,Thijs Dallinga,save,assisted,1877,4.8,41.1,0,0,50.8,22.8,1.0,48.0,0.0
13981654,Parma,Adrián Bernabé,miss,free-kick,1344,26.2,41.3,0,0,42.5,13.9,,,
13981654,Parma,Mateo Pellegrino,block,assisted,967,20.4,30.1,0,0,52.5,19.0,17.6,32.5,0.0
13981654,Bologna,Remo Freuler,block,assisted,680,14.0,40.2,0,0,49.8,19.0,12.4,41.3,0.0
13981654,Bologna,Jhon Lucumí,miss,assisted,472,27.9,37.0,0,0,56.8,75.0,,,
13981654,Bologna,Charalampos Lykogiannis,miss,free-kick,291,22.6,34.7,0,0,53.8,81.9,,,
15462526,Como,Álex Valle,miss,assisted,5586,23.2,45.6,0,0,57.3,13.9,,,
15462526,Como,Jesús Rodriguez,save,assisted,5534,26.2,50.3,0,0,47.6,12.0,2.2,50.0,0.0
15462526,Como,Anastasios Douvikas,block,fast-break,5165,12.3,37.8,0,0,52.3,19.0,11.2,38.7,0.0
15462526,Milan,Christian Pulišić,save,fast-break,5002,12.2,35.4,0,0,51.2,18.4,2.3,47.1,0.0
15462526,Como,Martin Baturina,miss,assisted,4744,8.9,60.9,0,0,43.2,15.3,,,
15462526,Como,Anastasios Douvikas,block,assisted,4623,11.9,64.2,0,0,47.9,19.0,8.7,60.9,0.0
15462526,Como,Anastasios Douvikas,save,assisted,4517,12.0,51.3,0,0,50.8,7.6,1.5,50.2,0.0
15462526,Milan,Matteo Gabbia,miss,corner,4426,9.2,46.4,0,0,39.8,18.1,1.2,56.3,0.0
15462526,Milan,Youssouf Fofana,miss,assisted,4189,6.3,50.9,0,0,53.6,75.0,,,
15462526,Milan,Rafael Leão,goal,fast-break,3797,26.3,49.9,0,0,47.7,27.2,,,
15462526,Como,Jacobo Ramón,miss,corner,2323,8.9,54.8,0,0,49.1,77.8,,,
15462526,Como,Jacobo Ramón,block,corner,2296,5.8,56.8,0,0,49.3,19.0,4.9,55.8,0.0
15462526,Como,Sergi Roberto,save,corner,2293,3.2,55.0,0,0,46.6,8.9,0.8,52.8,0.0
15462526,Milan,Fikayo Tomori,save,assisted,1982,10.2,59.7,0,0,47.7,25.9,1.2,52.9,0.0
15462526,Como,Nico Paz,goal,regular,1875,22.9,44.0,0,0,50.1,1.3,,,
15462526,Milan,Rafael Leão,save,fast-break,1755,8.8,27.8,0,0,51.4,7.6,1.6,45.8,0.0
13981658,Fiorentina,Cher Ndour,miss,regular,5740,23.1,51.0,0,0,41.3,68.1,11.9,54.2,0.0
13981658,Torino,Guillermo Maripán,goal,set-piece,5587,7.5,44.3,0,0,45.5,5.1,,,
13981658,Torino,Faustino Anjorin,block,assisted,5314,17.9,48.9,0,0,46.5,19.0,16.4,49.3,0.0
13981658,Torino,Duván Zapata,save,assisted,5133,13.9,52.1,0,0,51.7,2.5,1.4,50.4,0.0
13981658,Torino,Cesare Casadei,block,corner,4982,7.1,50.3,0,0,49.2,19.0,3.7,50.5,0.0
13981658,Torino,Guillermo Maripán,block,corner,4978,9.2,48.7,0,0,52.1,19.0,7.6,48.6,0.0
13981658,Torino,Zakaria Aboukhlal,block,assisted,4927,6.1,29.3,0,0,45.5,5.6,4.9,32.8,0.0
13981658,Torino,Saúl Coco,save,assisted,4589,29.1,47.9,0,0,51.0,15.2,1.4,50.0,0.0
13981658,Fiorentina,Rolando Mandragora,miss,corner,4300,2.9,64.2,0,0,37.5,40.3,,,
13981658,Fiorentina,Rolando Mandragora,miss,free-kick,4022,25.5,37.6,0,0,54.5,48.6,,,
13981658,Fiorentina,Moise Kean,goal,assisted,3402,13.4,54.2,0,0,45.9,12.7,,,
13981658,Fiorentina,Manor Solomon,goal,assisted,3037,18.7,44.7,0,0,47.4,27.2,,,
13981658,Fiorentina,Rolando Mandragora,block,assisted,2996,8.8,52.8,0,0,52.4,19.0,7.7,52.2,0.0
13981658,Fiorentina,Moise Kean,miss,assisted,2894,11.7,51.7,0,0,46.6,62.5,,,
13981658,Fiorentina,Moise Kean,miss,assisted,2890,9.8,42.1,0,0,36.8,29.2,4.2,50.0,0.0
13981658,Fiorentina,Rolando Mandragora,block,assisted,2761,15.4,52.5,0,0,47.0,19.0,14.5,52.5,0.0
13981658,Fiorentina,Albert Guðmundsson,block,assisted,2672,19.1,51.0,0,0,50.5,19.0,17.9,50.9,0.0
13981658,Fiorentina,Pietro Comuzzo,miss,corner,2330,7.0,50.5,0,0,46.7,50.0,,,
13981658,Fiorentina,Moise Kean,block,assisted,2301,7.9,71.1,0,0,53.6,29.2,6.6,67.9,0.0
13981658,Torino,Che Adams,block,regular,2184,8.9,67.1,0,0,52.1,19.0,8.3,65.7,0.0
13981658,Fiorentina,Albert Guðmundsson,miss,assisted,2139,26.5,59.7,0,0,43.7,23.6,,,
13981658,Fiorentina,Fabiano Parisi,miss,corner,2090,15.4,36.8,0,0,60.7,84.7,,,
13981658,Fiorentina,Moise Kean,block,assisted,2065,10.2,33.6,0,0,51.4,19.0,8.3,36.5,0.0
13981658,Fiorentina,Rolando Mandragora,save,corner,2014,22.5,56.8,0,0,53.4,23.4,0.90000000000001,51.8,0.0
13981658,Fiorentina,Marco Brescianini,save,assisted,1977,9.4,31.3,0,0,54.6,4.4,0.59999999999999,47.8,0.0
13981658,Torino,Cesare Casadei,goal,assisted,1529,8.6,43.9,0,0,53.6,8.2,,,
13981658,Torino,Saúl Coco,miss,corner,665,9.4,44.2,0,0,40.8,4.2,,,
13981658,Fiorentina,Moise Kean,miss,assisted,584,13.3,56.1,0,0,52.8,62.5,,,
13981658,Fiorentina,Manor Solomon,block,assisted,477,25.1,64.0,0,0,46.1,19.0,19.9,61.9,0.0
13981658,Torino,Valentino Lazaro,miss,corner,410,14.1,58.9,0,0,53.3,56.9,,,
13981658,Torino,Sandro Kulenović,block,assisted,361,13.0,53.4,0,0,51.4,19.0,9.7,52.2,0.0
13981658,Fiorentina,Moise Kean,save,corner,316,8.8,41.5,0,0,48.1,2.5,1.2,48.7,0.0
13981658,Fiorentina,Moise Kean,miss,assisted,275,13.9,46.4,0,0,37.6,4.2,8.3,52.0,0.0
13981666,Genoa,Junior Messias,miss,assisted,5870,13.1,33.6,0,0,44.2,68.1,,,
13981666,Napoli,Rasmus Højlund,goal,penalty,5675,11.5,50.0,0,0,48.1,3.2,,,
13981666,Napoli,Miguel Gutiérrez,miss,corner,5468,21.2,64.4,0,0,23.9,4.2,11.5,67.2,0.0
13981666,Napoli,Antonio Vergara,miss,set-piece,4828,9.7,63.1,0,0,25.9,72.2,,,
13981666,Genoa,Mikael Ellertsson,miss,set-piece,4587,20.0,30.7,0,0,42.4,87.5,,,
13981666,Napoli,Leonardo Spinazzola,miss,assisted,4330,18.5,64.4,0,0,68.2,1.4,,,
13981666,Genoa,Vitinha,miss,assisted,4170,14.2,77.3,0,0,42.9,75.0,,,
13981666,Genoa,Ruslan Malinovskyi,miss,throw-in-set-piece,3932,18.8,66.4,0,0,64.9,83.3,,,
13981666,Napoli,Stanislav Lobotka,miss,fast-break,3730,19.4,51.3,0,0,48.6,69.4,,,
13981666,Napoli,Miguel Gutiérrez,block,fast-break,3728,8.5,54.9,0,0,53.9,19.0,3.1,49.3,0.0
13981666,Napoli,Leonardo Spinazzola,miss,fast-break,3612,13.3,39.7,0,0,4.5,2.8,7.2,91.0,0.0
13981666,Genoa,Lorenzo Colombo,goal,regular,3379,14.3,35.4,0,0,46.1,3.2,,,
13981666,Genoa,Brooke Norton-Cuffy,miss,assisted,2781,23.6,71.5,0,0,51.3,58.3,,,
13981666,Genoa,Ruslan Malinovskyi,save,regular,2386,28.5,43.0,0,0,48.3,27.8,3.3,49.3,0.0
13981666,Napoli,Scott McTominay,block,assisted,2074,19.2,51.3,0,0,49.1,19.0,17.5,51.3,0.0
13981666,Genoa,Ruslan Malinovskyi,miss,corner,1837,23.8,47.4,0,0,51.6,79.2,,,
13981666,Genoa,Lorenzo Colombo,miss,set-piece,1668,4.8,45.9,0,0,31.9,11.1,2.9,51.4,0.0
13981666,Genoa,Lorenzo Colombo,miss,assisted,1508,24.9,47.6,0,0,40.5,59.7,,,
13981666,Napoli,Scott McTominay,goal,assisted,1260,29.0,58.9,0,0,54.2,15.2,,,
13981666,Napoli,Rasmus Højlund,goal,regular,1145,8.2,45.8,0,0,52.5,1.9,,,
13981666,Napoli,Scott McTominay,save,assisted,1144,14.2,65.2,0,0,52.3,2.5,1.5,53.2,0.0
13981666,Napoli,Scott McTominay,miss,corner,1053,6.8,43.2,0,0,40.2,15.3,3.2,54.0,0.0
13981666,Genoa,Vitinha,block,assisted,918,13.9,58.7,0,0,50.8,19.0,12.3,56.5,0.0
13981666,Napoli,Scott McTominay,miss,regular,734,13.6,53.0,0,0,49.9,87.5,,,
13981666,Napoli,Rasmus Højlund,save,fast-break,663,6.5,73.0,0,0,45.8,20.3,0.0,54.0,0.0
13981666,Genoa,Ruslan Malinovskyi,goal,penalty,154,11.5,50.0,0,0,50.5,1.3,,,
13981664,Roma,Neil El Aynaoui,save,corner,5117,15.5,52.6,0,0,50.5,5.1,1.6,51.1,0.0
13981664,Cagliari,Alberto Dossena,miss,set-piece,4959,3.3,44.7,0,0,59.8,13.9,,,
13981664,Cagliari,Ibrahim Sulemana,post,assisted,4692,26.5,64.4,0,0,53.6,38.6,,,
13981664,Roma,Bryan Zaragoza,save,fast-break,4120,13.1,31.2,0,0,53.8,1.3,1.5,47.8,0.0
13981664,Roma,Matías Soulé,miss,assisted,4057,7.0,68.7,0,0,70.6,1.4,,,
13981664,Roma,Donyell Malen,goal,assisted,3878,3.2,52.2,0,0,48.8,3.8,,,
13981664,Roma,Donyell Malen,miss,corner,3684,3.6,37.4,0,0,65.9,31.9,,,
13981664,Roma,Daniele Ghilardi,miss,set-piece,2448,8.1,49.7,0,0,42.0,8.3,,,
13981664,Roma,Lorenzo Pellegrini,block,regular,2171,12.8,65.0,0,0,53.9,6.9,6.8,56.1,0.0
13981664,Roma,Donyell Malen,block,assisted,2167,13.6,32.3,0,0,47.7,19.0,11.6,35.2,0.0
13981664,Roma,Donyell Malen,miss,assisted,2116,4.4,41.8,0,0,52.8,54.2,,,
13981664,Roma,Donyell Malen,block,assisted,1867,9.1,68.7,0,0,51.9,19.0,8.3,67.7,0.0
13981664,Cagliari,Alberto Dossena,save,set-piece,1828,11.4,32.1,0,0,50.6,1.9,1.6,48.4,0.0
13981664,Roma,Donyell Malen,goal,assisted,1455,4.6,66.7,0,0,49.3,26.6,,,
13981664,Roma,Niccolò Pisilli,save,assisted,1278,16.0,30.9,0,0,53.9,1.9,1.6,48.2,0.0
13981664,Roma,Matías Soulé,miss,throw-in-set-piece,953,10.5,71.2,0,0,57.6,15.3,,,
13981664,Roma,Donyell Malen,block,corner,534,3.8,66.7,0,0,52.3,8.3,2.8,63.0,0.0
13981664,Roma,Evan Ndicka,miss,set-piece,353,3.5,40.6,0,0,55.5,76.4,,,
13981655,Juventus,Loïs Openda,miss,assisted,5869,10.6,52.6,0,0,60.5,12.5,,,
13981655,Juventus,Loïs Openda,miss,assisted,5819,14.2,35.8,0,0,24.2,6.9,,,
13981655,Juventus,Pierre Kalulu,goal,regular,5740,3.9,50.8,0,0,49.0,16.5,,,
13981655,Juventus,Fabio Miretti,block,corner,5654,22.3,62.2,0,0,48.6,19.0,10.2,56.3,0.0
13981655,Juventus,Jérémie Boga,miss,corner,5442,18.7,62.1,0,0,70.4,6.9,,,
13981655,Juventus,Kenan Yıldız,save,assisted,5410,9.6,27.3,0,0,53.9,16.5,1.1,46.6,0.0
13981655,Juventus,Edon Zhegrova,miss,assisted,5271,21.2,69.6,0,0,54.3,65.3,,,
13981655,Lazio,Nuno Tavares,miss,free-kick,5238,29.3,46.2,0,0,59.3,79.2,,,
13981655,Lazio,Tijjani Noslin,miss,fast-break,5156,12.3,45.2,0,0,42.9,83.3,,,
13981655,Juventus,Fabio Miretti,block,assisted,5110,20.7,60.1,0,0,50.5,19.0,17.2,58.3,0.0
13981655,Juventus,Pierre Kalulu,block,set-piece,4883,7.3,68.7,0,0,50.9,19.0,5.9,65.0,0.0
13981655,Juventus,Kenan Yıldız,save,assisted,4666,17.6,55.0,0,0,51.6,13.3,2.4,51.6,0.0
13981655,Juventus,Manuel Locatelli,block,assisted,4469,7.9,45.8,0,0,51.8,19.0,5.4,46.6,0.0
13981655,Juventus,Weston McKennie,miss,assisted,4350,8.8,56.7,0,0,42.9,13.9,1.4,56.9,0.0
13981655,Juventus,Kenan Yıldız,block,assisted,4155,18.9,37.2,0,0,53.0,19.0,14.7,39.3,0.0
13981655,Lazio,Kenneth Taylor,miss,fast-break,3963,14.4,42.9,0,0,57.1,13.9,,,
13981655,Juventus,Manuel Locatelli,miss,assisted,3795,19.2,63.6,0,0,57.8,2.8,,,
13981655,Juventus,Weston McKennie,miss,assisted,3693,7.9,49.3,0,0,35.8,12.5,,,
13981655,Juventus,Edon Zhegrova,block,assisted,3674,20.6,67.8,0,0,48.5,19.0,18.6,66.2,0.0
13981655,Juventus,Weston McKennie,goal,assisted,3528,8.0,47.9,0,0,53.2,7.6,,,
13981655,Juventus,Edon Zhegrova,save,regular,3523,13.5,67.1,0,0,52.6,5.7,0.90000000000001,52.3,0.0
13981655,Juventus,Weston McKennie,block,assisted,3519,13.5,40.8,0,0,52.1,19.0,9.4,43.0,0.0
13981655,Juventus,Kenan Yıldız,block,assisted,3466,8.9,31.3,0,0,48.1,19.0,7.2,35.2,0.0
13981655,Lazio,Fisayo Dele-Bashiru,miss,assisted,3290,13.4,46.7,0,0,63.0,25.0,6.4,43.9,0.0
13981655,Juventus,Kenan Yıldız,block,assisted,3072,18.1,34.8,0,0,47.4,19.0,15.1,37.7,0.0
13981655,Juventus,Khéphren Thuram,miss,assisted,3014,21.0,41.1,0,0,37.3,48.6,,,
13981655,Juventus,Kenan Yıldız,save,assisted,2974,15.4,23.7,0,0,48.4,21.5,1.4,46.9,0.0
13981655,Lazio,Gustav Isaksen,goal,assisted,2817,9.7,68.1,0,0,49.9,30.4,,,
13981655,Lazio,Pedro,goal,assisted,2782,13.3,34.6,0,0,52.5,12.0,,,
13981655,Juventus,Jonathan David,miss,assisted,2556,8.4,49.0,0,0,49.2,87.5,,,
13981655,Juventus,Andrea Cambiaso,block,assisted,2285,13.5,64.6,0,0,47.9,19.0,9.4,60.8,0.0
13981655,Lazio,Toma Bašić,miss,fast-break,2086,18.7,57.0,0,0,41.3,100.0,,,
13981655,Juventus,Bremer,miss,set-piece,1984,10.2,45.2,0,0,50.1,72.2,,,
13981655,Juventus,Teun Koopmeiners,miss,regular,1875,24.3,42.5,0,0,57.0,12.5,,,
13981655,Juventus,Weston McKennie,miss,assisted,1867,4.3,52.6,0,0,33.4,12.5,1.0,69.0,0.0
13981655,Juventus,Teun Koopmeiners,block,assisted,1507,21.1,45.3,0,0,50.6,19.0,10.9,47.3,0.0
13981655,Lazio,Gustav Isaksen,block,corner,1378,4.6,51.7,0,0,48.5,19.0,2.8,51.6,0.0
13981655,Juventus,Bremer,save,corner,941,8.0,56.0,0,0,49.5,25.3,0.7,51.8,0.0
13981655,Juventus,Khéphren Thuram,miss,corner,928,8.2,46.0,0,0,29.1,19.4,7.0,52.2,0.0
13981655,Juventus,Kenan Yıldız,block,assisted,841,16.9,31.1,0,0,49.1,19.0,13.7,34.8,0.0
13981655,Lazio,Gustav Isaksen,block,fast-break,768,23.1,63.6,0,0,54.3,19.0,17.7,58.8,0.0
13981655,Juventus,Andrea Cambiaso,save,assisted,499,24.7,50.7,0,0,51.8,0.6,1.2,50.5,0.0
13981655,Juventus,Kenan Yıldız,block,assisted,38,27.5,47.4,0,0,48.3,19.0,24.7,47.8,0.0
13981660,Inter,Manuel Akanji,save,assisted,5427,8.3,58.3,0,0,51.0,19.0,1.2,50.4,0.0
13981660,Inter,Ange-Yoan Bonny,block,fast-break,5396,7.7,65.0,0,0,47.4,19.0,6.6,63.2,0.0
13981660,Inter,Luís Henrique,goal,regular,5280,13.8,71.4,0,0,54.2,25.3,,,
13981660,Sassuolo,Tarik Muharemović,block,free-kick,5160,30.0,43.6,0,0,51.6,19.0,20.5,45.1,0.0
13981660,Inter,Petar Sučić,miss,assisted,4457,18.8,52.5,0,0,57.6,80.6,,,
13981660,Inter,Marcus Thuram,miss,regular,4113,16.2,33.3,0,0,48.1,79.2,,,
13981660,Inter,Lautaro Martínez,block,assisted,4111,11.3,38.9,0,0,51.4,19.0,9.9,40.1,0.0
13981660,Inter,Federico Dimarco,miss,regular,4055,53.5,35.7,0,0,59.2,15.3,9.2,44.0,0.0
13981660,Inter,Davide Frattesi,block,assisted,3857,15.9,43.5,0,0,50.5,19.0,9.2,46.0,0.0
13981660,Inter,Marcus Thuram,save,regular,3693,5.1,61.3,0,0,46.1,10.8,1.5,55.1,0.0
13981660,Inter,Henrikh Mkhitaryan,save,assisted,3433,23.1,46.4,0,0,47.5,19.0,6.2,50.9,0.0
13981660,Inter,Manuel Akanji,goal,corner,3179,4.1,46.9,0,0,52.7,25.9,,,
13981660,Inter,Lautaro Martínez,goal,throw-in-set-piece,2972,12.9,45.4,0,0,48.1,1.3,,,
13981660,Inter,Henrikh Mkhitaryan,save,assisted,2933,27.7,43.8,0,0,51.7,9.5,1.6,49.1,0.0
13981660,Inter,Federico Dimarco,miss,assisted,2929,15.8,28.2,0,0,38.5,9.7,9.9,41.3,0.0
13981660,Sassuolo,Jay Idzes,block,assisted,2747,30.5,50.7,0,0,49.3,19.0,15.8,50.7,0.0
13981660,Inter,Piotr Zieliński,save,assisted,2229,14.8,42.5,0,0,47.9,25.3,4.4,46.9,0.0
13981660,Inter,Federico Dimarco,block,set-piece,2182,28.7,51.9,0,0,49.1,19.0,20.5,51.6,0.0
13981660,Inter,Marcus Thuram,goal,assisted,1641,7.1,46.6,0,0,52.2,18.4,,,
13981660,Sassuolo,Domenico Berardi,miss,assisted,1584,6.4,52.1,0,0,39.0,2.8,,,
13981660,Sassuolo,Armand Laurienté,miss,regular,1582,11.3,27.4,0,0,35.5,16.7,6.2,50.0,0.0
13981660,Inter,Lautaro Martínez,miss,regular,1539,23.1,59.2,0,0,69.4,15.3,,,
13981660,Sassuolo,Andrea Pinamonti,block,set-piece,874,14.7,48.1,0,0,52.5,19.0,12.4,48.0,0.0
13981660,Inter,Federico Dimarco,miss,regular,751,14.5,38.8,0,0,42.7,5.6,,,
13981660,Inter,Yann Bisseck,block,assisted,748,10.4,51.0,0,0,51.3,4.2,1.9,50.0,0.0
13981660,Inter,Yann Bisseck,goal,corner,604,4.2,46.2,0,0,51.2,7.6,,,
13981660,Inter,Luís Henrique,save,assisted,535,9.4,69.5,0,0,48.3,20.3,1.1,53.8,0.0
13981660,Inter,Henrikh Mkhitaryan,block,assisted,530,13.8,33.6,0,0,50.7,19.0,5.4,43.1,0.0
13981660,Sassuolo,Andrea Pinamonti,save,fast-break,260,12.0,62.0,0,0,52.6,4.4,3.8,53.2,0.0
13981660,Sassuolo,Ismael Koné,save,assisted,54,9.3,40.9,0,0,46.4,22.2,2.0,48.9,0.0
13981662,Pisa,Marius Marin,block,regular,5422,20.8,38.3,0,0,47.0,19.0,11.4,44.9,0.0
13981662,Pisa,Michel Aebischer,miss,regular,5175,29.7,33.0,0,0,43.4,69.4,,,
13981662,Pisa,Henrik Wendel Meister,save,fast-break,5169,9.5,40.4,0,0,50.7,3.8,1.8,47.5,0.0
13981662,Pisa,Idrissa Touré,block,corner,4827,7.0,38.5,0,0,51.4,19.0,5.8,40.2,0.0
13981662,Pisa,Antonio Caracciolo,save,corner,4825,8.9,50.0,0,0,50.0,18.4,1.6,50.4,0.0
13981662,Pisa,Stefano Moreo,post,corner,4816,9.7,55.8,0,0,44.8,25.3,,,
13981662,Pisa,Idrissa Touré,save,throw-in-set-piece,4360,8.9,34.0,0,0,45.6,8.2,1.2,46.7,0.0
13981662,Pisa,Stefano Moreo,miss,corner,4121,10.6,56.7,0,0,51.6,59.7,,,
13981662,Pisa,Filip Stojilković,miss,assisted,3338,12.3,28.6,0,0,65.2,20.8,,,
13981662,Pisa,Idrissa Touré,block,throw-in-set-piece,2805,7.3,54.6,0,0,50.7,19.0,6.2,53.8,0.0
13981662,Hellas Verona,Gift Orban,post,free-kick,1977,28.2,61.2,0,0,44.5,13.9,,,
13981662,Hellas Verona,Sandi Lovrić,miss,corner,1746,15.8,25.4,0,0,0.5,26.4,6.8,100.0,0.0
13981662,Hellas Verona,Gift Orban,miss,assisted,596,28.7,60.5,0,0,45.5,83.3,,,
13981662,Pisa,Stefano Moreo,miss,corner,411,9.3,59.7,0,0,72.1,11.1,5.9,50.9,0.0
13981656,Lecce,Lameck Banda,goal,free-kick,5356,23.5,35.8,0,0,54.4,19.0,,,
13981656,Lecce,Omri Gandelman,block,assisted,5173,8.9,44.8,0,0,51.2,19.0,7.5,45.4,0.0
13981656,Lecce,Lameck Banda,block,assisted,5155,15.3,30.7,0,0,49.7,19.0,14.1,32.2,0.0
13981656,Lecce,Konan N'Dri,miss,assisted,4847,19.5,49.5,0,0,40.2,4.2,,,
13981656,Udinese,Nicolò Zaniolo,miss,assisted,4789,33.4,48.1,0,0,41.2,11.1,,,
13981656,Lecce,Ylber Ramadani,save,assisted,4709,25.1,46.4,0,0,49.1,13.3,1.5,49.1,0.0
13981656,Udinese,Nicolò Zaniolo,miss,throw-in-set-piece,4391,22.2,38.9,0,0,61.0,8.3,,,
13981656,Lecce,Ylber Ramadani,block,assisted,4010,19.2,29.9,0,0,49.9,19.0,18.0,31.2,0.0
13981656,Lecce,Antonino Gallo,block,free-kick,3878,12.5,83.2,0,0,49.2,19.0,9.2,74.8,0.0
13981656,Lecce,Lassana Coulibaly,block,corner,3690,4.8,42.7,0,0,51.7,19.0,3.9,43.7,0.0
13981656,Lecce,Danilo Veiga,save,regular,3649,25.0,50.5,0,0,48.2,31.6,1.4,49.8,0.0
13981656,Lecce,Lassana Coulibaly,save,assisted,3205,8.3,39.9,0,0,52.9,24.7,1.1,49.5,0.0
13981656,Lecce,Omri Gandelman,miss,assisted,3198,13.2,54.6,0,0,4.5,8.3,5.3,77.1,0.0
13981656,Udinese,Arthur Atta,block,assisted,2898,8.3,68.9,0,0,49.5,19.0,7.4,66.9,0.0
13981656,Udinese,Arthur Atta,miss,regular,2255,24.1,48.1,0,0,38.3,22.2,,,
13981656,Lecce,Tiago Gabriel,miss,corner,1717,3.2,47.7,0,0,51.4,56.9,,,
13981656,Lecce,Ylber Ramadani,block,throw-in-set-piece,1680,22.6,31.7,0,0,52.4,19.0,21.2,32.7,0.0
13981656,Udinese,Oumar Solet,goal,penalty,1558,11.5,50.0,0,0,46.3,6.3,,,
13981656,Lecce,Riccardo Sottil,miss,free-kick,839,20.4,31.9,0,0,52.3,47.2,,,
13981656,Lecce,Omri Gandelman,goal,regular,294,9.9,53.0,0,0,51.8,15.2,,,
13981656,Udinese,Vakoun Bayo,miss,assisted,232,24.3,72.0,0,0,51.6,87.5,,,
13981656,Lecce,Walid Cheddira,miss,assisted,134,8.3,45.6,0,0,55.3,93.1,,,
13981650,Cremonese,Morten Thorsby,goal,assisted,5634,9.6,42.9,0,0,46.6,19.0,,,
13981650,Atalanta,Odilon Kossounou,block,corner,5413,5.9,48.6,0,0,47.9,19.0,2.3,50.7,0.0
13981650,Atalanta,Mario Pašalić,miss,corner,5412,6.8,61.0,0,0,59.0,19.0,3.8,50.4,0.0
13981650,Cremonese,Milan Đurić,save,assisted,5296,4.3,40.8,0,0,53.0,16.5,0.099999999999994,47.8,0.0
13981650,Cremonese,Youssef Maleh,miss,assisted,5146,31.8,55.3,0,0,66.1,73.6,,,
13981650,Atalanta,Nikola Krstović,miss,fast-break,5076,15.3,38.9,0,0,41.0,9.7,,,
13981650,Atalanta,Kamaldeen Sulemana,save,assisted,5046,13.7,70.2,0,0,48.1,2.5,1.1,52.5,0.0
13981650,Atalanta,Éderson,block,assisted,4785,12.0,50.5,0,0,47.7,19.0,9.7,49.6,0.0
13981650,Cremonese,Morten Thorsby,miss,corner,4721,10.5,42.4,0,0,68.9,8.3,,,
13981650,Cremonese,Youssef Maleh,block,corner,4698,24.3,59.7,0,0,48.1,19.0,18.2,57.8,0.0
13981650,Cremonese,Martín Payero,block,regular,4673,10.9,52.7,0,0,48.6,19.0,9.4,52.5,0.0
13981650,Atalanta,Giacomo Raspadori,miss,assisted,4543,11.9,38.0,0,0,41.0,70.8,,,
13981650,Atalanta,Mario Pašalić,miss,assisted,4461,9.9,50.1,0,0,68.2,6.9,,,
13981650,Atalanta,Kamaldeen Sulemana,miss,fast-break,4406,8.0,29.5,0,0,38.3,65.3,,,
13981650,Atalanta,Giacomo Raspadori,save,assisted,4253,18.8,44.0,0,0,47.4,2.5,2.9,48.4,0.0
13981650,Atalanta,Lazar Samardžić,miss,assisted,4019,13.3,44.3,0,0,39.2,2.8,,,
13981650,Atalanta,Éderson,save,corner,3921,22.0,31.5,0,0,50.9,7.6,1.6,48.6,0.0
13981650,Cremonese,Antonio Sanabria,miss,set-piece,3843,7.3,54.4,0,0,64.7,22.2,2.2,42.6,0.0
13981650,Cremonese,Youssef Maleh,miss,regular,3682,17.2,38.4,0,0,37.5,70.8,,,
13981650,Atalanta,Nikola Krstović,miss,fast-break,3567,13.0,40.7,0,0,59.5,23.6,,,
13981650,Cremonese,Morten Thorsby,miss,assisted,3435,9.6,55.3,0,0,63.5,15.3,,,
13981650,Cremonese,Youssef Maleh,block,assisted,3402,30.7,47.1,0,0,48.4,19.0,26.9,47.7,0.0
13981650,Atalanta,Nicola Zalewski,miss,regular,3365,20.5,39.0,0,0,56.5,6.9,,,
13981650,Atalanta,Nikola Krstović,block,assisted,3361,14.3,50.5,0,0,47.4,19.0,12.8,50.7,0.0
13981650,Atalanta,Giacomo Raspadori,block,fast-break,2997,8.6,28.0,0,0,47.7,20.8,8.0,30.0,0.0
13981650,Atalanta,Nikola Krstović,block,throw-in-set-piece,2814,18.0,30.9,0,0,47.3,19.0,16.7,32.5,0.0
13981650,Cremonese,Morten Thorsby,miss,assisted,2252,11.0,54.0,0,0,37.0,5.6,1.1,64.8,0.0
13981650,Cremonese,Tommaso Barbieri,miss,assisted,2107,27.5,57.5,0,0,59.3,79.2,,,
13981650,Atalanta,Giacomo Raspadori,save,assisted,2080,25.6,33.5,0,0,52.9,4.4,1.5,48.4,0.0
13981650,Atalanta,Giorgio Scalvini,block,assisted,1600,15.3,66.2,0,0,52.4,19.0,6.3,55.2,0.0
13981650,Atalanta,Davide Zappacosta,goal,assisted,1472,4.8,67.8,0,0,53.6,7.6,,,
13981650,Atalanta,Nikola Krstović,save,assisted,1246,8.0,57.3,0,0,50.7,27.2,1.4,51.6,0.0
13981650,Atalanta,Lazar Samardžić,post,assisted,1164,14.3,46.3,0,0,54.3,38.6,,,
13981650,Atalanta,Nikola Krstović,goal,assisted,772,9.6,44.9,0,0,54.0,8.2,,,
13981650,Atalanta,Berat Djimsiti,save,corner,521,9.7,49.9,0,0,46.2,25.3,1.8,50.5,0.0
13981650,Atalanta,Giacomo Raspadori,save,corner,498,12.6,74.9,0,0,48.5,30.4,1.0,54.9,0.0
13981650,Atalanta,Nicola Zalewski,block,corner,493,19.8,34.0,0,0,51.1,19.0,9.6,41.7,0.0
13981650,Atalanta,Berat Djimsiti,block,corner,491,11.3,53.0,0,0,51.2,19.0,9.6,52.3,0.0
13981650,Atalanta,Nicola Zalewski,block,regular,336,20.9,43.0,0,0,51.6,19.0,18.2,43.7,0.0
13981650,Atalanta,Nicola Zalewski,miss,corner,200,19.7,34.6,0,0,43.4,12.5,7.2,50.0,0.0
13981650,Atalanta,Nikola Krstović,block,assisted,176,14.3,37.9,0,0,49.6,19.0,11.0,40.8,0.0
13981670,Pisa,Samuele Angori,block,free-kick,5500,5.3,80.8,0,0,54.3,18.1,2.3,65.0,0.0
13981670,Pisa,Ebenezer Akinsanmiro,block,assisted,5321,21.3,38.1,0,0,49.3,19.0,19.8,39.0,0.0
13981670,Milan,Luka Modrić,goal,assisted,5048,7.6,46.8,0,0,47.6,16.5,,,
13981670,Pisa,Samuele Angori,miss,assisted,5009,19.6,27.0,0,0,33.4,9.7,8.3,48.6,0.0
13981670,Milan,Niclas Füllkrug,miss,assisted,4809,10.3,55.7,0,0,42.2,6.9,,,
13981670,Pisa,Felipe Loyola,goal,regular,4203,11.3,44.9,0,0,48.4,6.3,,,
13981670,Milan,Zachary Athekame,block,corner,3682,16.7,70.1,0,0,48.4,19.0,6.8,58.7,0.0
13981670,Pisa,Filip Stojilković,miss,assisted,3486,19.1,33.0,0,0,31.8,72.2,,,
13981670,Milan,Niclas Füllkrug,post,penalty,3310,11.5,50.0,0,0,55.5,4.4,,,
13981670,Milan,Ruben Loftus-Cheek,goal,assisted,2295,7.4,48.5,0,0,53.2,10.1,,,
13981670,Milan,Ruben Loftus-Cheek,miss,set-piece,1974,5.1,53.4,0,0,56.3,76.4,,,
13981670,Pisa,Stefano Moreo,miss,assisted,1778,13.2,53.6,0,0,37.0,22.2,2.0,61.7,0.0
13981670,Pisa,Filip Stojilković,save,assisted,1747,8.6,38.5,0,0,49.8,1.9,2.5,46.0,0.0
13981670,Milan,Adrien Rabiot,miss,assisted,606,7.7,38.2,0,0,59.2,70.8,,,
13981669,Bologna,Juan Miranda,miss,fast-break,5690,10.8,25.4,0,0,63.0,87.5,,,
13981669,Torino,Saúl Coco,miss,set-piece,4886,26.8,49.0,0,0,30.1,83.3,,,
13981669,Torino,Duván Zapata,block,set-piece,4637,7.4,49.5,0,0,52.5,19.0,5.9,49.1,0.0
13981669,Bologna,Santiago Castro,goal,assisted,4151,8.2,59.5,0,0,54.2,2.5,,,
13981669,Torino,Nikola Vlašić,goal,fast-break,3690,13.9,53.6,0,0,48.3,4.4,,,
13981669,Torino,Duván Zapata,save,fast-break,3689,12.7,27.9,0,0,46.0,15.8,3.1,44.6,0.0
13981669,Bologna,Simon Sohm,save,assisted,3554,4.5,35.8,0,0,46.9,13.3,2.5,41.2,0.0
13981669,Bologna,Federico Bernardeschi,miss,assisted,3405,22.0,28.9,0,0,46.9,76.4,,,
13981669,Bologna,Remo Freuler,block,assisted,3119,19.7,62.4,0,0,46.0,19.0,17.7,61.6,0.0
13981669,Bologna,Nikola Moro,goal,regular,2890,4.3,48.3,0,0,45.9,1.9,,,
13981669,Bologna,Jonathan Rowe,save,assisted,2815,18.7,48.7,0,0,50.2,3.8,1.4,50.0,0.0
13981669,Bologna,Jonathan Rowe,miss,assisted,2669,17.8,30.1,0,0,43.7,29.2,,,
13981669,Bologna,João Mário,block,regular,2612,13.8,63.0,0,0,50.8,19.0,12.5,61.7,0.0
13981669,Bologna,Jonathan Rowe,miss,assisted,2458,9.7,38.5,0,0,59.7,1.4,,,
13981669,Bologna,Federico Bernardeschi,save,assisted,2396,12.8,69.9,0,0,51.6,5.1,1.1,52.2,0.0
13981669,Torino,Nikola Vlašić,block,free-kick,1736,34.0,27.3,0,0,51.7,19.0,23.6,33.7,0.0
13981669,Bologna,Jonathan Rowe,miss,corner,1616,14.5,49.1,0,0,34.6,73.6,,,
13981669,Bologna,Federico Bernardeschi,save,fast-break,1505,14.7,43.6,0,0,50.7,0.6,2.7,48.9,0.0
13981669,Torino,Giovanni Simeone,block,assisted,1456,16.6,71.4,0,0,48.1,19.0,15.1,69.7,0.0
13981669,Bologna,Santiago Castro,save,set-piece,1202,4.8,48.7,0,0,48.8,18.4,1.0,49.3,0.0
13981669,Torino,Guillermo Maripán,block,corner,775,10.2,48.3,0,0,50.2,19.0,7.9,48.6,0.0
13981669,Bologna,Nikola Moro,miss,assisted,281,7.9,56.6,0,0,37.0,13.9,,,
13981663,Lecce,Nikola Štulić,block,assisted,5554,3.8,58.8,0,0,53.3,6.9,2.9,57.4,0.0
13981663,Lecce,Oumar Ngom,block,assisted,5549,11.4,62.5,0,0,49.7,1.4,3.5,54.9,0.0
13981663,Cagliari,Ibrahim Sulemana,miss,regular,5316,26.8,59.9,0,0,60.3,22.2,,,
13981663,Cagliari,Marco Palestra,block,regular,5259,22.3,69.0,0,0,50.0,19.0,18.6,65.9,0.0
13981663,Cagliari,Yael Trepy,block,regular,5256,14.7,72.3,0,0,49.8,19.0,11.8,67.9,0.0
13981663,Cagliari,Yael Trepy,miss,corner,5104,4.6,57.7,0,0,20.3,8.3,,,
13981663,Cagliari,Michel Adopo,miss,corner,4948,4.3,47.7,0,0,44.9,65.3,,,
13981663,Lecce,Ylber Ramadani,goal,set-piece,4506,15.8,24.3,0,0,52.9,2.5,,,
13981663,Lecce,Omri Gandelman,miss,set-piece,4496,8.8,41.5,0,0,73.9,43.1,6.3,30.9,0.0
13981663,Cagliari,Adam Obert,miss,corner,4205,5.1,53.8,0,0,48.7,68.1,,,
13981663,Lecce,Omri Gandelman,goal,set-piece,3840,3.7,48.8,0,0,50.7,13.9,,,
13981663,Lecce,Omri Gandelman,miss,set-piece,3520,10.1,41.9,0,0,69.6,5.6,,,
13981663,Lecce,Walid Cheddira,save,set-piece,3461,5.5,44.2,0,0,51.6,18.4,1.2,49.3,0.0
13981663,Cagliari,Ibrahim Sulemana,miss,fast-break,2455,9.5,44.1,0,0,63.9,12.5,,,
13981663,Cagliari,Gabriele Zappa,miss,throw-in-set-piece,2350,12.8,53.4,0,0,66.2,23.6,8.9,49.3,0.0
13981663,Cagliari,Gabriele Zappa,miss,assisted,2251,13.8,54.2,0,0,50.4,65.3,,,
13981663,Cagliari,Leonardo Pavoletti,block,regular,2203,14.7,48.9,0,0,52.4,19.0,12.8,48.7,0.0
13981663,Lecce,Omri Gandelman,block,assisted,1784,13.3,53.8,0,0,48.7,8.3,11.2,53.1,0.0
13981663,Lecce,Santiago Pierotti,block,regular,1784,6.7,59.9,0,0,51.8,22.2,5.0,57.6,0.0
13981663,Lecce,Riccardo Sottil,miss,assisted,1661,12.0,54.2,0,0,57.3,75.0,,,
13981663,Lecce,Walid Cheddira,save,throw-in-set-piece,1372,14.2,37.4,0,0,51.3,5.7,2.3,48.7,0.0
13981663,Lecce,Riccardo Sottil,block,free-kick,1340,20.4,74.6,0,0,50.5,19.0,8.0,58.8,0.0
13981663,Lecce,Riccardo Sottil,block,assisted,1128,15.4,65.0,0,0,51.1,19.0,6.7,57.9,0.0
13981663,Cagliari,Leonardo Pavoletti,miss,corner,661,2.9,45.0,0,0,52.6,61.1,,,
13981671,Inter,Ange-Yoan Bonny,block,fast-break,5638,10.1,41.5,0,0,46.8,19.0,3.8,48.7,0.0
13981671,Juventus,Emil Holm,miss,throw-in-set-piece,5595,13.5,53.0,0,0,74.3,44.4,12.3,44.8,0.0
13981671,Juventus,Teun Koopmeiners,save,assisted,5517,11.3,50.7,0,0,51.0,30.4,0.5,49.5,0.0
13981671,Inter,Piotr Zieliński,goal,assisted,5394,21.7,44.7,0,0,47.2,1.9,,,
13981671,Inter,Hakan Çalhanoğlu,miss,assisted,5315,26.1,44.0,0,0,51.4,59.7,,,
13981671,Inter,Yann Bisseck,save,assisted,5299,5.4,57.3,0,0,51.6,12.0,1.1,51.8,0.0
13981671,Inter,Hakan Çalhanoğlu,save,assisted,5219,17.7,49.6,0,0,46.8,0.6,1.1,49.6,0.0
13981671,Juventus,Manuel Locatelli,goal,assisted,4966,14.7,64.6,0,0,54.2,11.4,,,
13981671,Inter,Federico Dimarco,miss,fast-break,4740,12.9,34.2,0,0,57.8,81.9,,,
13981671,Inter,Francesco Pio Esposito,goal,assisted,4539,8.8,49.2,0,0,45.8,25.9,,,
13981671,Inter,Piotr Zieliński,miss,corner,4453,22.3,43.9,0,0,49.9,68.1,,,
13981671,Inter,Marcus Thuram,miss,assisted,4253,22.1,34.9,0,0,45.7,58.3,,,
13981671,Inter,Francesco Pio Esposito,block,fast-break,4197,18.5,54.8,0,0,48.2,19.0,15.7,54.3,0.0
13981671,Inter,Francesco Pio Esposito,save,assisted,4045,7.6,49.1,0,0,53.1,2.5,0.90000000000001,50.4,0.0
13981671,Inter,Hakan Çalhanoğlu,block,assisted,4033,28.4,59.9,0,0,50.2,19.0,13.2,54.5,0.0
13981671,Inter,Federico Dimarco,block,corner,3983,8.6,39.1,0,0,51.0,19.0,6.2,41.9,0.0
13981671,Inter,Hakan Çalhanoğlu,save,corner,3979,19.1,65.8,0,0,47.1,27.2,2.3,50.5,0.0
13981671,Juventus,Weston McKennie,save,assisted,3006,18.1,51.7,0,0,49.3,7.0,1.1,50.5,0.0
13981671,Juventus,Fabio Miretti,save,regular,3002,18.2,48.5,0,0,51.2,0.6,1.9,49.6,0.0
13981671,Juventus,Andrea Cambiaso,save,assisted,2995,10.4,33.7,0,0,52.9,32.9,1.2,48.0,0.0
13981671,Inter,Marcus Thuram,miss,assisted,2786,9.3,57.9,0,0,46.1,81.9,,,
13981671,Inter,Nicolò Barella,block,assisted,2758,23.9,67.9,0,0,52.0,19.0,11.5,57.6,0.0
13981671,Inter,Alessandro Bastoni,save,corner,2467,4.3,44.2,0,0,52.3,19.0,1.4,46.6,0.0
13981671,Inter,Marcus Thuram,save,corner,2465,9.5,48.1,0,0,51.0,19.0,1.5,50.0,0.0
13981671,Inter,Lautaro Martínez,miss,assisted,2063,13.2,47.6,0,0,34.1,52.8,,,
13981671,Inter,Piotr Zieliński,save,assisted,2047,10.5,62.6,0,0,53.1,19.0,2.5,50.7,0.0
13981671,Juventus,Kenan Yıldız,save,assisted,1785,13.5,32.1,0,0,47.1,20.9,2.3,47.3,0.0
13981671,Inter,Federico Dimarco,miss,assisted,1739,24.2,29.7,0,0,41.3,1.4,,,
13981671,Juventus,Andrea Cambiaso,goal,assisted,1543,6.4,47.2,0,0,52.9,0.6,,,
13981671,Juventus,Francisco Conceição,miss,assisted,1305,11.9,71.7,0,0,51.6,61.1,,,
13981671,Juventus,Weston McKennie,save,assisted,1199,8.1,49.9,0,0,51.3,24.1,1.4,49.8,0.0
13981671,Inter,Andrea Cambiaso,goal,regular,1008,9.1,66.7,0,0,48.9,7.6,,,
13981672,Udinese,Idrissa Gueye,miss,assisted,5639,17.8,50.9,0,0,61.0,23.6,7.3,46.9,0.0
13981672,Sassuolo,M'Bala Nzola,block,assisted,5289,4.8,67.1,0,0,47.3,19.0,4.3,65.6,0.0
13981672,Udinese,Adam Buksa,block,regular,5207,14.4,50.7,0,0,52.3,19.0,12.8,50.4,0.0
13981672,Sassuolo,Luca Lipani,miss,fast-break,4376,24.2,54.6,0,0,60.3,8.3,10.8,48.5,0.0
13981672,Sassuolo,Andrea Pinamonti,goal,assisted,3451,2.6,51.8,0,0,48.3,20.3,,,
13981672,Sassuolo,Armand Laurienté,goal,assisted,3355,13.3,45.5,0,0,46.8,3.2,,,
13981672,Udinese,Oumar Solet,miss,corner,3332,6.9,41.1,0,0,47.2,76.4,,,
13981672,Udinese,Nicolò Zaniolo,block,assisted,2977,5.4,30.7,0,0,48.9,19.0,4.9,32.7,0.0
13981672,Sassuolo,Kristian Thorstvedt,miss,corner,2158,2.6,34.8,0,0,61.0,37.5,,,
13981672,Sassuolo,Kristian Thorstvedt,save,assisted,1800,9.6,45.0,0,0,48.1,22.2,0.90000000000001,48.4,0.0
13981672,Sassuolo,Domenico Berardi,block,fast-break,1724,9.5,70.6,0,0,47.6,19.0,7.6,67.0,0.0
13981672,Udinese,Nicolò Zaniolo,block,assisted,1521,14.4,53.0,0,0,48.7,9.7,12.4,53.6,0.0
13981672,Sassuolo,Andrea Pinamonti,miss,throw-in-set-piece,1456,13.6,55.2,0,0,58.5,4.2,1.6,50.2,0.0
13981672,Udinese,Lennon Miller,miss,assisted,984,22.9,44.6,0,0,50.4,72.2,,,
13981672,Sassuolo,Armand Laurienté,block,assisted,845,18.8,24.9,0,0,46.4,19.0,18.1,26.0,0.0
13981672,Udinese,Oumar Solet,goal,assisted,557,16.5,57.9,0,0,46.4,1.9,,,
13981672,Udinese,Thomas Kristensen,save,corner,408,13.6,51.7,0,0,53.7,19.0,1.2,51.4,0.0
13981672,Sassuolo,Kristian Thorstvedt,miss,assisted,138,4.6,67.7,0,0,63.4,4.2,,,
13981657,Cremonese,Federico Bonazzoli,miss,regular,5606,6.6,49.3,0,0,47.4,56.9,,,
13981657,Cremonese,Federico Bonazzoli,block,assisted,5603,11.9,48.4,0,0,50.9,19.0,9.7,48.6,0.0
13981657,Cremonese,Federico Bonazzoli,block,assisted,5596,18.7,67.5,0,0,50.0,19.0,12.5,61.7,0.0
13981657,Genoa,Caleb Ekuban,miss,corner,5503,7.6,48.9,0,0,50.8,51.4,,,
13981657,Genoa,Alexsandro Amorim,block,corner,5500,11.1,56.2,0,0,52.0,19.0,7.6,53.6,0.0
13981657,Genoa,Leo Østigård,save,corner,4818,6.6,43.3,0,0,53.9,18.4,1.2,47.5,0.0
13981657,Genoa,Caleb Ekuban,block,assisted,4697,13.3,42.0,0,0,49.9,19.0,12.0,42.8,0.0
13981657,Cremonese,Youssef Maleh,save,set-piece,4647,11.2,33.9,0,0,47.5,10.1,1.4,47.7,0.0
13981657,Genoa,Jeff Ekhator,block,fast-break,4486,11.6,33.5,0,0,52.4,19.0,10.2,35.2,0.0
13981657,Cremonese,Youssef Maleh,block,throw-in-set-piece,4403,27.8,51.5,0,0,49.6,19.0,21.6,51.3,0.0
13981657,Cremonese,Federico Bonazzoli,block,throw-in-set-piece,4401,27.2,56.2,0,0,50.3,19.0,14.7,53.2,0.0
13981657,Cremonese,Morten Thorsby,save,assisted,3970,12.8,44.9,0,0,50.4,22.2,2.2,48.7,0.0
13981657,Cremonese,Federico Bonazzoli,save,regular,3896,2.5,52.2,0,0,48.6,5.7,1.6,51.3,0.0
13981657,Cremonese,Alberto Grassi,save,assisted,3895,17.8,50.4,0,0,49.1,3.8,1.5,51.1,0.0
13981657,Genoa,Caleb Ekuban,miss,assisted,3745,4.4,31.5,0,0,58.3,4.2,,,
13981657,Cremonese,Milan Đurić,miss,assisted,3396,7.3,56.4,0,0,57.3,23.6,,,
13981657,Genoa,Junior Messias,miss,assisted,3167,13.0,62.5,0,0,42.7,45.8,,,
13981657,Genoa,Vitinha,block,assisted,3071,12.3,50.4,0,0,53.2,19.0,10.3,49.8,0.0
13981657,Genoa,Junior Messias,block,assisted,2968,14.8,34.8,0,0,48.3,19.0,10.3,39.9,0.0
13981657,Genoa,Lorenzo Colombo,miss,assisted,2878,9.4,55.8,0,0,100.0,2.8,3.3,0.0,0.0
13981657,Cremonese,Morten Thorsby,save,corner,2808,7.7,52.6,0,0,51.9,13.3,1.6,51.3,0.0
13981657,Genoa,Mikael Ellertsson,miss,corner,2697,21.5,37.1,0,0,42.4,13.9,9.6,40.2,0.0
13981657,Cremonese,Milan Đurić,miss,corner,2549,8.6,51.7,0,0,63.2,15.3,4.2,45.7,0.0
13981657,Genoa,Lorenzo Colombo,miss,assisted,2286,9.9,45.0,0,0,48.4,50.0,,,
13981657,Cremonese,Alessio Zerbin,block,assisted,2157,16.9,56.6,0,0,51.5,19.0,13.7,55.1,0.0
13981657,Cremonese,Martín Payero,block,assisted,2152,25.4,45.8,0,0,51.1,19.0,20.6,46.4,0.0
13981657,Genoa,Lorenzo Colombo,save,assisted,2041,24.4,46.0,0,0,50.0,7.0,1.9,49.5,0.0
13981657,Cremonese,Federico Baschirotto,save,set-piece,2001,7.1,47.2,0,0,48.4,30.4,2.0,48.2,0.0
13981657,Cremonese,Jamie Vardy,miss,set-piece,1874,10.7,41.6,0,0,33.4,6.9,4.9,52.9,0.0
13981657,Cremonese,Morten Thorsby,block,set-piece,1873,7.4,55.0,0,0,54.1,19.0,5.4,52.5,0.0
13981657,Genoa,Brooke Norton-Cuffy,save,regular,1756,10.0,62.1,0,0,53.1,8.9,1.1,52.2,0.0
13981657,Genoa,Vitinha,block,assisted,1749,17.7,40.4,0,0,48.6,19.0,15.9,41.5,0.0
13981657,Cremonese,Milan Đurić,save,assisted,1675,6.6,57.2,0,0,46.1,20.9,1.4,52.7,0.0
13981657,Genoa,Vitinha,save,assisted,696,18.5,54.8,0,0,51.2,3.8,1.5,50.2,0.0
13981657,Genoa,Vitinha,save,assisted,570,22.9,30.5,0,0,47.2,10.8,1.5,48.7,0.0
13981657,Genoa,Johan Vásquez,miss,corner,527,5.7,46.5,0,0,37.8,29.2,,,
13981657,Genoa,Junior Messias,save,set-piece,493,23.3,52.9,0,0,51.6,31.6,0.90000000000001,49.8,0.0
13981657,Cremonese,Jamie Vardy,save,assisted,354,6.8,55.7,0,0,50.0,7.0,1.0,52.2,0.0
13981668,Hellas Verona,Tobias Slotsager,miss,corner,5810,9.5,55.7,0,0,81.3,9.7,7.5,38.4,0.0
13981668,Parma,Mateo Pellegrino,goal,assisted,5523,7.6,46.0,0,0,53.8,14.6,,,
13981668,Parma,Hans Nicolussi Caviglia,miss,corner,5426,29.6,54.6,0,0,52.4,80.6,,,
13981668,Parma,Gaetano Oristanio,miss,assisted,5269,25.4,55.2,0,0,62.4,75.0,,,
13981668,Parma,Adrián Bernabé,block,assisted,5063,16.0,65.8,0,0,48.8,19.0,8.0,58.5,0.0
13981668,Parma,Gaetano Oristanio,miss,assisted,4913,13.5,51.3,0,0,30.1,20.8,,,
13981668,Parma,Jacob Ondrejka,save,throw-in-set-piece,4899,6.9,29.7,0,0,48.6,19.0,1.8,45.8,0.0
13981668,Parma,Jacob Ondrejka,block,assisted,4806,13.4,22.1,0,0,47.7,19.0,12.8,23.5,0.0
13981668,Parma,Gabriel Strefezza,block,corner,4772,13.9,30.6,0,0,54.4,19.0,12.1,32.5,0.0
13981668,Parma,Adrián Bernabé,block,assisted,4737,21.8,70.7,0,0,50.5,19.0,20.2,69.1,0.0
13981668,Parma,Jacob Ondrejka,save,assisted,4728,20.7,32.7,0,0,46.4,19.6,2.3,48.7,0.0
13981668,Parma,Mateo Pellegrino,miss,assisted,4609,7.8,48.7,0,0,58.7,25.0,,,
13981668,Parma,Hans Nicolussi Caviglia,block,assisted,4475,27.6,48.3,0,0,50.2,19.0,12.1,49.1,0.0
13981668,Hellas Verona,Mutassim Al-Musrati,block,throw-in-set-piece,4403,25.3,63.0,0,0,50.0,19.0,19.7,60.1,0.0
13981668,Parma,Jacob Ondrejka,save,assisted,4271,12.2,34.2,0,0,50.5,2.5,1.8,47.8,0.0
13981668,Parma,Gabriel Strefezza,post,assisted,4238,20.7,38.0,0,0,46.2,39.2,,,
13981668,Parma,Gabriel Strefezza,miss,corner,4083,9.2,58.9,0,0,57.3,76.4,,,
13981668,Parma,Jacob Ondrejka,miss,assisted,3653,21.9,27.2,0,0,57.1,23.6,,,
13981668,Parma,Mateo Pellegrino,miss,assisted,3368,7.7,47.9,0,0,36.0,45.8,6.4,51.4,0.0
13981668,Hellas Verona,Cheikh Niasse,miss,throw-in-set-piece,3142,25.4,44.4,0,0,64.0,13.9,,,
13981668,Parma,Sascha Britschgi,save,assisted,2756,27.2,68.7,0,0,49.7,16.5,1.2,50.4,0.0
13981668,Parma,Lautaro Valenti,block,corner,2757,14.5,34.2,0,0,48.8,19.0,13.2,35.7,0.0
13981668,Hellas Verona,Abdou Harroui,goal,penalty,2572,11.5,50.0,0,0,53.9,2.5,,,
13981668,Parma,Lautaro Valenti,miss,assisted,2239,26.8,33.8,0,0,40.2,2.8,,,
13981668,Parma,Mandela Keita,block,assisted,2169,27.7,55.0,0,0,48.1,19.0,21.8,54.3,0.0
13981668,Parma,Mateo Pellegrino,miss,assisted,2159,6.0,50.1,0,0,99.8,5.6,1.9,18.6,0.0
13981668,Parma,Sascha Britschgi,save,corner,1893,19.1,55.4,0,0,47.8,28.5,2.3,51.1,0.0
13981668,Parma,Adrián Bernabé,block,free-kick,1830,21.6,69.5,0,0,49.5,19.0,12.1,61.9,0.0
13981668,Parma,Lautaro Valenti,block,set-piece,1751,18.2,69.5,0,0,50.0,19.0,16.2,67.3,0.0
13981668,Parma,Adrián Bernabé,save,assisted,1228,26.3,71.8,0,0,53.6,2.5,1.0,51.4,0.0
13981668,Parma,Adrián Bernabé,goal,assisted,193,25.8,46.6,0,0,46.1,12.0,,,
13981667,Fiorentina,Roberto Piccoli,save,assisted,5569,26.6,47.9,0,0,47.7,1.9,17.9,48.2,0.0
13981667,Como,Nico Paz,block,assisted,4837,13.7,65.2,0,0,53.4,2.8,11.6,63.2,0.0
13981667,Como,Marc-Oliver Kempf,save,corner,4720,10.3,53.9,0,0,48.2,12.7,1.0,52.5,0.0
13981667,Como,Fabiano Parisi,goal,regular,4589,6.3,54.4,0,0,47.5,24.7,,,
13981667,Como,Álvaro Morata,miss,assisted,4588,10.7,46.2,0,0,31.9,1.4,6.4,55.1,0.0
13981667,Como,Jesús Rodriguez,miss,assisted,4257,12.8,31.0,0,0,28.9,1.4,6.6,50.0,0.0
13981667,Como,Álvaro Morata,block,corner,3887,5.0,46.4,0,0,52.5,19.0,3.5,46.7,0.0
13981667,Como,Marc-Oliver Kempf,miss,corner,3882,10.8,48.1,0,0,63.9,5.6,4.1,44.4,0.0
13981667,Como,Martin Baturina,miss,assisted,3359,18.9,52.9,0,0,59.3,2.8,,,
13981667,Como,Jesús Rodriguez,save,assisted,3316,13.0,33.6,0,0,51.7,3.2,1.8,46.7,0.0
13981667,Fiorentina,Moise Kean,goal,penalty,3200,11.5,50.0,0,0,53.7,27.8,,,
13981667,Fiorentina,Fabiano Parisi,block,regular,2969,23.5,47.7,0,0,51.8,19.0,17.7,47.8,0.0
13981667,Como,Martin Baturina,miss,fast-break,2665,11.0,35.7,0,0,53.9,56.9,,,
13981667,Como,Anastasios Douvikas,miss,assisted,2533,12.2,45.6,0,0,51.9,63.9,,,
13981667,Como,Nico Paz,miss,assisted,2499,10.1,46.4,0,0,61.5,15.3,1.1,43.0,0.0
13981667,Como,Nico Paz,miss,assisted,2242,28.2,47.0,0,0,36.3,5.6,,,
13981667,Como,Nico Paz,miss,assisted,2045,25.7,63.8,0,0,56.8,73.6,,,
13981667,Como,Nico Paz,block,assisted,1836,14.5,74.1,0,0,48.4,19.0,11.9,70.0,0.0
13981667,Como,Nico Paz,miss,assisted,1678,6.3,59.7,0,0,43.4,18.1,,,
13981667,Fiorentina,Nicolò Fagioli,goal,regular,1543,6.9,42.3,0,0,54.1,3.2,,,
13981667,Fiorentina,Nicolò Fagioli,block,regular,1541,15.5,39.4,0,0,50.3,19.0,11.0,42.4,0.0
13981667,Como,Nico Paz,save,assisted,1091,25.3,60.5,0,0,49.0,3.8,2.5,52.0,0.0
13981667,Fiorentina,Jack Harrison,miss,assisted,1042,24.7,40.1,0,0,40.3,8.3,,,
13981667,Fiorentina,Luca Ranieri,miss,corner,849,6.7,60.3,0,0,41.2,25.0,,,
13981659,Atalanta,Nikola Krstović,miss,fast-break,5625,67.6,50.2,0,0,45.2,66.7,,,
13981659,Lazio,Patric,block,regular,5618,18.7,47.7,0,0,45.5,6.9,10.7,50.2,0.0
13981659,Lazio,Boulaye Dia,block,regular,5616,14.2,42.3,0,0,54.5,20.8,8.3,44.0,0.0
13981659,Lazio,Daniel Maldini,miss,assisted,5431,21.2,26.4,0,0,51.4,62.5,,,
13981659,Lazio,Petar Ratkov,post,corner,5336,6.3,48.1,0,0,44.7,4.4,,,
13981659,Lazio,Daniel Maldini,block,assisted,5294,14.1,32.0,0,0,53.1,19.0,12.3,33.9,0.0
13981659,Lazio,Petar Ratkov,miss,assisted,5196,6.9,54.0,0,0,57.8,70.8,,,
13981659,Lazio,Petar Ratkov,block,fast-break,4987,13.9,70.0,0,0,48.5,19.0,11.8,67.2,0.0
13981659,Lazio,Nuno Tavares,block,assisted,4905,15.2,23.5,0,0,50.2,19.0,12.4,28.3,0.0
13981659,Lazio,Daniel Maldini,save,free-kick,4504,23.2,68.1,0,0,47.4,24.7,1.1,50.9,0.0
13981659,Atalanta,Marten de Roon,miss,regular,4372,23.9,67.8,0,0,97.5,11.1,,,
13981659,Atalanta,Lorenzo Bernasconi,block,assisted,4363,24.8,30.5,0,0,49.4,19.0,21.2,33.4,0.0
13981659,Lazio,Daniel Maldini,miss,regular,3974,18.1,36.2,0,0,40.2,70.8,,,
13981659,Lazio,Daniel Maldini,block,assisted,3789,14.6,42.3,0,0,51.3,19.0,10.2,44.2,0.0
13981659,Atalanta,Nicola Zalewski,goal,assisted,3591,20.3,33.6,0,0,45.9,10.1,,,
13981659,Atalanta,Nicola Zalewski,block,assisted,3280,20.7,59.5,0,0,52.1,19.0,10.9,54.0,0.0
13981659,Lazio,Adam Marušić,miss,corner,3182,3.7,61.1,0,0,42.4,31.9,,,
13981659,Lazio,Tijjani Noslin,save,corner,3181,7.5,46.1,0,0,47.7,15.8,1.2,48.7,0.0
13981659,Lazio,Danilo Cataldi,miss,assisted,2779,21.5,50.9,0,0,66.6,6.9,12.5,46.6,0.0
13981659,Atalanta,Giorgio Scalvini,save,assisted,2709,13.5,44.2,0,0,48.2,3.2,2.0,50.0,0.0
13981659,Atalanta,Éderson,goal,penalty,2435,11.5,50.0,0,0,52.6,4.4,,,
13981659,Atalanta,Nicola Zalewski,miss,assisted,1824,17.8,30.5,0,0,54.8,81.9,,,
13981659,Lazio,Tijjani Noslin,save,assisted,1779,21.1,26.3,0,0,49.4,22.2,1.5,47.7,0.0
13981659,Lazio,Kenneth Taylor,save,assisted,1623,6.9,38.2,0,0,54.4,22.8,1.6,45.8,0.0
13981659,Atalanta,Honest Ahanor,miss,corner,1242,7.0,47.4,0,0,58.8,5.6,,,
13981659,Lazio,Kenneth Taylor,save,assisted,1146,10.1,54.9,0,0,47.7,27.2,0.7,51.6,0.0
13981659,Atalanta,Lazar Samardžić,block,corner,999,20.0,39.5,0,0,50.9,19.0,16.0,40.6,0.0
13981659,Atalanta,Nikola Krstović,save,assisted,952,9.1,43.5,0,0,50.3,19.0,0.3,49.5,0.0
13981659,Lazio,Gustav Isaksen,miss,assisted,907,21.3,65.8,0,0,41.0,1.4,1.4,59.0,0.0
13981659,Atalanta,Nikola Krstović,save,assisted,500,14.3,66.9,0,0,49.4,3.8,2.3,51.8,0.0
13981665,Napoli,Miguel Gutiérrez,save,fast-break,5584,19.8,44.8,0,0,53.3,5.7,1.2,49.6,0.0
13981665,Roma,Robinio Vaz,block,assisted,5558,9.3,63.8,0,0,51.4,19.0,6.8,59.7,0.0
13981665,Napoli,Billy Gilmour,miss,corner,5308,14.3,62.4,0,0,78.2,9.7,10.2,46.9,0.0
13981665,Napoli,Rasmus Højlund,block,assisted,5270,4.1,28.3,0,0,54.5,18.1,3.3,31.4,0.0
13981665,Roma,Robinio Vaz,miss,assisted,5186,7.8,53.4,0,0,38.3,13.9,,,
13981665,Napoli,Alisson Santos,goal,assisted,4897,17.6,46.8,0,0,52.5,2.5,,,
13981665,Roma,Lorenzo Venturino,block,fast-break,4849,19.3,61.7,0,0,48.7,19.0,16.7,60.3,0.0
13981665,Napoli,Alisson Santos,save,assisted,4509,14.1,36.2,0,0,52.5,1.3,1.6,48.0,0.0
13981665,Roma,Donyell Malen,goal,penalty,4234,11.5,50.0,0,0,47.7,20.3,,,
13981665,Napoli,Miguel Gutiérrez,save,assisted,3884,4.2,67.0,0,0,50.6,16.5,0.7,53.1,0.0
13981665,Napoli,Leonardo Spinazzola,save,regular,2780,11.1,35.8,0,0,48.5,12.7,1.9,46.2,0.0
13981665,Roma,Gianluca Mancini,miss,set-piece,2760,9.3,50.2,0,0,37.6,76.4,,,
13981665,Napoli,Leonardo Spinazzola,goal,assisted,2372,24.0,38.3,0,0,50.2,24.7,,,
13981665,Roma,Wesley,block,assisted,2085,13.2,29.7,0,0,51.3,19.0,11.9,31.6,0.0
13981665,Roma,Niccolò Pisilli,miss,assisted,1779,24.8,38.3,0,0,57.3,1.4,,,
13981665,Napoli,Rasmus Højlund,block,assisted,1402,12.8,58.9,0,0,51.1,19.0,11.1,57.6,0.0
13981665,Roma,Donyell Malen,miss,fast-break,1101,16.3,52.0,0,0,58.3,1.4,,,
13981665,Napoli,Stanislav Lobotka,save,corner,882,19.6,48.8,0,0,51.2,15.2,3.1,49.6,0.0
13981665,Napoli,Antonio Vergara,block,regular,844,12.6,35.2,0,0,51.3,19.0,10.1,37.9,0.0
13981665,Roma,Donyell Malen,goal,fast-break,362,8.5,52.8,0,0,48.6,21.5,,,
13981676,Torino,Matteo Prati,miss,assisted,5390,22.3,48.2,0,0,59.8,6.9,1.9,41.9,0.0
13981676,Genoa,Jean Onana,miss,regular,5247,25.0,42.2,0,0,63.5,44.4,,,
13981676,Genoa,Junior Messias,goal,regular,4966,8.8,42.7,0,0,46.0,16.5,,,
13981676,Genoa,Mikael Ellertsson,miss,assisted,4746,15.1,28.7,0,0,57.3,91.7,,,
13981676,Genoa,Jeff Ekhator,miss,assisted,4280,16.4,62.0,0,0,42.2,75.0,,,
13981676,Genoa,Brooke Norton-Cuffy,block,regular,4142,10.2,38.7,0,0,52.1,19.0,7.1,41.5,0.0
13981676,Torino,Duván Zapata,save,assisted,4030,13.3,45.4,0,0,53.0,19.0,2.3,46.7,0.0
13981676,Torino,Duván Zapata,save,corner,3625,13.3,47.3,0,0,50.7,20.9,1.9,49.5,0.0
13981676,Torino,Matteo Prati,miss,assisted,3339,18.1,67.9,0,0,38.5,84.7,,,
13981676,Torino,Gvidas Gineitis,miss,assisted,3224,13.3,33.6,0,0,42.0,4.2,,,
13981676,Genoa,Caleb Ekuban,miss,throw-in-set-piece,2981,3.7,38.5,0,0,55.8,70.8,,,
13981676,Genoa,Brooke Norton-Cuffy,block,assisted,2827,21.6,27.6,0,0,49.6,19.0,18.0,31.4,0.0
13981676,Torino,Sandro Kulenović,block,corner,2502,4.4,42.6,0,0,53.3,19.0,1.9,44.9,0.0
13981676,Genoa,Caleb Ekuban,goal,regular,2374,4.9,46.0,0,0,54.2,5.7,,,
13981676,Genoa,Tommaso Baldanzi,save,assisted,2373,13.3,65.8,0,0,50.0,7.6,1.2,53.4,0.0
13981676,Torino,Rafael Obrador,save,set-piece,2071,21.2,34.8,0,0,48.2,19.6,1.8,47.7,0.0
13981676,Genoa,Johan Vásquez,miss,set-piece,1941,7.9,58.9,0,0,39.2,4.2,,,
13981676,Genoa,Johan Vásquez,block,set-piece,1928,9.1,58.3,0,0,51.6,19.0,7.6,56.7,0.0
13981676,Genoa,Ruslan Malinovskyi,block,free-kick,1920,21.3,74.8,0,0,50.7,19.0,12.5,61.9,0.0
13981676,Genoa,Brooke Norton-Cuffy,goal,regular,1260,10.8,44.7,0,0,53.3,17.1,,,
13981676,Genoa,Caleb Ekuban,save,assisted,1257,12.4,70.9,0,0,49.0,12.0,1.9,55.1,0.0
13981676,Genoa,Lorenzo Colombo,block,assisted,257,14.6,45.4,0,0,49.5,19.0,11.8,46.4,0.0
13981676,Genoa,Mikael Ellertsson,block,regular,225,14.3,75.6,0,0,49.8,19.0,6.2,61.2,0.0
13981678,Juventus,Jonathan David,miss,set-piece,5024,3.8,44.0,0,0,50.1,66.7,,,
13981678,Juventus,Teun Koopmeiners,post,free-kick,5015,28.7,55.3,0,0,44.7,22.8,,,
13981678,Como,Máximo Perrone,miss,assisted,4836,24.6,55.2,0,0,59.8,56.9,,,
13981678,Juventus,Jérémie Boga,block,throw-in-set-piece,4682,9.8,34.9,0,0,50.2,19.0,7.3,38.6,0.0
13981678,Juventus,Khéphren Thuram,miss,regular,4098,25.3,42.6,0,0,40.0,75.0,,,
13981678,Juventus,Kenan Yıldız,miss,assisted,3925,11.9,35.4,0,0,38.0,2.8,5.8,49.3,0.0
13981678,Juventus,Teun Koopmeiners,miss,corner,3851,10.2,51.7,0,0,59.0,16.7,,,
13981678,Juventus,Loïs Openda,block,corner,3843,8.3,48.3,0,0,48.2,19.0,5.5,49.5,0.0
13981678,Como,Maxence Caqueret,goal,fast-break,3614,8.8,43.5,0,0,51.9,3.8,,,
13981678,Como,Lucas Da Cunha,miss,free-kick,3273,24.1,55.3,0,0,45.9,63.9,,,
13981678,Como,Anastasios Douvikas,miss,corner,3101,8.9,45.6,0,0,55.5,87.5,,,
13981678,Como,Anastasios Douvikas,block,corner,3100,11.4,49.0,0,0,50.8,19.0,5.0,49.1,0.0
13981678,Juventus,Francisco Conceição,save,assisted,2877,15.5,69.7,0,0,46.2,5.1,1.4,52.7,0.0
13981678,Como,Anastasios Douvikas,miss,assisted,2865,12.7,45.7,0,0,40.7,2.8,,,
13981678,Como,Máximo Perrone,miss,regular,2334,21.4,64.3,0,0,60.0,68.1,,,
13981678,Como,Lucas Da Cunha,post,regular,2219,17.9,61.2,0,0,53.3,39.9,,,
13981678,Como,Álex Valle,block,fast-break,1472,9.5,29.0,0,0,46.9,19.0,8.1,32.5,0.0
13981678,Juventus,Loïs Openda,save,assisted,1295,13.8,36.9,0,0,50.0,17.1,10.2,40.1,0.0
13981678,Juventus,Loïs Openda,miss,assisted,1145,20.7,35.8,0,0,58.7,4.2,,,
13981678,Como,Mërgim Vojvoda,goal,assisted,656,14.5,67.8,0,0,46.0,3.2,,,
13981678,Juventus,Kenan Yıldız,save,assisted,261,25.0,29.5,0,0,48.3,19.6,1.6,48.4,0.0
13981678,Como,Martin Baturina,miss,assisted,192,31.2,54.8,0,0,46.4,65.3,,,
13981681,Hellas Verona,Daniel Mosquera,miss,assisted,4574,9.5,24.7,0,0,59.0,11.1,,,
13981681,Hellas Verona,Domagoj Bradarić,miss,assisted,4267,24.1,68.1,0,0,52.8,65.3,,,
13981681,Hellas Verona,Amin Sarr,save,fast-break,4090,10.5,29.4,0,0,54.0,2.5,0.59999999999999,48.7,0.0
13981681,Sassuolo,Kristian Thorstvedt,block,corner,3993,4.9,54.7,0,0,48.0,19.0,2.9,53.6,0.0
13981681,Sassuolo,Domenico Berardi,goal,fast-break,3665,12.2,37.7,0,0,52.4,3.8,,,
13981681,Hellas Verona,Amin Sarr,block,set-piece,3655,6.0,34.8,0,0,54.6,19.0,4.7,37.0,0.0
13981681,Hellas Verona,Mutassim Al-Musrati,block,throw-in-set-piece,3575,23.1,49.5,0,0,51.2,19.0,21.8,49.5,0.0
13981681,Hellas Verona,Amin Sarr,block,throw-in-set-piece,3572,14.1,47.1,0,0,49.8,19.0,12.4,47.5,0.0
13981681,Sassuolo,Kristian Thorstvedt,miss,assisted,3225,8.0,50.2,0,0,33.8,5.6,,,
13981681,Hellas Verona,Kieron Bowie,miss,assisted,3176,8.6,48.9,0,0,61.7,30.6,,,
13981681,Hellas Verona,Mutassim Al-Musrati,miss,assisted,2839,23.7,69.0,0,0,40.0,20.8,,,
13981681,Sassuolo,Domenico Berardi,goal,set-piece,2595,6.2,50.0,0,0,48.9,15.2,,,
13981681,Sassuolo,Domenico Berardi,save,penalty,2591,11.5,50.0,0,0,49.9,7.0,0.59999999999999,50.2,0.0
13981681,Hellas Verona,Abdou Harroui,block,regular,2480,27.0,55.0,0,0,49.4,19.0,20.7,54.0,0.0
13981681,Sassuolo,Andrea Pinamonti,goal,assisted,2386,13.9,51.8,0,0,51.7,11.4,,,
13981681,Sassuolo,Filippo Romagna,miss,set-piece,2344,13.8,47.7,0,0,64.5,13.9,4.1,42.1,0.0
13981681,Sassuolo,Luca Lipani,miss,assisted,2201,22.5,57.9,0,0,45.9,84.7,,,
13981681,Hellas Verona,Martin Frese,miss,assisted,1251,11.7,24.3,0,0,52.1,66.7,,,
13981681,Hellas Verona,Amin Sarr,block,fast-break,900,9.5,63.7,0,0,48.1,19.0,6.2,59.6,0.0
13981681,Hellas Verona,Kieron Bowie,block,fast-break,898,16.1,49.3,0,0,49.8,19.0,10.3,49.6,0.0
13981680,Milan,Adrien Rabiot,miss,assisted,5829,9.1,55.0,0,0,38.5,11.1,,,
13981680,Milan,Alexis Saelemaekers,block,assisted,5821,13.8,36.0,0,0,51.2,19.0,8.3,41.2,0.0
13981680,Milan,Zachary Athekame,block,assisted,5807,13.0,67.1,0,0,50.3,19.0,11.0,64.5,0.0
13981680,Milan,Rafael Leão,block,assisted,5749,13.8,27.8,0,0,51.7,19.0,11.3,31.5,0.0
13981680,Milan,Niclas Füllkrug,block,regular,5404,12.8,60.3,0,0,47.5,19.0,10.8,59.1,0.0
13981680,Milan,Niclas Füllkrug,miss,corner,5274,9.5,55.4,0,0,47.6,75.0,,,
13981680,Milan,Adrien Rabiot,block,assisted,5232,11.9,54.8,0,0,50.1,19.0,10.6,54.3,0.0
13981680,Parma,Mariano Troilo,goal,corner,4761,3.3,45.6,0,0,51.9,17.1,,,
13981680,Milan,Strahinja Pavlović,miss,set-piece,4486,5.4,44.6,0,0,59.8,40.3,,,
13981680,Parma,Hans Nicolussi Caviglia,miss,free-kick,4037,22.9,30.7,0,0,54.8,70.8,,,
13981680,Parma,Lautaro Valenti,block,regular,3921,5.8,30.9,0,0,51.0,19.0,4.9,33.6,0.0
13981680,Milan,Rafael Leão,post,corner,3801,7.0,67.1,0,0,44.6,10.8,,,
13981680,Milan,Ardon Jashari,miss,corner,3794,18.7,42.3,0,0,62.9,16.7,7.9,40.2,0.0
13981680,Milan,Adrien Rabiot,block,corner,3792,11.9,53.8,0,0,49.9,19.0,10.6,53.4,0.0
13981680,Milan,Niclas Füllkrug,block,assisted,3762,17.5,47.7,0,0,50.1,19.0,15.9,47.9,0.0
13981680,Parma,Lautaro Valenti,save,regular,3626,35.8,8.2,0,0,49.1,30.4,7.9,41.7,0.0
13981680,Milan,Alexis Saelemaekers,block,assisted,3475,27.7,57.5,0,0,49.4,19.0,23.2,56.4,0.0
13981680,Milan,Pervis Estupiñán,miss,assisted,3374,9.4,32.7,0,0,68.6,13.9,,,
13981680,Milan,Christian Pulišić,save,assisted,3188,12.2,53.0,0,0,49.8,19.0,10.6,52.6,0.0
13981680,Milan,Adrien Rabiot,miss,assisted,3000,24.0,64.4,0,0,41.3,9.7,,,
13981680,Parma,Gabriel Strefezza,block,assisted,2849,12.9,59.3,0,0,48.5,19.0,11.4,58.4,0.0
13981680,Milan,Rafael Leão,block,assisted,2936,11.4,35.6,0,0,51.5,19.0,8.9,38.4,0.0
13981680,Parma,Adrián Bernabé,miss,assisted,2657,28.1,57.9,0,0,59.3,81.9,,,
13981680,Milan,Christian Pulišić,miss,assisted,2486,14.1,53.6,0,0,57.3,13.9,,,
13981680,Milan,Alexis Saelemaekers,miss,assisted,2280,22.9,55.0,0,0,59.5,65.3,,,
13981680,Parma,Gabriel Strefezza,save,assisted,2237,26.0,39.1,0,0,50.7,25.9,1.8,50.9,0.0
13981680,Milan,Christian Pulišić,save,assisted,2105,4.2,63.2,0,0,48.7,13.3,1.6,57.0,0.0
13981680,Milan,Rafael Leão,save,set-piece,1803,7.1,55.2,0,0,50.4,27.2,1.4,52.5,0.0
13981680,Milan,Ardon Jashari,save,assisted,1271,25.7,50.7,0,0,50.7,14.6,1.9,50.5,0.0
13981680,Milan,Christian Pulišić,save,assisted,1255,20.9,44.6,0,0,48.8,7.6,1.8,49.5,0.0
13981680,Milan,Ardon Jashari,miss,assisted,1073,25.9,44.2,0,0,36.5,12.5,,,
13981680,Milan,Ardon Jashari,save,assisted,966,10.1,41.5,0,0,49.5,6.3,1.9,48.7,0.0
13981680,Parma,Mateo Pellegrino,miss,corner,120,6.9,69.3,0,0,42.5,2.8,0.90000000000001,58.5,0.0
13981680,Parma,Mateo Pellegrino,block,assisted,75,9.7,45.0,0,0,50.6,19.0,7.1,46.2,0.0
13981682,Cremonese,Federico Bonazzoli,miss,assisted,5580,29.3,49.7,0,0,41.5,9.7,,,
13981682,Roma,Niccolò Pisilli,miss,assisted,5469,8.6,47.9,0,0,39.7,11.1,,,
13981682,Roma,Lorenzo Venturino,miss,assisted,5283,19.1,67.2,0,0,56.8,34.7,,,
13981682,Roma,Niccolò Pisilli,goal,regular,5116,10.2,39.7,0,0,45.9,12.0,,,
13981682,Roma,Donyell Malen,block,assisted,5115,13.0,44.2,0,0,52.5,19.0,11.5,44.6,0.0
13981682,Cremonese,Morten Thorsby,miss,assisted,5022,9.1,45.8,0,0,46.7,66.7,,,
13981682,Roma,Manu Koné,miss,regular,4822,15.8,52.6,0,0,65.7,88.9,,,
13981682,Roma,Evan Ndicka,miss,set-piece,4762,8.9,50.8,0,0,52.1,65.3,,,
13981682,Roma,Evan Ndicka,goal,corner,4563,8.0,50.0,0,0,51.7,7.0,,,
13981682,Roma,Donyell Malen,block,fast-break,4369,14.8,57.3,0,0,51.0,19.0,11.8,55.6,0.0
13981682,Roma,Evan Ndicka,save,assisted,3833,14.7,48.3,0,0,46.6,5.1,1.1,49.1,0.0
13981682,Roma,Evan Ndicka,miss,corner,3790,8.8,44.9,0,0,40.2,8.3,,,
13981682,Roma,Bryan Cristante,miss,corner,3787,10.5,58.2,0,0,66.6,29.2,7.7,47.3,0.0
13981682,Roma,Bryan Cristante,goal,corner,3510,7.4,56.3,0,0,46.5,25.3,,,
13981682,Roma,Bryan Cristante,miss,regular,3434,14.2,30.9,0,0,38.3,77.8,1.6,100.0,0.0
13981682,Roma,Donyell Malen,block,assisted,3432,18.2,32.0,0,0,50.4,19.0,15.3,34.8,0.0
13981682,Roma,Manu Koné,miss,corner,3165,21.9,53.3,0,0,31.3,76.4,,,
13981682,Roma,Donyell Malen,save,assisted,3129,2.0,64.2,0,0,46.6,2.5,0.59999999999999,54.3,0.0
13981682,Roma,Lorenzo Pellegrini,block,regular,2057,9.0,53.8,0,0,48.1,19.0,2.0,52.3,0.0
13981682,Roma,Gianluca Mancini,post,assisted,2055,6.3,52.1,0,0,47.5,39.9,,,
13981682,Roma,Lorenzo Pellegrini,miss,free-kick,1982,24.2,43.4,0,0,55.1,62.5,,,
13981682,Roma,Manu Koné,block,corner,1489,15.0,53.3,0,0,54.5,19.0,7.2,49.3,0.0
13981682,Roma,Bryan Cristante,block,corner,1486,6.2,42.5,0,0,52.5,19.0,3.2,44.9,0.0
13981682,Roma,Zeki Çelik,miss,set-piece,901,4.0,68.0,0,0,43.5,26.4,,,
13981682,Roma,Donyell Malen,miss,assisted,35,8.4,48.8,0,0,25.7,26.4,7.1,58.7,0.0
13981674,Lazio,Danilo Cataldi,miss,assisted,5583,22.3,57.5,0,0,58.8,36.1,,,
13981674,Lazio,Matteo Cancellieri,miss,regular,5465,10.2,30.7,0,0,41.5,34.7,3.1,49.1,0.0
13981674,Lazio,Danilo Cataldi,save,free-kick,5199,10.4,19.9,0,0,54.2,19.0,0.2,48.0,0.0
13981674,Lazio,Adam Marušić,miss,assisted,5010,26.9,71.8,0,0,41.7,34.7,,,
13981674,Cagliari,Marco Palestra,miss,assisted,4779,25.0,69.9,0,0,63.5,2.8,,,
13981674,Cagliari,Zé Pedro,miss,regular,4731,24.8,59.4,0,0,60.3,79.2,,,
13981674,Cagliari,Riyad Idrissi,save,fast-break,4648,22.8,24.2,0,0,48.0,8.2,1.9,46.7,0.0
13981674,Cagliari,Michel Adopo,block,set-piece,4243,9.8,53.0,0,0,48.7,19.0,8.1,52.7,0.0
13981674,Cagliari,Ibrahim Sulemana,save,set-piece,3851,27.2,47.2,0,0,51.1,19.0,1.9,49.6,0.0
13981674,Lazio,Daniel Maldini,block,corner,3787,15.5,44.0,0,0,50.1,19.0,14.0,44.6,0.0
13981674,Lazio,Kenneth Taylor,save,fast-break,3191,25.9,47.8,0,0,46.7,0.6,1.9,50.5,0.0
13981674,Cagliari,Alberto Dossena,miss,set-piece,3062,14.2,53.6,0,0,37.0,47.2,,,
13981674,Cagliari,Yerry Mina,miss,set-piece,2774,11.4,37.9,0,0,61.7,26.4,,,
13981674,Cagliari,Sebastiano Esposito,miss,assisted,2157,7.1,60.8,0,0,43.5,38.9,,,
13981674,Cagliari,Luca Mazzitelli,miss,corner,1921,9.8,61.3,0,0,50.9,76.4,,,
13981674,Lazio,Oliver Provstgaard,save,set-piece,1567,8.5,62.7,0,0,49.4,19.0,1.1,53.1,0.0
13981674,Cagliari,Michel Adopo,miss,assisted,1383,10.1,49.5,0,0,40.5,20.8,,,
13981674,Lazio,Mattia Zaccagni,miss,corner,1130,3.2,58.7,0,0,57.8,61.1,,,
13981674,Lazio,Gustav Isaksen,block,assisted,1083,8.5,50.4,0,0,52.5,19.0,7.3,50.0,0.0
13981674,Cagliari,Zé Pedro,post,corner,796,8.8,53.6,0,0,44.4,16.5,,,
13981674,Lazio,Gustav Isaksen,block,set-piece,150,3.9,54.4,0,0,48.4,19.0,2.8,53.6,0.0
13981679,Inter,Manuel Akanji,save,assisted,5410,20.6,38.8,0,0,49.5,5.1,3.6,48.0,0.0
13981679,Inter,Ange-Yoan Bonny,miss,assisted,5336,21.1,67.1,0,0,60.5,1.4,,,
13981679,Inter,Manuel Akanji,goal,corner,4883,6.1,50.7,0,0,47.7,18.4,,,
13981679,Inter,Federico Dimarco,save,fast-break,4703,6.9,57.0,0,0,52.1,19.0,1.0,49.5,0.0
13981679,Inter,Federico Dimarco,save,fast-break,4701,14.4,48.9,0,0,51.8,7.6,1.5,49.6,0.0
13981679,Inter,Henrikh Mkhitaryan,goal,corner,4477,11.7,42.1,0,0,47.6,12.7,,,
13981679,Inter,Davide Frattesi,miss,assisted,4179,11.6,47.0,0,0,60.2,15.3,,,
13981679,Lecce,Danilo Veiga,miss,set-piece,4057,33.0,57.4,0,0,46.9,88.9,,,
13981679,Lecce,Lameck Banda,miss,fast-break,3925,20.4,30.3,0,0,35.1,61.1,10.1,48.0,0.0
13981679,Inter,Henrikh Mkhitaryan,miss,assisted,3773,25.3,30.9,0,0,45.0,76.4,,,
13981679,Inter,Petar Sučić,block,regular,3395,7.2,69.1,0,0,52.1,19.0,6.0,65.7,0.0
13981679,Inter,Marcus Thuram,block,assisted,2833,11.5,34.7,0,0,51.1,19.0,10.1,36.5,0.0
13981679,Inter,Federico Dimarco,miss,regular,2563,15.1,39.0,0,0,36.5,18.1,,,
13981679,Inter,Piotr Zieliński,miss,regular,2508,27.3,52.1,0,0,48.1,75.0,,,
13981679,Inter,Federico Dimarco,block,assisted,2505,16.3,54.5,0,0,51.4,19.0,13.8,53.6,0.0
13981679,Inter,Davide Frattesi,miss,assisted,2314,9.1,59.1,0,0,40.0,91.7,,,
13981679,Inter,Francesco Pio Esposito,save,assisted,2112,4.9,38.7,0,0,54.4,20.9,0.7,45.7,0.0
13981679,Lecce,Ylber Ramadani,miss,regular,1964,13.6,67.1,0,0,42.5,80.6,,,
13981679,Inter,Petar Sučić,miss,throw-in-set-piece,1759,11.9,32.1,0,0,36.6,1.4,,,
13981679,Inter,Stefan de Vrij,miss,corner,1583,8.9,34.7,0,0,61.8,11.1,,,
13981679,Inter,Francesco Pio Esposito,save,regular,1543,12.5,54.4,0,0,48.7,28.5,1.5,52.3,0.0
13981679,Inter,Marcus Thuram,save,corner,1282,5.0,48.1,0,0,51.3,32.9,1.1,49.6,0.0
13981679,Inter,Francesco Pio Esposito,block,assisted,1241,13.9,64.4,0,0,49.4,19.0,11.8,62.3,0.0
13981679,Inter,Marcus Thuram,miss,set-piece,1069,6.7,58.5,0,0,42.4,59.7,,,
13981679,Inter,Luís Henrique,save,assisted,549,9.5,57.2,0,0,50.4,12.7,0.59999999999999,52.2,0.0
13981679,Inter,Federico Dimarco,miss,throw-in-set-piece,376,20.4,44.6,0,0,39.8,5.6,,,
13981679,Inter,Marcus Thuram,block,throw-in-set-piece,34,5.0,66.9,0,0,47.8,19.0,4.1,64.3,0.0
13981677,Pisa,Simone Canestrelli,miss,assisted,5702,6.0,34.8,0,0,46.4,73.6,,,
13981677,Pisa,Henrik Wendel Meister,miss,regular,5701,14.7,49.9,0,0,71.1,20.8,5.0,33.7,0.0
13981677,Fiorentina,Jacopo Fazzini,miss,assisted,5680,6.0,66.9,0,0,42.7,27.8,,,
13981677,Pisa,Rosen Bozhinov,save,set-piece,5648,10.7,35.8,0,0,51.4,21.5,1.1,47.3,0.0
13981677,Fiorentina,Fabiano Parisi,miss,corner,5207,24.1,53.2,0,0,57.3,18.1,,,
13981677,Fiorentina,Cher Ndour,save,assisted,5163,20.6,60.9,0,0,46.1,29.7,1.8,50.9,0.0
13981677,Pisa,Antonio Caracciolo,miss,set-piece,5050,13.8,47.3,0,0,40.5,15.3,,,
13981677,Pisa,Juan Cuadrado,miss,assisted,4788,21.3,74.0,0,0,42.2,6.9,,,
13981677,Fiorentina,Nicolò Fagioli,block,regular,4410,19.7,74.0,0,0,50.4,19.0,15.9,69.3,0.0
13981677,Fiorentina,Moise Kean,save,regular,4361,18.7,50.9,0,0,54.1,1.3,2.0,50.0,0.0
13981677,Pisa,Antonio Caracciolo,miss,corner,3267,7.3,49.5,0,0,61.0,13.9,,,
13981677,Fiorentina,Nicolò Fagioli,save,free-kick,3085,23.2,35.4,0,0,48.3,20.3,1.5,47.8,0.0
13981677,Fiorentina,Moise Kean,miss,assisted,2545,8.2,52.6,0,0,46.7,69.4,,,
13981677,Fiorentina,Dodô,miss,regular,1419,23.2,58.3,0,0,41.0,18.1,,,
13981677,Fiorentina,Nicolò Fagioli,block,assisted,1416,20.7,42.7,0,0,49.7,19.0,8.6,47.1,0.0
13981677,Pisa,Felipe Loyola,block,assisted,1100,31.1,44.9,0,0,52.4,19.0,13.8,46.4,0.0
13981677,Fiorentina,Moise Kean,goal,regular,729,8.9,52.8,0,0,54.2,3.2,,,
13981677,Fiorentina,Cher Ndour,miss,regular,726,20.6,63.4,0,0,76.8,13.9,11.9,49.1,0.0
13981677,Fiorentina,Marco Brescianini,block,assisted,644,21.7,37.0,0,0,50.8,19.0,10.5,43.3,0.0
13981677,Fiorentina,Cher Ndour,save,regular,437,21.5,58.1,0,0,46.5,16.5,2.8,51.3,0.0
13981677,Fiorentina,Moise Kean,miss,assisted,382,18.1,67.1,0,0,58.5,59.7,,,
13981677,Fiorentina,Moise Kean,block,assisted,141,20.3,19.5,0,0,49.2,19.0,16.6,25.3,0.0
13981673,Atalanta,Marten de Roon,miss,throw-in-set-piece,5217,22.1,43.3,0,0,41.3,59.7,,,
13981673,Atalanta,Lazar Samardžić,goal,assisted,4853,9.4,50.5,0,0,45.7,13.3,,,
13981673,Napoli,Alisson Santos,save,assisted,4199,13.5,24.9,0,0,54.0,1.3,0.59999999999999,47.1,0.0
13981673,Atalanta,Gianluca Scamacca,save,fast-break,4075,18.9,53.4,0,0,47.2,10.8,2.2,50.0,0.0
13981673,Atalanta,Mario Pašalić,block,assisted,3849,14.1,51.7,0,0,51.5,19.0,12.1,51.3,0.0
13981673,Atalanta,Mario Pašalić,goal,corner,3631,4.3,44.2,0,0,47.2,14.6,,,
13981673,Atalanta,Raoul Bellanova,save,regular,3323,5.3,64.9,0,0,48.2,25.3,0.59999999999999,52.2,0.0
13981673,Napoli,Antonio Vergara,miss,fast-break,3095,21.9,40.7,0,0,56.0,50.0,,,
13981673,Napoli,Stanislav Lobotka,block,fast-break,3054,18.5,55.0,0,0,54.0,19.0,1.9,46.9,0.0
13981673,Napoli,Alisson Santos,block,fast-break,3053,13.2,37.3,0,0,52.8,19.0,10.5,39.3,0.0
13981673,Napoli,Alisson Santos,miss,assisted,3003,24.7,56.6,0,0,62.9,4.2,,,
13981673,Napoli,Antonio Vergara,save,fast-break,2788,11.8,45.5,0,0,54.2,13.9,1.2,49.5,0.0
13981673,Napoli,Alisson Santos,save,fast-break,2785,4.1,31.6,0,0,51.0,1.3,0.7,46.4,0.0
13981673,Atalanta,Kamaldeen Sulemana,save,assisted,2386,14.5,66.3,0,0,52.3,3.2,1.1,52.3,0.0
13981673,Atalanta,Kamaldeen Sulemana,save,assisted,2059,12.5,60.1,0,0,46.2,9.5,0.90000000000001,52.0,0.0
13981673,Napoli,Rasmus Højlund,miss,assisted,1894,7.5,32.8,0,0,56.6,77.8,,,
13981673,Napoli,Sam Beukema,goal,set-piece,1034,6.2,50.0,0,0,49.1,31.0,,,
13981673,Napoli,Sam Beukema,miss,regular,731,22.8,66.2,0,0,43.0,70.8,,,
13981673,Atalanta,Raoul Bellanova,save,assisted,369,3.7,60.7,0,0,53.0,32.9,0.2,50.4,0.0
13981673,Atalanta,Mario Pašalić,miss,corner,165,4.9,42.6,0,0,53.8,69.4,,,
13981675,Udinese,Idrissa Gueye,block,set-piece,5721,10.1,63.0,0,0,50.4,19.0,8.9,61.4,0.0
13981675,Udinese,Oier Zarraga,save,assisted,5650,8.9,28.6,0,0,49.9,13.9,1.2,46.0,0.0
13981675,Udinese,Nicolò Zaniolo,block,assisted,5457,13.2,47.4,0,0,49.8,19.0,10.0,48.1,0.0
13981675,Udinese,Jakub Piotrowski,save,free-kick,5370,16.6,17.8,0,0,50.9,20.9,1.5,49.1,0.0
13981675,Udinese,Nicolò Zaniolo,miss,corner,5029,8.2,27.0,0,0,56.8,31.9,,,
13981675,Udinese,Idrissa Gueye,save,regular,4820,4.6,70.5,0,0,52.1,2.5,0.8,54.5,0.0
13981675,Bologna,Federico Bernardeschi,goal,penalty,4489,11.5,50.0,0,0,53.2,20.9,,,
13981675,Bologna,Juan Miranda,miss,assisted,3964,22.3,32.3,0,0,39.3,44.4,,,
13981675,Udinese,Jesper Karlström,block,assisted,3867,24.6,27.8,0,0,51.0,19.0,20.1,31.7,0.0
13981675,Udinese,Jakub Piotrowski,miss,assisted,3530,24.4,39.9,0,0,43.9,83.3,,,
13981675,Bologna,Jonathan Rowe,save,regular,3239,13.6,45.8,0,0,47.8,19.0,0.90000000000001,51.8,0.0
13981675,Bologna,Riccardo Orsolini,save,assisted,3235,10.7,41.1,0,0,47.5,3.8,7.3,43.7,0.0
13981675,Bologna,Jonathan Rowe,block,assisted,3218,21.2,36.4,0,0,48.7,19.0,17.9,38.7,0.0
13981675,Bologna,Juan Miranda,save,assisted,3005,20.0,43.4,0,0,51.3,3.8,1.5,48.4,0.0
13981675,Bologna,Santiago Castro,miss,throw-in-set-piece,2328,12.9,49.7,0,0,45.5,88.9,,,
13981675,Bologna,Santiago Castro,save,assisted,2261,25.6,61.1,0,0,51.7,20.3,0.90000000000001,50.9,0.0
13981675,Bologna,Tommaso Pobega,save,assisted,2078,21.8,27.6,0,0,49.2,7.0,0.7,48.2,0.0
13981675,Udinese,Christian Kabasele,miss,throw-in-set-piece,1627,22.3,44.2,0,0,44.9,87.5,,,
13981675,Bologna,Tommaso Pobega,miss,corner,1294,8.2,43.4,0,0,11.4,11.1,6.6,51.4,0.0
13981675,Bologna,Riccardo Orsolini,block,corner,1269,15.3,57.5,0,0,49.9,19.0,14.2,57.0,0.0
13981675,Udinese,Nicolò Zaniolo,block,fast-break,320,11.4,44.0,0,0,50.1,19.0,8.3,45.6,0.0
13981694,Napoli,Romelu Lukaku,goal,corner,5711,9.0,46.8,0,0,48.7,3.8,,,
13981694,Hellas Verona,Roberto Gagliardini,miss,throw-in-set-piece,5581,26.0,47.4,0,0,61.5,12.5,,,
13981694,Hellas Verona,Cheikh Niasse,miss,set-piece,5435,21.1,75.1,0,0,75.6,4.2,13.3,53.1,0.0
13981694,Napoli,Giovane,miss,assisted,5106,12.5,51.7,0,0,64.2,8.3,,,
13981694,Napoli,Eljif Elmas,save,assisted,4744,11.7,44.0,0,0,51.0,14.6,1.6,48.2,0.0
13981694,Hellas Verona,Kieron Bowie,block,assisted,4302,14.7,69.0,0,0,49.9,19.0,12.3,65.9,0.0
13981694,Hellas Verona,Jean-Daniel Akpa Akpro,goal,corner,3837,13.7,54.9,0,0,51.2,15.8,,,
13981694,Napoli,Antonio Vergara,miss,assisted,3477,18.1,53.1,0,0,48.6,69.4,,,
13981694,Hellas Verona,Jean-Daniel Akpa Akpro,block,regular,2711,27.7,37.3,0,0,52.9,19.0,24.5,38.4,0.0
13981694,Hellas Verona,Amin Sarr,save,assisted,2411,12.9,54.3,0,0,50.5,20.3,2.0,51.6,0.0
13981694,Napoli,Rasmus Højlund,save,assisted,2182,7.3,30.5,0,0,49.5,19.0,1.8,45.7,0.0
13981694,Napoli,Eljif Elmas,save,assisted,1338,25.9,48.9,0,0,46.8,10.8,1.6,49.8,0.0
13981694,Hellas Verona,Abdou Harroui,miss,assisted,1295,26.2,75.3,0,0,37.0,6.9,,,
13981694,Hellas Verona,Kieron Bowie,block,fast-break,1062,7.3,37.0,0,0,51.9,19.0,5.2,40.3,0.0
13981694,Napoli,Leonardo Spinazzola,miss,assisted,574,19.3,45.7,0,0,41.8,86.1,,,
13981694,Napoli,Rasmus Højlund,goal,assisted,106,12.4,54.7,0,0,53.7,18.4,,,
13981689,Atalanta,Davide Zappacosta,block,assisted,5684,19.7,65.5,0,0,49.6,19.0,12.7,60.1,0.0
13981689,Atalanta,Nikola Krstović,miss,assisted,5522,8.7,59.6,0,0,43.4,72.2,,,
13981689,Atalanta,Giorgio Scalvini,save,assisted,5479,4.1,55.1,0,0,48.3,30.4,0.90000000000001,52.7,0.0
13981689,Atalanta,Lazar Samardžić,block,assisted,5471,19.1,44.4,0,0,53.6,19.0,17.3,44.6,0.0
13981689,Atalanta,Yunus Musah,goal,assisted,5272,8.6,53.0,0,0,47.4,26.6,,,
13981689,Atalanta,Nikola Krstović,block,assisted,5244,16.2,54.5,0,0,45.4,19.0,14.5,54.5,0.0
13981689,Atalanta,Yunus Musah,miss,corner,5170,20.9,70.0,0,0,44.2,86.1,,,
13981689,Atalanta,Lazar Samardžić,save,assisted,5155,3.3,56.9,0,0,47.5,5.1,2.2,55.2,0.0
13981689,Atalanta,Nikola Krstović,miss,regular,4769,14.0,45.7,0,0,31.1,59.7,,,
13981689,Atalanta,Giorgio Scalvini,block,assisted,4765,14.9,53.6,0,0,46.3,19.0,13.6,53.6,0.0
13981689,Atalanta,Lazar Samardžić,save,assisted,4676,20.9,70.5,0,0,53.5,19.0,2.7,52.9,0.0
13981689,Atalanta,Nikola Krstović,save,assisted,4271,8.1,50.1,0,0,47.3,22.8,1.2,49.8,0.0
13981689,Atalanta,Kamaldeen Sulemana,block,assisted,4263,17.8,39.7,0,0,51.7,19.0,15.9,40.6,0.0
13981689,Sassuolo,Kristian Thorstvedt,goal,fast-break,4099,21.0,49.8,0,0,53.8,31.0,,,
13981689,Atalanta,Giorgio Scalvini,block,corner,3888,4.1,57.3,0,0,50.0,19.0,3.5,56.1,0.0
13981689,Sassuolo,Kristian Thorstvedt,block,assisted,3839,14.1,33.8,0,0,51.7,19.0,11.0,37.0,0.0
13981689,Atalanta,Kamaldeen Sulemana,block,assisted,3756,3.8,42.7,0,0,53.2,19.0,3.1,43.5,0.0
13981689,Sassuolo,Kristian Thorstvedt,save,set-piece,3422,14.1,67.1,0,0,52.3,19.6,1.6,52.0,0.0
13981689,Atalanta,Davide Zappacosta,miss,assisted,3252,15.1,54.6,0,0,61.3,72.2,,,
13981689,Atalanta,Nikola Krstović,miss,assisted,3081,8.2,57.0,0,0,43.2,75.0,,,
13981689,Sassuolo,Tarik Muharemović,miss,set-piece,2815,6.4,54.1,0,0,48.9,66.7,,,
13981689,Atalanta,Raoul Bellanova,save,assisted,2309,12.4,55.7,0,0,52.5,16.5,0.5,50.7,0.0
13981689,Atalanta,Lazar Samardžić,save,assisted,2058,11.7,68.2,0,0,47.3,20.3,1.9,53.2,0.0
13981689,Atalanta,Lazar Samardžić,miss,assisted,1969,10.5,54.3,0,0,0.8,19.4,6.8,53.8,0.0
13981689,Atalanta,Gianluca Scamacca,miss,assisted,1902,8.4,53.3,0,0,33.8,31.9,,,
13981689,Atalanta,Nicola Zalewski,miss,assisted,1772,9.5,46.7,0,0,84.9,2.8,,,
13981689,Atalanta,Sead Kolašinac,miss,corner,1553,3.2,58.5,0,0,30.3,48.6,,,
13981689,Atalanta,Gianluca Scamacca,miss,corner,1525,11.5,45.9,0,0,66.6,9.7,8.9,43.9,0.0
13981689,Sassuolo,Ismael Koné,goal,corner,1342,1.8,49.7,0,0,50.5,18.4,,,
13981689,Atalanta,Lazar Samardžić,block,free-kick,1061,25.9,63.9,0,0,49.3,19.0,15.7,58.7,0.0
13981689,Sassuolo,Kristian Thorstvedt,save,assisted,643,8.8,49.8,0,0,52.5,10.1,1.6,50.5,0.0
13981689,Atalanta,Nicola Zalewski,miss,assisted,575,16.0,37.6,0,0,43.4,19.4,,,
13981689,Sassuolo,Andrea Pinamonti,save,corner,545,8.3,56.2,0,0,46.9,24.1,1.4,50.5,0.0
13981684,Genoa,Leo Østigård,save,assisted,5461,32.3,37.9,0,0,50.0,6.3,1.6,50.9,0.0
13981684,Inter,Luís Henrique,block,assisted,5170,14.4,66.0,0,0,46.9,19.0,12.7,64.4,0.0
13981684,Inter,Andy Diouf,block,regular,5162,15.4,44.0,0,0,50.2,19.0,12.4,45.1,0.0
13981684,Genoa,Mikael Ellertsson,miss,set-piece,4742,11.5,58.7,0,0,41.7,19.4,,,
13981684,Inter,Andy Diouf,block,assisted,4629,13.3,64.3,0,0,48.0,19.0,11.1,62.3,0.0
13981684,Inter,Hakan Çalhanoğlu,goal,penalty,4177,11.5,50.0,0,0,46.3,9.5,,,
13981684,Inter,Luís Henrique,save,assisted,4093,12.4,71.5,0,0,48.3,19.6,1.6,55.1,0.0
13981684,Genoa,Mikael Ellertsson,miss,assisted,3704,9.8,56.1,0,0,49.4,95.8,,,
13981684,Genoa,Vitinha,block,assisted,3428,22.5,49.3,0,0,53.1,19.0,20.6,49.1,0.0
13981684,Genoa,Mikael Ellertsson,save,assisted,2091,10.3,67.3,0,0,47.1,6.3,1.9,54.5,0.0
13981684,Inter,Nicolò Barella,miss,assisted,1963,8.6,51.3,0,0,49.9,58.3,,,
13981684,Inter,Federico Dimarco,goal,assisted,1836,5.4,31.2,0,0,45.9,3.2,,,
13981684,Inter,Ange-Yoan Bonny,save,fast-break,1747,10.4,51.7,0,0,53.9,3.2,0.90000000000001,50.0,0.0
13981684,Inter,Henrikh Mkhitaryan,block,assisted,1568,26.5,53.8,0,0,50.9,19.0,21.4,52.9,0.0
13981684,Inter,Marcus Thuram,block,assisted,1054,14.9,40.7,0,0,54.2,19.0,13.6,41.2,0.0
13981684,Inter,Ange-Yoan Bonny,save,assisted,963,15.1,57.7,0,0,46.4,22.2,1.9,51.1,0.0
13981684,Inter,Manuel Akanji,miss,corner,767,8.5,48.9,0,0,54.3,77.8,,,
13981684,Inter,Stefan de Vrij,save,corner,413,8.0,56.7,0,0,51.5,25.9,1.0,51.8,0.0
13981684,Inter,Nicolò Barella,block,corner,156,21.5,55.2,0,0,50.5,19.0,16.2,53.8,0.0
13981684,Genoa,Lorenzo Colombo,miss,assisted,83,26.6,53.4,0,0,60.0,76.4,,,
13981687,Parma,Gabriel Strefezza,miss,corner,5760,15.7,37.8,0,0,60.3,79.2,,,
13981687,Parma,Lautaro Valenti,block,corner,5757,11.0,31.9,0,0,53.5,19.0,8.3,35.6,0.0
13981687,Parma,Mariano Troilo,miss,corner,5752,8.2,50.9,0,0,89.7,27.8,6.3,30.3,0.0
13981687,Parma,Gaetano Oristanio,goal,regular,4933,9.5,62.9,0,0,50.1,7.0,,,
13981687,Parma,Mateo Pellegrino,block,assisted,4821,13.6,51.5,0,0,51.6,19.0,11.8,51.1,0.0
13981687,Parma,Emanuele Valeri,miss,free-kick,4456,27.7,51.3,0,0,40.2,8.3,,,
13981687,Parma,Adrián Bernabé,save,free-kick,3957,19.8,62.6,0,0,53.6,25.3,1.1,50.5,0.0
13981687,Cagliari,Michael Folorunsho,goal,fast-break,3719,25.9,97.0,0,0,53.9,29.1,,,
13981687,Cagliari,Marco Palestra,miss,assisted,3590,14.5,25.8,0,0,42.9,59.7,,,
13981687,Parma,Gaetano Oristanio,block,regular,3551,20.6,63.6,0,0,51.4,19.0,19.0,62.5,0.0
13981687,Cagliari,Sebastiano Esposito,save,assisted,3066,10.8,62.0,0,0,50.3,0.6,2.9,54.5,0.0
13981687,Parma,Hans Nicolussi Caviglia,block,assisted,2916,28.8,52.6,0,0,52.4,19.0,18.0,50.7,0.0
13981687,Cagliari,Semih Kılıçsoy,save,assisted,2463,7.1,30.0,0,0,51.4,3.2,2.0,43.7,0.0
13981687,Parma,Enrico Delprato,block,corner,2402,7.1,43.0,0,0,50.0,19.0,4.7,45.3,0.0
13981687,Parma,Mateo Pellegrino,save,throw-in-set-piece,2331,8.2,49.7,0,0,52.9,21.5,2.0,50.5,0.0
13981687,Cagliari,Ibrahim Sulemana,miss,assisted,2297,29.9,47.2,0,0,58.7,1.4,,,
13981687,Cagliari,Adam Obert,block,regular,2139,13.2,28.6,0,0,50.1,19.0,11.2,31.8,0.0
13981687,Cagliari,Semih Kılıçsoy,block,assisted,2127,21.5,62.2,0,0,47.6,19.0,18.5,60.8,0.0
13981687,Parma,Gabriel Strefezza,save,regular,1839,25.6,47.7,0,0,52.9,5.7,1.9,49.8,0.0
13981687,Parma,Adrián Bernabé,block,assisted,1835,29.3,68.5,0,0,52.5,19.0,14.4,57.8,0.0
13981687,Parma,Adrián Bernabé,miss,set-piece,1715,25.3,63.0,0,0,33.8,15.3,,,
13981687,Cagliari,Sebastiano Esposito,miss,assisted,1351,18.7,74.0,0,0,48.6,59.7,,,
13981687,Parma,Gabriel Strefezza,block,set-piece,1259,20.6,31.3,0,0,51.6,19.0,17.9,33.6,0.0
13981687,Parma,Mateo Pellegrino,block,assisted,987,8.9,70.5,0,0,53.1,6.9,7.5,67.2,0.0
13981687,Cagliari,Marco Palestra,save,assisted,898,20.4,64.8,0,0,46.6,13.3,3.5,52.3,0.0
13981687,Parma,Christian Ordoñez,miss,assisted,826,10.1,68.1,0,0,35.6,62.5,,,
13981687,Parma,Mateo Pellegrino,miss,corner,732,6.9,45.8,0,0,58.0,13.9,,,
13981687,Cagliari,Sebastiano Esposito,block,regular,528,14.9,54.6,0,0,50.1,19.0,9.4,52.9,0.0
13981687,Cagliari,Semih Kılıçsoy,save,regular,526,10.4,67.1,0,0,51.8,2.5,1.6,52.7,0.0
13981683,Lecce,Riccardo Sottil,block,fast-break,5223,18.1,27.2,0,0,45.6,19.0,14.9,32.0,0.0
13981683,Como,Assane Diao,save,fast-break,5157,8.5,35.3,0,0,52.8,3.2,1.1,46.9,0.0
13981683,Como,Álvaro Morata,save,fast-break,4722,15.1,53.8,0,0,52.1,1.3,7.6,51.6,0.0
13981683,Lecce,Ylber Ramadani,block,set-piece,4679,18.7,49.8,0,0,49.6,19.0,7.5,50.2,0.0
13981683,Como,Nico Paz,save,assisted,4040,4.7,53.8,0,0,48.7,19.0,3.3,53.1,0.0
13981683,Como,Anastasios Douvikas,miss,corner,3723,6.6,44.8,0,0,56.5,23.6,,,
13981683,Como,Marc-Oliver Kempf,goal,set-piece,2614,7.1,49.9,0,0,53.0,7.6,,,
13981683,Lecce,Ylber Ramadani,miss,assisted,2345,27.2,51.9,0,0,39.8,11.1,,,
13981683,Como,Jesús Rodriguez,goal,assisted,2107,8.7,61.7,0,0,46.7,1.3,,,
13981683,Como,Anastasios Douvikas,goal,assisted,1078,4.9,46.6,0,0,49.4,24.7,,,
13981683,Como,Jesús Rodriguez,miss,assisted,978,14.2,32.1,0,0,57.3,2.8,,,
13981683,Como,Jesús Rodriguez,miss,regular,911,13.3,53.0,0,0,41.7,45.8,,,
13981683,Lecce,Lassana Coulibaly,goal,assisted,780,9.6,52.6,0,0,46.2,19.6,,,
13981683,Como,Anastasios Douvikas,block,assisted,708,2.3,66.6,0,0,47.9,22.2,2.2,65.2,0.0
13981683,Lecce,Lameck Banda,save,assisted,551,23.8,29.7,0,0,52.9,15.2,2.4,48.2,0.0
13981683,Como,Anastasios Douvikas,save,assisted,501,12.6,58.7,0,0,49.6,3.2,6.2,54.7,0.0
13981683,Como,Alberto Moreno,block,assisted,43,15.6,36.6,0,0,50.6,19.0,12.0,39.5,0.0
13981688,Juventus,Federico Gatti,goal,set-piece,5535,4.0,49.1,0,0,53.0,21.5,,,
13981688,Juventus,Weston McKennie,miss,set-piece,5533,10.4,50.7,0,0,67.7,26.4,7.6,47.1,0.0
13981688,Roma,Donyell Malen,block,assisted,5416,14.4,66.7,0,0,51.7,19.0,13.1,65.0,0.0
13981688,Juventus,Edon Zhegrova,save,corner,5189,23.4,65.8,0,0,48.8,12.0,2.9,52.0,0.0
13981688,Juventus,Jérémie Boga,goal,regular,4664,9.2,39.5,0,0,52.0,6.3,,,
13981688,Juventus,Teun Koopmeiners,save,assisted,4108,25.2,42.3,0,0,51.3,26.6,4.4,48.7,0.0
13981688,Roma,Donyell Malen,goal,assisted,3885,10.9,37.1,0,0,50.0,4.4,,,
13981688,Roma,Donyell Malen,miss,assisted,3701,9.8,41.5,0,0,65.2,27.8,,,
13981688,Roma,Evan Ndicka,goal,corner,3189,6.7,46.6,0,0,47.4,10.1,,,
13981688,Roma,Donyell Malen,block,assisted,3162,3.5,68.8,0,0,48.7,19.0,3.1,66.6,0.0
13981688,Juventus,Kenan Yıldız,miss,assisted,3097,22.3,65.0,0,0,61.5,1.4,,,
13981688,Juventus,Francisco Conceição,goal,set-piece,2818,18.3,67.6,0,0,54.4,33.5,,,
13981688,Juventus,Jonathan David,miss,assisted,2631,24.2,50.4,0,0,42.2,70.8,,,
13981688,Juventus,Teun Koopmeiners,block,assisted,2494,20.9,61.8,0,0,49.8,19.0,19.2,60.8,0.0
13981688,Roma,Wesley,goal,assisted,2335,16.8,32.6,0,0,46.1,25.9,,,
13981688,Roma,Donyell Malen,miss,corner,2287,6.9,54.2,0,0,35.5,6.9,,,
13981688,Roma,Bryan Cristante,miss,regular,2139,7.1,57.0,0,0,43.4,58.3,,,
13981688,Juventus,Weston McKennie,miss,assisted,1976,10.1,48.1,0,0,56.6,16.7,,,
13981688,Juventus,Francisco Conceição,block,assisted,1881,11.6,62.6,0,0,51.7,19.0,10.5,61.2,0.0
13981688,Roma,Donyell Malen,save,assisted,1413,3.6,56.2,0,0,48.0,13.3,1.1,54.3,0.0
13981688,Juventus,Kenan Yıldız,miss,fast-break,717,18.8,48.7,0,0,53.1,87.5,,,
13981688,Juventus,Francisco Conceição,miss,assisted,643,26.2,68.1,0,0,56.0,93.1,,,
13981688,Roma,Lorenzo Pellegrini,miss,regular,158,6.1,49.9,0,0,64.2,86.1,,,
13981688,Roma,Niccolò Pisilli,save,regular,155,11.7,32.1,0,0,46.7,1.9,1.9,46.7,0.0
13981685,Milan,Rafael Leão,goal,fast-break,5582,11.4,45.0,0,0,52.1,0.6,,,
13981685,Milan,Strahinja Pavlović,goal,corner,5339,4.4,54.3,0,0,47.0,29.7,,,
13981685,Milan,Koni De Winter,miss,corner,5338,7.9,51.7,0,0,40.0,16.7,4.4,54.5,0.0
13981685,Milan,Niclas Füllkrug,miss,corner,5138,6.6,50.5,0,0,52.1,62.5,,,
13981685,Milan,Samuele Ricci,miss,assisted,4954,23.1,66.9,0,0,64.0,4.2,,,
13981685,Cremonese,Federico Bonazzoli,miss,regular,4896,21.9,28.2,0,0,61.5,56.9,,,
13981685,Cremonese,Sebastiano Luperto,save,set-piece,4781,7.1,46.4,0,0,50.3,27.8,1.6,49.5,0.0
13981685,Milan,Rafael Leão,save,fast-break,4403,22.9,45.2,0,0,49.1,5.7,1.9,49.8,0.0
13981685,Milan,Rafael Leão,save,assisted,4322,12.6,39.7,0,0,49.7,4.4,3.5,47.5,0.0
13981685,Cremonese,Jari Vandeputte,miss,assisted,3898,16.7,56.0,0,0,46.4,80.6,,,
13981685,Milan,Rafael Leão,miss,assisted,3565,6.6,48.5,0,0,47.4,77.8,,,
13981685,Cremonese,Federico Bonazzoli,miss,corner,3536,9.5,67.3,0,0,62.4,59.7,,,
13981685,Cremonese,Sebastiano Luperto,block,assisted,3440,24.4,31.3,0,0,50.7,19.0,19.1,35.2,0.0
13981685,Milan,Christian Pulišić,block,assisted,3320,14.5,51.9,0,0,49.1,19.0,13.1,51.8,0.0
13981685,Cremonese,Jamie Vardy,block,assisted,3057,8.5,65.4,0,0,50.7,19.0,7.7,64.0,0.0
13981685,Milan,Adrien Rabiot,block,corner,2776,9.8,51.5,0,0,49.3,19.0,8.4,51.4,0.0
13981685,Milan,Youssouf Fofana,save,assisted,2744,16.7,52.6,0,0,54.2,1.9,2.3,50.2,0.0
13981685,Milan,Adrien Rabiot,miss,corner,2687,6.9,50.1,0,0,46.7,55.6,,,
13981685,Milan,Christian Pulišić,save,fast-break,2636,13.6,55.6,0,0,47.7,19.6,11.7,54.9,0.0
13981685,Milan,Christian Pulišić,block,assisted,2581,14.4,39.7,0,0,50.0,19.0,10.3,42.6,0.0
13981685,Milan,Luka Modrić,miss,corner,2558,23.5,33.1,0,0,57.6,8.3,13.2,37.4,0.0
13981685,Cremonese,Federico Bonazzoli,miss,fast-break,2346,10.7,56.4,0,0,40.0,31.9,,,
13981685,Cremonese,Morten Thorsby,save,fast-break,2112,24.4,68.9,0,0,47.8,12.0,2.0,50.9,0.0
13981685,Milan,Rafael Leão,miss,assisted,2010,13.9,49.5,0,0,57.3,5.6,,,
13981685,Milan,Davide Bartesaghi,miss,assisted,1795,24.4,34.8,0,0,52.4,83.3,,,
13981685,Cremonese,Jamie Vardy,miss,corner,1578,10.8,41.1,0,0,40.0,37.5,,,
13981685,Cremonese,Morten Thorsby,block,corner,1577,7.7,45.0,0,0,51.0,19.0,6.3,45.7,0.0
13981685,Cremonese,Federico Bonazzoli,block,assisted,1527,9.8,53.4,0,0,48.8,19.0,8.8,53.2,0.0
13981685,Milan,Youssouf Fofana,block,assisted,1446,8.2,34.4,0,0,52.1,19.0,6.7,36.9,0.0
13981685,Milan,Alexis Saelemaekers,miss,fast-break,1196,22.0,54.2,0,0,41.3,4.2,,,
13981685,Cremonese,Jamie Vardy,save,assisted,1106,19.8,62.2,0,0,52.6,16.5,6.7,54.5,0.0
13981685,Milan,Rafael Leão,block,assisted,616,12.3,25.0,0,0,50.6,19.0,11.3,26.9,0.0
13981685,Cremonese,Youssef Maleh,miss,assisted,394,24.7,41.7,0,0,49.1,81.9,,,
13981685,Cremonese,Jamie Vardy,block,corner,351,3.8,60.7,0,0,47.4,19.0,2.3,57.6,0.0
13981685,Cremonese,Jamie Vardy,miss,corner,349,4.3,60.3,0,0,96.5,4.2,3.7,55.6,0.0
13981691,Udinese,Adam Buksa,goal,assisted,5600,10.2,63.6,0,0,53.8,18.4,,,
13981691,Udinese,Nicolò Zaniolo,save,regular,5086,21.3,68.5,0,0,52.3,3.2,2.2,51.8,0.0
13981691,Fiorentina,Roberto Piccoli,miss,assisted,4606,13.5,35.2,0,0,25.9,6.9,,,
13981691,Fiorentina,Cher Ndour,miss,corner,4297,5.4,53.8,0,0,60.3,15.3,,,
13981691,Fiorentina,Moise Kean,block,fast-break,4184,11.3,66.4,0,0,50.6,19.0,10.5,65.2,0.0
13981691,Fiorentina,Fabiano Parisi,block,assisted,3915,19.4,47.7,0,0,50.6,19.0,18.0,47.8,0.0
13981691,Udinese,Keinan Davis,goal,penalty,3780,11.5,50.0,0,0,47.0,19.6,,,
13981691,Udinese,Keinan Davis,block,assisted,3590,5.2,27.4,0,0,51.3,19.0,4.7,29.3,0.0
13981691,Udinese,Nicolò Zaniolo,block,fast-break,3307,14.9,65.8,0,0,48.5,19.0,13.9,64.8,0.0
13981691,Udinese,Keinan Davis,save,fast-break,3114,9.1,31.9,0,0,50.4,8.9,1.6,45.8,0.0
13981691,Fiorentina,Rolando Mandragora,miss,set-piece,2500,25.6,48.1,0,0,41.7,1.4,,,
13981691,Fiorentina,Jack Harrison,miss,assisted,2331,9.7,61.7,0,0,33.8,8.3,,,
13981691,Udinese,Nicolò Zaniolo,miss,assisted,2218,28.5,62.6,0,0,50.9,79.2,,,
13981691,Udinese,Keinan Davis,save,assisted,2194,12.3,56.4,0,0,49.0,4.4,1.9,51.6,0.0
13981691,Fiorentina,Moise Kean,block,assisted,2032,22.3,63.2,0,0,51.4,19.0,13.4,57.4,0.0
13981691,Fiorentina,Rolando Mandragora,miss,assisted,1580,14.5,49.7,0,0,51.9,70.8,,,
13981691,Fiorentina,Rolando Mandragora,miss,free-kick,1060,18.8,46.0,0,0,50.4,72.2,,,
13981691,Fiorentina,Marin Pongračić,block,set-piece,976,18.2,49.1,0,0,50.5,19.0,16.1,49.1,0.0
13981691,Udinese,Christian Kabasele,goal,corner,588,4.0,46.4,0,0,52.6,20.9,,,
13981691,Udinese,Nicolò Bertola,save,corner,359,8.9,41.3,0,0,50.3,13.9,0.90000000000001,49.3,0.0
13981686,Bologna,Jens Odgaard,goal,assisted,5354,25.4,71.7,0,0,46.0,30.4,,,
13981686,Pisa,Juan Cuadrado,block,assisted,5025,22.0,28.2,0,0,49.5,19.0,13.8,36.5,0.0
13981686,Pisa,Filip Stojilković,save,throw-in-set-piece,4813,2.6,59.3,0,0,52.4,9.7,0.7,51.6,0.0
13981686,Pisa,Gabriele Piccinini,save,assisted,4660,11.7,63.2,0,0,53.0,3.8,1.6,50.9,0.0
13981686,Bologna,Nicolò Cambiaghi,miss,corner,4374,4.9,29.1,0,0,47.4,84.7,,,
13981686,Bologna,Nicolò Casale,block,corner,4253,7.7,61.5,0,0,46.6,19.0,2.9,56.5,0.0
13981686,Bologna,Riccardo Orsolini,miss,corner,4252,12.3,43.2,0,0,30.4,26.4,6.4,58.3,0.0
13981686,Pisa,Arturo Calabresi,block,corner,3680,5.4,42.5,0,0,50.4,19.0,4.2,44.0,0.0
13981686,Pisa,Stefano Moreo,save,corner,3647,10.5,51.7,0,0,50.0,30.4,1.2,49.3,0.0
13981686,Bologna,Santiago Castro,block,assisted,3203,17.2,50.2,0,0,51.6,19.0,15.3,50.0,0.0
13981686,Bologna,Nicolò Cambiaghi,miss,assisted,2103,11.2,42.1,0,0,48.9,75.0,,,
13981686,Bologna,Santiago Castro,post,assisted,2049,10.5,64.6,0,0,55.2,27.8,,,
13981686,Bologna,Santiago Castro,miss,regular,1384,11.3,68.9,0,0,49.6,68.1,,,
13981686,Pisa,Marius Marin,block,regular,402,30.0,40.3,0,0,48.4,19.4,19.7,43.5,0.0
13981690,Torino,Nikola Vlašić,save,fast-break,5399,8.8,33.8,0,0,54.2,7.0,1.4,46.6,0.0
13981690,Lazio,Tijjani Noslin,block,assisted,5384,6.1,68.3,0,0,49.8,19.0,4.4,65.5,0.0
13981690,Lazio,Oliver Provstgaard,miss,corner,5312,3.4,32.8,0,0,53.8,61.1,,,
13981690,Torino,Sandro Kulenović,miss,fast-break,5223,45.8,39.8,0,0,69.7,13.9,1.9,31.0,0.0
13981690,Lazio,Kenneth Taylor,block,corner,5185,23.4,37.4,0,0,49.1,19.0,8.9,45.3,0.0
13981690,Lazio,Alessio Romagnoli,save,corner,5162,4.8,48.9,0,0,51.0,29.7,0.90000000000001,49.5,0.0
13981690,Lazio,Fisayo Dele-Bashiru,block,assisted,4679,14.1,56.1,0,0,49.5,19.0,9.2,54.2,0.0
13981690,Lazio,Danilo Cataldi,miss,corner,4513,23.1,63.2,0,0,42.0,69.4,,,
13981690,Lazio,Tijjani Noslin,block,assisted,4487,3.5,46.6,0,0,49.0,19.0,2.8,47.5,0.0
13981690,Torino,Valentino Lazaro,block,assisted,3481,9.4,65.0,0,0,45.4,19.0,5.8,61.0,0.0
13981690,Lazio,Tijjani Noslin,save,assisted,3253,20.2,36.9,0,0,46.2,3.2,1.9,50.2,0.0
13981690,Torino,Duván Zapata,goal,assisted,3148,7.4,49.3,0,0,53.0,13.9,,,
13981690,Torino,Matteo Prati,miss,corner,3059,7.2,62.4,0,0,77.0,4.2,,,
13981690,Torino,Giovanni Simeone,save,assisted,2638,13.8,59.4,0,0,50.2,29.1,1.8,52.0,0.0
13981690,Lazio,Mattia Zaccagni,miss,assisted,2212,16.9,28.5,0,0,34.5,61.1,,,
13981690,Lazio,Reda Belahyane,save,assisted,2189,9.7,45.9,0,0,51.0,19.0,2.4,48.2,0.0
13981690,Torino,Gvidas Gineitis,block,regular,2030,14.0,33.9,0,0,52.6,19.0,12.3,35.6,0.0
13981690,Lazio,Petar Ratkov,miss,set-piece,1703,9.6,54.3,0,0,35.5,41.7,,,
13981690,Torino,Giovanni Simeone,save,assisted,1377,26.3,38.3,0,0,46.8,7.0,3.1,49.3,0.0
13981690,Torino,Giovanni Simeone,goal,regular,1225,6.8,55.7,0,0,49.7,10.1,,,
13981690,Torino,Duván Zapata,block,assisted,1220,13.9,47.5,0,0,51.6,19.0,11.6,47.7,0.0
13981690,Lazio,Matteo Cancellieri,block,assisted,1153,20.0,58.0,0,0,49.2,19.0,17.3,57.0,0.0
13981690,Torino,Gvidas Gineitis,block,assisted,690,30.3,35.0,0,0,50.8,19.0,25.3,37.4,0.0
13981690,Torino,Matteo Prati,miss,corner,274,24.6,28.6,0,0,58.3,1.4,,,
13981690,Torino,Valentino Lazaro,block,fast-break,225,21.5,65.5,0,0,51.6,19.0,12.0,57.9,0.0
13981697,Juventus,Jérémie Boga,goal,fast-break,5572,5.0,34.2,0,0,48.7,11.4,,,
13981697,Juventus,Andrea Cambiaso,miss,corner,5114,19.7,63.9,0,0,59.2,43.1,,,
13981697,Juventus,Kenan Yıldız,goal,fast-break,4455,13.8,60.7,0,0,53.6,13.9,,,
13981697,Juventus,Jérémie Boga,miss,assisted,4329,11.3,30.7,0,0,58.2,18.1,,,
13981697,Juventus,Francisco Conceição,block,set-piece,4217,16.0,69.0,0,0,48.6,19.0,11.4,63.9,0.0
13981697,Juventus,Jérémie Boga,miss,fast-break,4087,10.5,35.7,0,0,44.2,51.4,,,
13981697,Juventus,Khéphren Thuram,goal,regular,3876,13.9,46.0,0,0,52.9,3.8,,,
13981697,Juventus,Manuel Locatelli,post,assisted,3873,14.2,65.5,0,0,55.2,5.1,,,
13981697,Pisa,Antonio Caracciolo,block,throw-in-set-piece,3606,14.6,55.3,0,0,49.3,19.0,12.7,54.7,0.0
13981697,Juventus,Francisco Conceição,miss,fast-break,3374,3.7,67.0,0,0,41.2,25.0,,,
13981697,Juventus,Andrea Cambiaso,goal,assisted,3220,2.6,45.1,0,0,52.9,22.8,,,
13981697,Juventus,Kenan Yıldız,miss,assisted,3140,19.2,46.7,0,0,45.7,63.9,,,
13981697,Juventus,Francisco Conceição,block,assisted,3131,6.0,60.1,0,0,48.6,19.0,5.1,58.8,0.0
13981697,Juventus,Kenan Yıldız,block,regular,3045,13.9,40.0,0,0,50.3,19.0,6.8,44.9,0.0
13981697,Juventus,Lloyd Kelly,block,set-piece,2883,10.7,48.8,0,0,51.5,19.0,8.5,48.7,0.0
13981697,Juventus,Francisco Conceição,block,assisted,2753,12.9,62.0,0,0,50.8,19.0,8.3,57.4,0.0
13981697,Juventus,Manuel Locatelli,miss,corner,2274,26.5,49.7,0,0,42.2,79.2,,,
13981697,Pisa,Mehdi Léris,block,corner,2117,14.5,63.0,0,0,50.1,19.0,11.1,59.9,0.0
13981697,Juventus,Jonathan David,miss,assisted,1857,7.0,48.8,0,0,46.2,58.3,,,
13981697,Juventus,Manuel Locatelli,block,regular,1849,16.3,52.6,0,0,53.3,19.0,14.6,52.0,0.0
13981697,Pisa,Stefano Moreo,miss,assisted,1474,8.5,42.9,0,0,43.7,76.4,,,
13981697,Juventus,Khéphren Thuram,save,assisted,1392,24.8,30.9,0,0,48.7,5.1,0.59999999999999,50.2,0.0
13981697,Juventus,Jonathan David,block,fast-break,1169,11.8,37.0,0,0,51.9,19.0,10.1,38.6,0.0
13981697,Juventus,Francisco Conceição,save,assisted,974,14.9,67.3,0,0,52.7,2.5,2.4,53.6,0.0
13981697,Juventus,Federico Gatti,save,corner,922,9.5,54.2,0,0,48.7,11.4,0.5,50.4,0.0
13981697,Juventus,Kenan Yıldız,block,assisted,880,23.5,35.8,0,0,51.4,19.0,21.6,36.8,0.0
13981697,Juventus,Francisco Conceição,block,fast-break,827,11.4,67.7,0,0,53.6,19.0,6.3,57.0,0.0
13981697,Juventus,Khéphren Thuram,miss,assisted,624,18.7,50.7,0,0,43.5,48.6,,,
13981697,Pisa,Rafiu Durosinmi,save,corner,302,5.0,42.3,0,0,52.5,21.5,0.2,46.7,0.0
13981697,Pisa,Francesco Coppola,block,corner,300,6.0,42.3,0,0,52.2,19.0,4.9,43.3,0.0
13981697,Pisa,Samuele Angori,block,assisted,239,22.3,37.1,0,0,51.9,19.0,15.9,40.2,0.0
13981697,Pisa,Stefano Moreo,save,assisted,227,10.1,36.4,0,0,53.5,20.3,0.5,47.8,0.0
13981695,Udinese,Jürgen Ekkelenkamp,block,assisted,5590,12.6,53.0,0,0,49.5,19.0,9.2,52.3,0.0
13981695,Udinese,Lennon Miller,miss,assisted,5525,22.5,51.7,0,0,38.0,37.5,,,
13981695,Atalanta,Nikola Krstović,miss,assisted,5205,14.4,49.9,0,0,23.0,9.7,,,
13981695,Atalanta,Nikola Krstović,block,assisted,5195,11.3,68.9,0,0,50.1,19.0,10.2,67.1,0.0
13981695,Udinese,Arthur Atta,miss,assisted,5115,25.6,55.4,0,0,52.9,70.8,,,
13981695,Atalanta,Nikola Krstović,save,assisted,5024,21.0,62.8,0,0,51.9,3.2,1.9,52.2,0.0
13981695,Atalanta,Nikola Krstović,miss,throw-in-set-piece,4909,11.0,59.3,0,0,64.7,9.7,,,
13981695,Atalanta,Gianluca Scamacca,goal,regular,4723,8.6,53.4,0,0,53.1,22.8,,,
13981695,Atalanta,Nikola Krstović,save,assisted,4720,10.7,63.8,0,0,50.7,6.3,2.0,53.4,0.0
13981695,Atalanta,Kamaldeen Sulemana,miss,assisted,4548,13.6,91.8,0,0,42.5,81.9,,,
13981695,Atalanta,Gianluca Scamacca,goal,corner,4462,7.4,51.5,0,0,49.0,24.1,,,
13981695,Atalanta,Davide Zappacosta,block,corner,4452,18.4,55.8,0,0,50.1,19.0,9.3,52.9,0.0
13981695,Atalanta,Nikola Krstović,miss,assisted,4085,8.8,55.8,0,0,65.5,11.1,3.5,44.8,0.0
13981695,Atalanta,Nikola Krstović,miss,assisted,3903,5.7,55.6,0,0,43.4,19.4,,,
13981695,Udinese,Hassane Kamara,miss,fast-break,3667,4.6,31.5,0,0,57.6,31.9,,,
13981695,Atalanta,Gianluca Scamacca,block,assisted,3636,14.5,49.1,0,0,49.8,19.0,12.6,49.3,0.0
13981695,Atalanta,Kamaldeen Sulemana,miss,assisted,3492,9.1,51.5,0,0,59.3,36.1,,,
13981695,Udinese,Keinan Davis,goal,throw-in-set-piece,3246,7.9,64.4,0,0,52.5,13.9,,,
13981695,Udinese,Oier Zarraga,block,throw-in-set-piece,3244,11.3,62.4,0,0,49.5,19.0,3.8,54.5,0.0
13981695,Atalanta,Gianluca Scamacca,post,assisted,2959,16.0,57.0,0,0,44.8,4.4,,,
13981695,Atalanta,Marten de Roon,miss,throw-in-set-piece,2842,20.7,36.8,0,0,52.4,84.7,,,
13981695,Atalanta,Mario Pašalić,block,corner,2761,8.0,56.8,0,0,48.6,19.0,6.6,55.8,0.0
13981695,Atalanta,Gianluca Scamacca,miss,corner,2773,9.2,52.6,0,0,54.5,55.6,,,
13981695,Atalanta,Lazar Samardžić,block,assisted,2753,18.7,64.0,0,0,49.5,19.0,16.8,62.6,0.0
13981695,Udinese,Thomas Kristensen,goal,corner,2340,4.6,45.8,0,0,52.6,22.8,,,
13981695,Atalanta,Lorenzo Bernasconi,miss,corner,1361,26.2,47.2,0,0,53.3,84.7,,,
13981695,Atalanta,Isak Hien,miss,corner,1076,6.3,50.9,0,0,66.2,13.9,,,
13981695,Atalanta,Yunus Musah,miss,corner,738,23.2,36.4,0,0,36.0,16.7,,,
13981695,Atalanta,Gianluca Scamacca,miss,assisted,583,17.9,66.4,0,0,42.9,25.0,,,
13981695,Udinese,Kingsley Ehizibue,miss,regular,331,22.0,66.0,0,0,42.2,9.7,,,
13981692,Bologna,Federico Bernardeschi,block,regular,5690,20.7,66.7,0,0,49.3,19.0,14.7,62.1,0.0
13981692,Bologna,Santiago Castro,miss,fast-break,5547,14.2,53.0,0,0,38.0,8.3,,,
13981692,Bologna,Santiago Castro,miss,assisted,5501,12.5,60.3,0,0,60.5,23.6,,,
13981692,Bologna,Federico Bernardeschi,miss,free-kick,5345,19.9,61.2,0,0,47.1,59.7,,,
13981692,Hellas Verona,Gift Orban,save,assisted,5047,5.7,68.7,0,0,52.3,1.9,3.1,60.8,0.0
13981692,Hellas Verona,Tomáš Suslov,block,fast-break,4952,22.9,39.9,0,0,49.5,19.0,20.2,41.2,0.0
13981692,Hellas Verona,Andrias Edmundsson,miss,regular,4790,25.4,48.9,0,0,61.8,1.4,,,
13981692,Bologna,Benjamín Domínguez,block,assisted,4765,18.7,44.2,0,0,49.8,19.0,17.0,44.8,0.0
13981692,Bologna,Federico Bernardeschi,block,corner,4716,8.0,72.6,0,0,46.4,19.0,6.7,69.5,0.0
13981692,Bologna,Benjamín Domínguez,miss,corner,4709,14.5,32.3,0,0,39.2,12.5,8.4,43.3,0.0
13981692,Bologna,Jens Odgaard,save,regular,4655,20.9,65.4,0,0,45.8,8.9,2.3,51.1,0.0
13981692,Hellas Verona,Kieron Bowie,miss,assisted,4218,30.7,60.9,0,0,40.8,20.8,,,
13981692,Hellas Verona,Gift Orban,miss,assisted,3745,29.1,37.0,0,0,32.6,16.7,,,
13981692,Hellas Verona,Kieron Bowie,goal,fast-break,3384,9.2,49.7,0,0,51.0,1.3,,,
13981692,Hellas Verona,Martin Frese,goal,throw-in-set-piece,3159,24.8,48.5,0,0,46.0,2.5,,,
13981692,Bologna,Jonathan Rowe,goal,assisted,2915,14.6,55.3,0,0,52.8,8.2,,,
13981692,Bologna,Riccardo Orsolini,post,corner,2757,15.0,67.9,0,0,44.5,11.4,,,
13981692,Bologna,Jens Odgaard,miss,regular,2803,15.7,53.0,0,0,62.4,12.5,,,
13981692,Bologna,Santiago Castro,block,corner,2724,5.0,45.9,0,0,52.4,19.0,4.1,46.2,0.0
13981692,Hellas Verona,Kieron Bowie,miss,regular,2617,8.9,43.0,0,0,57.5,66.7,,,
13981692,Bologna,Jonathan Rowe,block,corner,2332,21.9,30.3,0,0,47.9,19.0,13.7,38.4,0.0
13981692,Bologna,Riccardo Orsolini,block,assisted,2306,21.0,72.8,0,0,50.8,19.0,18.9,70.9,0.0
13981692,Bologna,Nadir Zortea,miss,assisted,2234,21.0,64.8,0,0,41.0,5.6,,,
13981692,Bologna,Nikola Moro,miss,free-kick,2190,23.2,30.1,0,0,52.4,77.8,,,
13981692,Hellas Verona,Victor Nelsson,miss,corner,1860,4.6,58.5,0,0,48.7,63.9,,,
13981692,Hellas Verona,Kieron Bowie,miss,assisted,1773,6.9,49.3,0,0,62.4,5.6,,,
13981692,Hellas Verona,Gift Orban,block,assisted,1682,13.3,52.1,0,0,49.8,19.0,9.9,51.6,0.0
13981692,Hellas Verona,Roberto Gagliardini,block,assisted,1680,9.9,56.8,0,0,51.2,19.0,7.7,55.1,0.0
13981692,Hellas Verona,Jean-Daniel Akpa Akpro,save,regular,1596,14.1,53.0,0,0,51.8,19.0,6.8,50.5,0.0
13981692,Hellas Verona,Gift Orban,save,fast-break,1477,13.9,65.8,0,0,52.9,3.2,4.4,54.2,0.0
13981692,Bologna,Riccardo Orsolini,block,assisted,1464,13.8,66.9,0,0,49.7,19.0,11.8,64.4,0.0
13981692,Bologna,Santiago Castro,miss,assisted,866,14.4,40.9,0,0,37.6,18.1,,,
13981692,Bologna,Santiago Castro,miss,fast-break,658,25.0,47.4,0,0,41.8,25.0,,,
13981692,Hellas Verona,Gift Orban,miss,assisted,414,20.4,72.2,0,0,43.7,66.7,,,
13981700,Inter,Manuel Akanji,miss,assisted,5692,9.0,55.5,0,0,58.2,59.7,,,
13981700,Inter,Francesco Pio Esposito,block,assisted,5469,9.2,54.6,0,0,45.8,19.0,7.3,54.5,0.0
13981700,Inter,Ange-Yoan Bonny,miss,assisted,3724,10.1,54.6,0,0,50.6,69.4,,,
13981700,Inter,Ange-Yoan Bonny,block,assisted,3659,18.5,39.9,0,0,46.8,19.0,15.0,42.4,0.0
13981700,Milan,Rafael Leão,miss,assisted,3430,10.1,68.7,0,0,40.2,44.4,,,
13981700,Inter,Federico Dimarco,miss,assisted,3222,11.9,47.5,0,0,47.7,52.8,,,
13981700,Milan,Youssouf Fofana,save,fast-break,3039,21.3,39.7,0,0,51.5,7.0,2.0,48.9,0.0
13981700,Milan,Rafael Leão,miss,fast-break,2929,11.4,37.5,0,0,39.7,1.4,,,
13981700,Inter,Francesco Pio Esposito,block,regular,2915,11.8,51.3,0,0,50.4,19.0,9.0,50.9,0.0
13981700,Inter,Piotr Zieliński,save,assisted,2846,3.2,70.9,0,0,45.5,20.9,0.3,53.1,0.0
13981700,Inter,Nicolò Barella,miss,corner,2853,24.1,51.1,0,0,39.7,18.1,,,
13981700,Milan,Youssouf Fofana,miss,regular,2749,13.5,69.5,0,0,41.2,91.7,,,
13981700,Milan,Christian Pulišić,miss,assisted,2438,11.3,56.0,0,0,40.3,5.6,,,
13981700,Milan,Fikayo Tomori,block,assisted,2436,18.8,68.7,0,0,51.1,19.0,9.8,58.5,0.0
13981700,Milan,Alexis Saelemaekers,miss,assisted,2322,11.4,48.8,0,0,65.7,43.1,,,
13981700,Milan,Pervis Estupiñán,goal,assisted,2065,11.4,37.6,0,0,52.9,25.9,,,
13981700,Inter,Henrikh Mkhitaryan,save,fast-break,1997,9.2,49.2,0,0,50.0,21.5,2.5,49.3,0.0
13981700,Inter,Federico Dimarco,miss,set-piece,1243,29.6,49.5,0,0,55.1,95.8,,,
13981700,Inter,Federico Dimarco,block,assisted,792,22.6,35.7,0,0,49.0,19.0,17.5,39.2,0.0
13981700,Milan,Luka Modrić,miss,assisted,164,19.7,43.4,0,0,42.9,2.8,,,
13981693,Cagliari,Yael Trepy,block,assisted,5521,11.4,75.6,0,0,46.8,19.0,10.6,74.0,0.0
13981693,Como,Álvaro Morata,miss,free-kick,5410,23.5,40.4,0,0,55.6,63.9,,,
13981693,Cagliari,Michel Adopo,save,assisted,5111,11.8,61.0,0,0,45.7,19.0,1.0,51.3,0.0
13981693,Cagliari,Semih Kılıçsoy,block,corner,4896,21.8,34.4,0,0,48.7,19.0,16.8,38.3,0.0
13981693,Como,Lucas Da Cunha,goal,assisted,4553,23.6,68.8,0,0,54.3,24.7,,,
13981693,Como,Nico Paz,miss,assisted,4463,9.4,42.5,0,0,36.5,9.7,4.5,58.5,0.0
13981693,Como,Álvaro Morata,block,set-piece,3796,6.6,56.2,0,0,49.1,19.0,5.4,55.2,0.0
13981693,Como,Nico Paz,block,assisted,3512,18.7,47.9,0,0,52.6,26.4,10.5,48.0,0.0
13981693,Cagliari,Sebastiano Esposito,goal,assisted,3319,7.7,54.7,0,0,54.0,20.3,,,
13981693,Cagliari,Adam Obert,miss,assisted,3317,10.8,34.2,0,0,25.4,20.8,6.7,52.5,0.0
13981693,Como,Jesús Rodriguez,miss,regular,3013,20.9,58.4,0,0,50.8,83.3,,,
13981693,Cagliari,Michael Folorunsho,block,regular,2274,17.8,49.3,0,0,49.1,19.0,16.0,49.5,0.0
13981693,Cagliari,Michael Folorunsho,block,assisted,1807,26.9,55.2,0,0,52.4,19.0,23.2,54.2,0.0
13981693,Cagliari,Michel Adopo,save,assisted,1071,22.5,41.1,0,0,54.4,2.5,1.8,50.0,0.0
13981693,Como,Martin Baturina,goal,regular,791,11.5,52.8,0,0,52.9,1.3,,,
13981693,Como,Lucas Da Cunha,block,regular,790,12.0,58.3,0,0,52.5,19.0,10.2,56.7,0.0
13981698,Roma,Bryan Cristante,block,assisted,5629,7.9,59.1,0,0,47.5,19.0,6.2,57.7,0.0
13981698,Genoa,Ruslan Malinovskyi,save,fast-break,5434,8.2,57.3,0,0,46.2,19.6,4.0,51.3,0.0
13981698,Roma,Bryan Cristante,block,corner,5379,15.8,54.4,0,0,48.1,19.0,14.2,54.2,0.0
13981698,Genoa,Vitinha,goal,throw-in-set-piece,4756,2.9,51.0,0,0,49.7,9.5,,,
13981698,Genoa,Lorenzo Colombo,save,assisted,4569,12.6,63.9,0,0,45.5,25.3,0.59999999999999,52.0,0.0
13981698,Genoa,Lorenzo Colombo,block,throw-in-set-piece,4518,24.7,62.1,0,0,51.0,19.0,22.4,60.9,0.0
13981698,Roma,Manu Koné,block,corner,4400,19.4,52.4,0,0,49.4,19.0,17.0,52.2,0.0
13981698,Genoa,Mikael Ellertsson,miss,corner,4199,12.6,35.2,0,0,61.0,5.6,0.59999999999999,38.4,0.0
13981698,Roma,Donyell Malen,miss,assisted,3630,8.5,48.3,0,0,49.1,84.7,,,
13981698,Roma,Evan Ndicka,goal,corner,3260,8.2,50.4,0,0,52.8,8.2,,,
13981698,Roma,Gianluca Mancini,block,corner,3258,8.3,55.0,0,0,47.0,19.0,1.1,53.2,0.0
13981698,Genoa,Caleb Ekuban,miss,fast-break,3164,13.0,56.2,0,0,63.9,80.6,,,
13981698,Genoa,Junior Messias,goal,penalty,3082,11.5,50.0,0,0,49.5,30.4,,,
13981698,Genoa,Caleb Ekuban,miss,assisted,2669,10.7,50.2,0,0,48.4,66.7,,,
13981698,Genoa,Junior Messias,miss,assisted,2612,29.3,45.6,0,0,61.7,63.9,,,
13981698,Roma,Devyne Rensch,miss,assisted,2082,6.6,67.9,0,0,36.8,33.3,,,
13981698,Genoa,Patrizio Masini,miss,set-piece,1575,23.2,49.9,0,0,63.9,63.9,,,
13981698,Genoa,Junior Messias,save,throw-in-set-piece,1421,14.5,52.6,0,0,49.6,22.8,2.3,50.4,0.0
13981698,Roma,Donyell Malen,block,regular,1211,16.0,46.6,0,0,48.8,19.0,13.6,47.3,0.0
13981699,Lazio,Adam Marušić,goal,assisted,5507,10.7,53.6,0,0,48.4,9.5,,,
13981699,Lazio,Oliver Provstgaard,miss,set-piece,5191,3.8,44.1,0,0,53.9,58.3,,,
13981699,Lazio,Matteo Cancellieri,save,assisted,4918,25.7,71.4,0,0,53.3,12.7,1.8,52.9,0.0
13981699,Sassuolo,Josh Doig,save,regular,4754,11.1,47.0,0,0,47.6,2.5,4.2,48.7,0.0
13981699,Sassuolo,Armand Laurienté,save,regular,4749,20.3,62.6,0,0,51.9,1.3,2.5,52.0,0.0
13981699,Lazio,Gustav Isaksen,miss,fast-break,4675,14.8,45.6,0,0,51.9,56.9,,,
13981699,Lazio,Mattia Zaccagni,save,assisted,4271,15.0,28.9,0,0,49.7,22.2,1.2,48.7,0.0
13981699,Lazio,Fisayo Dele-Bashiru,miss,assisted,3661,19.5,55.4,0,0,69.4,62.5,,,
13981699,Sassuolo,Ismael Koné,miss,assisted,3586,14.9,53.4,0,0,52.9,73.6,,,
13981699,Lazio,Kenneth Taylor,block,regular,3508,14.6,47.4,0,0,50.0,19.0,11.1,48.0,0.0
13981699,Sassuolo,Armand Laurienté,goal,assisted,2076,11.7,45.6,0,0,46.3,25.9,,,
13981699,Sassuolo,M'Bala Nzola,save,assisted,1591,5.0,29.2,0,0,48.7,27.2,1.1,45.7,0.0
13981699,Sassuolo,Kristian Thorstvedt,block,assisted,1546,19.1,37.4,0,0,48.8,19.0,15.3,40.2,0.0
13981699,Sassuolo,M'Bala Nzola,block,regular,1452,4.3,56.0,0,0,46.7,1.4,3.5,55.2,0.0
13981699,Lazio,Fisayo Dele-Bashiru,miss,assisted,975,10.3,67.7,0,0,67.9,5.6,,,
13981699,Lazio,Gustav Isaksen,miss,corner,940,4.2,40.9,0,0,36.6,11.1,,,
13981699,Lazio,Gustav Isaksen,miss,assisted,693,18.1,56.4,0,0,42.7,2.8,,,
13981699,Lazio,Danilo Cataldi,save,assisted,605,26.3,45.4,0,0,46.4,22.8,2.3,49.8,0.0
13981699,Lazio,Daniel Maldini,goal,regular,83,2.1,51.1,0,0,49.3,3.2,,,
13981699,Lazio,Gustav Isaksen,block,regular,79,13.6,42.9,0,0,49.7,5.6,8.0,45.8,0.0
13981702,Napoli,Kevin De Bruyne,miss,regular,5655,24.8,47.4,0,0,34.5,2.8,,,
13981702,Torino,Cesare Casadei,goal,corner,5195,7.3,48.7,0,0,54.3,16.5,,,
13981702,Torino,Faustino Anjorin,save,set-piece,5110,7.9,54.4,0,0,49.7,20.9,1.5,51.6,0.0
13981702,Torino,Nikola Vlašić,block,free-kick,5105,26.9,48.1,0,0,52.1,19.0,14.1,48.0,0.0
13981702,Napoli,Matteo Politano,save,free-kick,4869,23.1,72.4,0,0,45.9,17.1,1.8,50.9,0.0
13981702,Napoli,Billy Gilmour,save,assisted,4284,23.5,55.8,0,0,49.2,14.6,1.9,50.7,0.0
13981702,Napoli,Eljif Elmas,goal,assisted,4046,9.2,53.0,0,0,54.4,15.8,,,
13981702,Napoli,Alessandro Buongiorno,block,set-piece,3894,6.4,42.1,0,0,52.0,19.0,4.7,44.0,0.0
13981702,Napoli,Alisson Santos,save,assisted,3579,16.0,29.5,0,0,48.0,10.1,1.8,46.4,0.0
13981702,Napoli,Rasmus Højlund,save,assisted,3139,8.8,37.6,0,0,52.3,15.8,2.0,45.1,0.0
13981702,Napoli,Alisson Santos,save,regular,2887,24.0,35.4,0,0,47.3,0.6,2.2,47.7,0.0
13981702,Napoli,Eljif Elmas,block,regular,2712,14.8,66.0,0,0,48.3,19.0,13.2,64.4,0.0
13981702,Napoli,Rasmus Højlund,miss,assisted,2052,6.0,49.1,0,0,50.8,58.3,,,
13981702,Torino,Rafael Obrador,block,assisted,1893,23.3,26.3,0,0,50.3,19.0,20.2,29.4,0.0
13981702,Napoli,Rasmus Højlund,miss,assisted,1483,14.4,32.9,0,0,37.3,9.7,,,
13981702,Torino,Nikola Vlašić,save,corner,965,18.8,65.0,0,0,54.0,11.4,1.1,52.0,0.0
13981702,Torino,Duván Zapata,block,fast-break,902,11.7,36.3,0,0,50.2,19.0,9.7,38.6,0.0
13981702,Torino,Nikola Vlašić,save,assisted,632,23.2,58.3,0,0,50.0,7.0,2.3,51.1,0.0
13981702,Napoli,Alisson Santos,goal,corner,408,18.7,30.5,0,0,54.1,3.8,,,
13981702,Napoli,Mathías Olivera,save,corner,378,4.0,49.7,0,0,50.5,10.1,2.5,49.5,0.0
13981702,Napoli,Matteo Politano,save,assisted,249,19.2,55.4,0,0,48.0,1.9,1.2,51.4,0.0
13981696,Parma,Christian Ordoñez,miss,corner,5476,23.7,52.9,0,0,51.1,95.8,,,
13981696,Parma,Benjamin Cremaschi,miss,corner,5473,20.1,62.6,0,0,63.0,6.9,16.6,56.9,0.0
13981696,Parma,Alessandro Circati,block,set-piece,5413,9.9,53.5,0,0,49.9,19.0,7.1,52.5,0.0
13981696,Fiorentina,Jacopo Fazzini,miss,assisted,5084,6.5,50.9,0,0,40.0,16.7,,,
13981696,Fiorentina,Robin Gosens,block,assisted,4868,22.6,45.4,0,0,52.1,19.0,17.0,46.0,0.0
13981696,Fiorentina,Luca Ranieri,miss,corner,3478,2.9,34.0,0,0,56.3,25.0,,,
13981696,Fiorentina,Rolando Mandragora,miss,corner,3190,17.9,54.0,0,0,50.3,77.8,,,
13981696,Fiorentina,Roberto Piccoli,block,regular,2859,4.6,47.1,0,0,52.0,19.0,3.6,47.3,0.0
13981696,Fiorentina,Nicolò Fagioli,save,assisted,2823,7.6,56.2,0,0,48.7,14.6,1.5,52.5,0.0
13981696,Parma,Gabriel Strefezza,miss,assisted,2714,31.5,65.2,0,0,56.1,69.4,,,
13981696,Parma,Mandela Keita,miss,assisted,2583,28.6,50.1,0,0,58.3,4.2,,,
13981696,Parma,Gabriel Strefezza,block,assisted,2334,24.9,30.7,0,0,53.9,19.0,20.8,33.2,0.0
13981696,Fiorentina,Roberto Piccoli,miss,assisted,2278,12.1,53.3,0,0,39.5,51.4,,,
13981696,Fiorentina,Roberto Piccoli,miss,assisted,2030,11.1,53.8,0,0,67.4,4.2,1.5,32.5,0.0
13981696,Fiorentina,Cher Ndour,block,regular,1533,13.3,45.6,0,0,50.1,19.0,10.9,46.4,0.0
13981696,Fiorentina,Nicolò Fagioli,block,assisted,1532,19.1,33.8,0,0,48.4,19.0,7.2,44.8,0.0
13981696,Parma,Emanuele Valeri,miss,assisted,1102,3.9,39.5,0,0,59.5,22.2,,,
13981696,Parma,Gabriel Strefezza,miss,fast-break,721,17.3,69.7,0,0,51.4,73.6,,,
13981696,Fiorentina,Luca Ranieri,miss,corner,522,8.1,57.0,0,0,50.1,56.9,1.5,56.1,0.0
13981696,Fiorentina,Robin Gosens,block,assisted,27,24.8,38.7,0,0,51.9,19.0,13.6,43.0,0.0
13981701,Cremonese,Federico Bonazzoli,save,regular,5581,13.5,48.4,0,0,48.7,1.3,2.0,49.1,0.0
13981701,Cremonese,Martín Payero,save,assisted,5579,10.2,50.5,0,0,51.3,17.1,2.4,50.9,0.0
13981701,Cremonese,Youssef Maleh,miss,corner,4544,20.7,35.6,0,0,43.2,66.7,,,
13981701,Lecce,Lassana Coulibaly,miss,corner,4294,8.4,59.8,0,0,64.9,13.9,7.2,48.2,0.0
13981701,Lecce,Ylber Ramadani,save,corner,4102,19.8,63.2,0,0,53.6,15.2,2.3,52.0,0.0
13981701,Lecce,Walid Cheddira,block,assisted,4022,7.8,67.8,0,0,48.7,19.0,5.8,63.5,0.0
13981701,Cremonese,Tommaso Barbieri,miss,assisted,3962,26.0,72.2,0,0,46.4,76.4,,,
13981701,Lecce,Lassana Coulibaly,miss,set-piece,3771,5.5,68.1,0,0,40.7,9.7,,,
13981701,Lecce,Lameck Banda,miss,free-kick,3509,21.6,19.0,0,0,52.4,69.4,,,
13981701,Cremonese,Milan Đurić,save,regular,3417,9.3,48.1,0,0,50.5,23.4,2.4,49.6,0.0
13981701,Cremonese,Federico Bonazzoli,goal,assisted,2784,11.6,41.9,0,0,48.1,6.3,,,
13981701,Lecce,Nikola Štulić,goal,penalty,2270,11.5,50.0,0,0,53.0,1.3,,,
13981701,Lecce,Nikola Štulić,block,fast-break,2086,7.3,53.1,0,0,53.8,19.0,6.3,52.2,0.0
13981701,Cremonese,Jamie Vardy,save,assisted,1711,13.0,48.1,0,0,51.9,4.4,1.1,49.6,0.0
13981701,Lecce,Santiago Pierotti,goal,corner,1316,4.5,51.1,0,0,49.0,22.8,,,
13981701,Lecce,Lassana Coulibaly,block,assisted,1282,6.7,70.2,0,0,53.7,19.0,6.0,67.9,0.0
13981701,Cremonese,Morten Thorsby,miss,corner,1020,11.0,52.2,0,0,41.5,8.3,,,
13981701,Cremonese,Federico Bonazzoli,block,corner,1018,13.6,30.3,0,0,47.2,19.0,10.2,35.9,0.0
13981701,Cremonese,Jari Vandeputte,block,corner,923,15.3,37.1,0,0,49.5,19.0,7.3,44.0,0.0
13981714,Parma,Jacob Ondrejka,miss,corner,5621,29.6,38.0,0,0,55.5,70.8,,,
13981714,Torino,Duván Zapata,goal,fast-break,5412,23.6,57.7,0,0,52.9,20.9,,,
13981714,Torino,Sandro Kulenović,save,assisted,4670,9.7,56.0,0,0,50.2,3.8,1.2,52.3,0.0
13981714,Torino,Nikola Vlašić,miss,regular,4330,18.4,55.2,0,0,38.8,18.1,9.3,58.8,0.0
13981714,Torino,Emirhan İlkhan,miss,assisted,4011,18.9,62.3,0,0,55.0,62.5,,,
13981714,Torino,Giovanni Simeone,block,fast-break,3766,19.4,66.7,0,0,49.9,19.0,15.9,63.7,0.0
13981714,Torino,Mandela Keita,goal,fast-break,3357,2.0,48.9,0,0,50.5,3.2,,,
13981714,Torino,Giovanni Simeone,post,fast-break,3356,10.1,55.8,0,0,48.4,41.1,,,
13981714,Torino,Emirhan İlkhan,goal,corner,3239,2.4,48.1,0,0,51.9,2.5,,,
13981714,Torino,Che Adams,miss,corner,3237,8.1,72.9,0,0,62.5,1.4,2.0,48.0,0.0
13981714,Torino,Gvidas Gineitis,save,free-kick,3183,24.8,48.0,0,0,51.0,33.5,0.7,51.1,0.0
13981714,Parma,Alessandro Circati,miss,set-piece,2845,9.9,60.8,0,0,40.5,34.7,1.8,64.1,0.0
13981714,Torino,Rafael Obrador,block,corner,2509,14.9,48.5,0,0,52.9,19.4,9.2,48.7,0.0
13981714,Torino,Nikola Vlašić,save,assisted,2451,21.7,67.9,0,0,46.1,18.4,2.0,51.6,0.0
13981714,Torino,Giovanni Simeone,miss,assisted,2299,11.0,48.3,0,0,39.5,4.2,,,
13981714,Parma,Mariano Troilo,save,corner,1838,2.8,43.0,0,0,51.9,2.5,0.7,46.0,0.0
13981714,Parma,Mateo Pellegrino,block,corner,1836,4.1,47.4,0,0,51.9,19.0,2.5,47.7,0.0
13981714,Parma,Gabriel Strefezza,save,corner,1772,23.9,12.3,0,0,46.9,32.9,0.90000000000001,49.5,0.0
13981714,Torino,Nikola Vlašić,miss,assisted,1565,24.9,45.3,0,0,41.3,4.2,,,
13981714,Parma,Mateo Pellegrino,goal,assisted,1184,4.3,56.3,0,0,46.1,17.1,,,
13981714,Torino,Saúl Coco,miss,regular,733,19.1,62.4,0,0,98.7,8.3,4.0,14.4,0.0
13981714,Torino,Giovanni Simeone,goal,regular,126,3.6,66.1,0,0,48.7,2.5,,,
13981705,Atalanta,Nikola Krstović,miss,corner,5760,9.9,47.4,0,0,50.1,54.2,,,
13981705,Inter,Marcus Thuram,block,assisted,5319,15.2,50.2,0,0,49.9,19.0,11.5,50.2,0.0
13981705,Atalanta,Nikola Krstović,goal,regular,4913,10.8,51.6,0,0,46.4,16.5,,,
13981705,Atalanta,Kamaldeen Sulemana,save,regular,4912,9.8,37.1,0,0,49.0,4.4,1.5,46.4,0.0
13981705,Inter,Marcus Thuram,miss,assisted,4432,4.6,43.0,0,0,58.2,13.9,,,
13981705,Atalanta,Kamaldeen Sulemana,miss,regular,4140,21.7,43.0,0,0,15.6,12.5,13.8,69.5,0.0
13981705,Atalanta,Lorenzo Bernasconi,miss,assisted,4137,7.7,32.7,0,0,33.9,8.3,3.2,48.0,0.0
13981705,Atalanta,Nikola Krstović,miss,assisted,4001,14.0,45.7,0,0,72.6,5.6,,,
13981705,Inter,Denzel Dumfries,miss,assisted,3808,4.3,42.3,0,0,60.7,33.3,,,
13981705,Inter,Federico Dimarco,miss,assisted,3637,27.5,45.0,0,0,51.8,80.6,,,
13981705,Inter,Marcus Thuram,save,assisted,3628,8.5,64.4,0,0,48.3,6.3,5.7,60.3,0.0
13981705,Inter,Marcus Thuram,miss,fast-break,2887,26.8,44.6,0,0,57.1,44.4,,,
13981705,Inter,Denzel Dumfries,miss,assisted,2836,5.7,58.1,0,0,62.4,8.3,2.2,44.4,0.0
13981705,Inter,Francesco Pio Esposito,block,regular,2446,8.0,45.8,0,0,52.4,19.0,6.2,46.2,0.0
13981705,Inter,Marcus Thuram,miss,assisted,2286,11.1,47.6,0,0,41.2,9.7,,,
13981705,Inter,Federico Dimarco,miss,assisted,2209,18.6,48.0,0,0,1.0,1.4,17.3,75.1,0.0
13981705,Inter,Manuel Akanji,save,corner,1956,9.1,51.1,0,0,49.7,20.9,0.7,50.7,0.0
13981705,Inter,Piotr Zieliński,block,assisted,1910,18.9,62.2,0,0,48.7,19.0,15.3,60.1,0.0
13981705,Inter,Federico Dimarco,miss,assisted,1666,7.6,26.8,0,0,37.5,2.8,,,
13981705,Inter,Francesco Pio Esposito,goal,assisted,1522,8.4,29.6,0,0,50.9,13.3,,,
13981705,Inter,Nicolò Barella,miss,assisted,1063,18.4,57.1,0,0,57.0,70.8,,,
13981705,Atalanta,Gianluca Scamacca,save,fast-break,682,27.1,66.9,0,0,52.1,5.1,2.7,52.0,0.0
13981705,Inter,Federico Dimarco,miss,assisted,330,9.5,34.5,0,0,60.2,12.5,,,
13981705,Atalanta,Gianluca Scamacca,miss,regular,280,27.3,65.3,0,0,40.3,52.8,,,
13981706,Cagliari,Luca Mazzitelli,block,free-kick,5743,30.7,51.7,0,0,51.4,19.0,19.3,50.5,0.0
13981706,Cagliari,Leonardo Pavoletti,miss,assisted,5621,11.0,43.6,0,0,64.5,48.6,,,
13981706,Pisa,Stefano Moreo,save,assisted,5395,6.9,43.6,0,0,52.0,7.6,1.6,47.7,0.0
13981706,Pisa,Stefano Moreo,miss,assisted,4555,32.8,35.4,0,0,37.5,51.4,,,
13981706,Cagliari,Alberto Dossena,miss,corner,4416,9.6,50.9,0,0,42.5,11.1,,,
13981706,Cagliari,Yael Trepy,miss,regular,4183,9.5,61.7,0,0,40.2,5.6,,,
13981706,Cagliari,Ibrahim Sulemana,block,assisted,4181,25.1,40.5,0,0,52.3,19.0,21.0,41.2,0.0
13981706,Cagliari,Leonardo Pavoletti,goal,assisted,3975,7.4,59.3,0,0,47.1,13.3,,,
13981706,Cagliari,Gabriele Zappa,miss,corner,3760,4.5,63.6,0,0,43.5,6.9,,,
13981706,Cagliari,Adam Obert,save,throw-in-set-piece,3453,15.3,33.8,0,0,49.9,3.8,1.5,47.3,0.0
13981706,Cagliari,Semih Kılıçsoy,save,assisted,3439,28.2,56.4,0,0,47.4,20.3,4.5,49.1,0.0
13981706,Pisa,Antonio Caracciolo,goal,corner,3215,2.3,49.5,0,0,48.7,19.0,,,
13981706,Pisa,Samuele Angori,block,assisted,3169,10.1,44.8,0,0,52.1,18.1,4.9,48.2,0.0
13981706,Pisa,Antonio Caracciolo,goal,throw-in-set-piece,3062,4.4,59.5,0,0,46.4,8.9,,,
13981706,Pisa,Malthe Højholt,save,fast-break,3008,3.5,40.3,0,0,53.2,12.0,0.5,46.9,0.0
13981706,Cagliari,Adam Obert,save,corner,2587,19.2,34.6,0,0,48.6,6.3,2.9,48.2,0.0
13981706,Cagliari,Gianluca Gaetano,block,assisted,2555,23.8,42.7,0,0,49.2,19.0,20.5,45.7,0.0
13981706,Pisa,Michel Aebischer,save,fast-break,1195,29.7,42.5,0,0,49.0,19.6,2.2,49.6,0.0
13981706,Pisa,Matteo Tramoni,block,fast-break,1189,14.1,34.2,0,0,50.0,19.0,11.8,36.8,0.0
13981706,Cagliari,Michael Folorunsho,block,regular,1048,8.2,68.1,0,0,45.3,19.0,7.0,66.1,0.0
13981706,Cagliari,Ibrahim Sulemana,miss,regular,652,4.3,49.7,0,0,47.9,58.3,,,
13981706,Cagliari,Adam Obert,post,assisted,651,8.7,50.0,0,0,52.7,38.6,,,
13981706,Pisa,Stefano Moreo,goal,penalty,512,11.5,50.0,0,0,46.1,3.2,,,
13981706,Pisa,Rafiu Durosinmi,miss,set-piece,288,8.8,56.6,0,0,41.2,77.8,,,
13981712,Udinese,Nicolò Zaniolo,miss,free-kick,5500,28.7,75.7,0,0,39.0,8.3,,,
13981712,Juventus,Fabio Miretti,miss,free-kick,5288,9.8,17.2,0,0,48.6,66.7,,,
13981712,Juventus,Fabio Miretti,save,assisted,5108,7.9,45.4,0,0,49.6,4.4,1.9,49.3,0.0
13981712,Juventus,Fabio Miretti,miss,regular,4774,8.6,44.4,0,0,77.8,41.7,6.2,34.5,0.0
13981712,Udinese,Arthur Atta,miss,regular,4628,23.9,56.5,0,0,47.6,97.2,,,
13981712,Udinese,Juan Arizala,save,assisted,4090,20.6,31.1,0,0,49.6,18.4,1.6,48.6,0.0
13981712,Udinese,Jesper Karlström,miss,regular,3938,15.7,72.4,0,0,60.0,88.9,,,
13981712,Juventus,Bremer,miss,corner,3818,5.1,53.5,0,0,36.8,8.3,2.8,60.1,0.0
13981712,Juventus,Kenan Yıldız,block,assisted,3785,18.8,52.3,0,0,51.3,19.0,12.4,51.1,0.0
13981712,Juventus,Kenan Yıldız,save,throw-in-set-piece,3704,12.4,27.9,0,0,48.4,10.1,1.2,46.7,0.0
13981712,Juventus,Teun Koopmeiners,miss,assisted,3538,6.5,46.1,0,0,50.8,52.8,,,
13981712,Juventus,Manuel Locatelli,save,assisted,3434,22.6,68.1,0,0,52.9,25.9,2.0,52.2,0.0
13981712,Udinese,Jürgen Ekkelenkamp,miss,assisted,3042,6.9,46.1,0,0,32.8,1.4,,,
13981712,Udinese,Jürgen Ekkelenkamp,miss,corner,2666,20.3,65.2,0,0,36.0,81.9,,,
13981712,Udinese,Arthur Atta,block,assisted,2619,26.3,35.2,0,0,50.2,19.0,21.8,37.7,0.0
13981712,Juventus,Andrea Cambiaso,save,corner,2494,2.9,56.7,0,0,50.6,8.9,0.5,50.9,0.0
13981712,Juventus,Khéphren Thuram,miss,corner,2493,6.9,45.4,0,0,34.1,20.8,2.0,56.3,0.0
13981712,Juventus,Jérémie Boga,save,assisted,2444,9.4,31.7,0,0,52.9,6.3,1.4,45.1,0.0
13981712,Udinese,Arthur Atta,miss,throw-in-set-piece,2398,8.9,40.7,0,0,57.8,26.4,,,
13981712,Juventus,Jérémie Boga,goal,assisted,2221,2.7,53.0,0,0,50.1,10.8,,,
13981712,Udinese,Arthur Atta,miss,regular,2201,52.3,41.7,0,0,7.2,9.7,9.4,73.3,0.0
13981712,Juventus,Jérémie Boga,miss,assisted,2153,14.3,35.9,0,0,33.9,12.5,,,
13981712,Juventus,Manuel Locatelli,block,assisted,2139,18.4,55.6,0,0,47.1,19.0,15.9,55.2,0.0
13981712,Juventus,Jérémie Boga,save,assisted,2105,6.6,33.8,0,0,49.4,10.1,1.0,46.4,0.0
13981712,Udinese,Arthur Atta,save,throw-in-set-piece,1509,8.9,27.0,0,0,52.5,6.3,1.4,46.4,0.0
13981712,Juventus,Kenan Yıldız,miss,corner,1034,10.1,42.3,0,0,38.0,18.1,3.6,55.6,0.0
13981712,Juventus,Khéphren Thuram,miss,regular,880,26.0,48.5,0,0,36.6,76.4,,,
13981712,Juventus,Francisco Conceição,block,assisted,878,13.3,64.4,0,0,53.9,19.0,11.8,62.3,0.0
13981712,Juventus,Francisco Conceição,miss,corner,806,11.5,51.5,0,0,61.8,22.2,7.3,48.2,0.0
13981712,Juventus,Jérémie Boga,save,assisted,763,1.1,41.2,0,0,52.9,7.0,0.3,44.8,0.0
13981712,Juventus,Kenan Yıldız,block,throw-in-set-piece,719,10.8,67.1,0,0,49.0,19.0,8.8,64.1,0.0
13981712,Juventus,Francisco Conceição,block,assisted,474,19.6,51.8,0,0,45.7,19.0,18.1,52.0,0.0
13981708,Lecce,Ylber Ramadani,miss,regular,4891,29.4,64.0,0,0,75.0,5.6,,,
13981708,Lecce,Konan N'Dri,block,assisted,4889,17.3,66.2,0,0,53.7,19.0,14.4,62.8,0.0
13981708,Napoli,Alisson Santos,save,corner,4555,14.1,40.9,0,0,50.8,26.6,1.4,47.8,0.0
13981708,Napoli,Alisson Santos,miss,assisted,4389,18.1,43.6,0,0,57.0,4.2,,,
13981708,Napoli,Matteo Politano,goal,corner,3978,6.4,62.7,0,0,50.2,5.1,,,
13981708,Napoli,Kevin De Bruyne,miss,assisted,3864,25.0,29.7,0,0,40.5,22.2,,,
13981708,Napoli,Alisson Santos,save,assisted,3852,12.0,32.7,0,0,49.3,3.2,2.5,44.4,0.0
13981708,Lecce,Walid Cheddira,miss,fast-break,3810,9.8,68.3,0,0,43.2,26.4,,,
13981708,Napoli,Scott McTominay,block,assisted,3631,13.1,34.6,0,0,52.1,19.0,11.6,36.1,0.0
13981708,Napoli,Rasmus Højlund,miss,assisted,3144,9.3,43.9,0,0,64.4,22.2,,,
13981708,Lecce,Tiago Gabriel,miss,set-piece,2888,10.5,34.8,0,0,50.8,73.6,,,
13981708,Napoli,Rasmus Højlund,goal,assisted,2750,4.5,54.2,0,0,49.1,10.8,,,
13981708,Napoli,Matteo Politano,miss,assisted,2708,18.9,68.5,0,0,43.4,23.6,,,
13981708,Lecce,Nikola Štulić,save,assisted,2651,14.8,72.4,0,0,46.3,8.9,1.5,52.0,0.0
13981708,Lecce,Lameck Banda,miss,regular,2031,29.1,28.2,0,0,49.6,97.2,,,
13981708,Lecce,Oumar Ngom,block,corner,1881,3.5,65.4,0,0,47.4,19.0,2.2,60.5,0.0
13981708,Napoli,Billy Gilmour,miss,fast-break,1000,13.9,44.6,0,0,58.3,15.3,,,
13981708,Lecce,Tiago Gabriel,miss,corner,911,3.5,51.3,0,0,49.6,69.4,,,
13981708,Lecce,Lameck Banda,block,assisted,877,14.7,43.4,0,0,47.9,19.0,12.4,44.8,0.0
13981708,Napoli,Matteo Politano,miss,corner,683,22.0,59.1,0,0,52.9,79.2,,,
13981708,Napoli,Alisson Santos,block,corner,591,20.1,34.6,0,0,50.9,19.0,19.0,35.4,0.0
13981708,Lecce,Lameck Banda,block,fast-break,471,14.7,28.5,0,0,50.4,19.0,12.9,31.0,0.0
13981708,Lecce,Lassana Coulibaly,miss,assisted,381,23.9,47.4,0,0,49.7,72.2,,,
13981708,Lecce,Jamil Siebert,goal,corner,130,7.4,44.3,0,0,48.8,25.9,,,
13981710,Genoa,Jeff Ekhator,block,regular,5393,15.1,45.6,0,0,50.5,19.0,13.4,46.0,0.0
13981710,Hellas Verona,Tomáš Suslov,miss,free-kick,5352,29.9,36.8,0,0,55.1,62.5,,,
13981710,Genoa,Leo Østigård,goal,set-piece,5151,11.6,48.7,0,0,54.0,7.6,,,
13981710,Hellas Verona,Gift Orban,block,assisted,4543,8.5,44.8,0,0,51.9,19.0,7.2,45.3,0.0
13981710,Genoa,Vitinha,block,corner,4289,13.8,36.8,0,0,49.4,19.0,9.8,40.8,0.0
13981710,Hellas Verona,Nicolás Valentini,miss,corner,4168,8.0,54.2,0,0,40.8,15.3,,,
13981710,Genoa,Vitinha,goal,regular,3608,29.6,57.5,0,0,49.8,32.3,,,
13981710,Genoa,Lorenzo Colombo,block,set-piece,3401,9.4,56.8,0,0,52.8,19.0,7.9,55.2,0.0
13981710,Genoa,Stefano Sabelli,miss,assisted,3108,13.2,40.0,0,0,42.4,1.4,,,
13981710,Hellas Verona,Abdou Harroui,miss,regular,2912,12.2,33.1,0,0,57.6,6.9,,,
13981710,Hellas Verona,Gift Orban,block,assisted,2893,28.5,34.8,0,0,45.2,15.3,25.0,37.4,0.0
13981710,Genoa,Ruslan Malinovskyi,miss,free-kick,2826,25.7,71.6,0,0,54.1,94.4,,,
13981710,Hellas Verona,Jean-Daniel Akpa Akpro,miss,throw-in-set-piece,2524,21.5,54.6,0,0,61.3,56.9,,,
13981710,Hellas Verona,Kieron Bowie,block,assisted,1996,21.3,71.1,0,0,52.9,19.0,18.1,67.5,0.0
13981710,Genoa,Junior Messias,block,throw-in-set-piece,1947,24.1,51.3,0,0,46.6,19.0,12.0,52.3,0.0
13981710,Genoa,Junior Messias,block,assisted,878,27.8,37.8,0,0,48.9,19.0,20.5,43.5,0.0
13981710,Hellas Verona,Kieron Bowie,save,assisted,682,18.9,67.5,0,0,49.1,1.9,1.4,51.8,0.0
13981710,Genoa,Lorenzo Colombo,miss,throw-in-set-piece,560,10.9,42.6,0,0,60.0,19.4,2.3,42.1,0.0
13981710,Genoa,Caleb Ekuban,save,assisted,452,12.8,59.1,0,0,49.0,2.5,1.0,52.0,0.0
13981711,Bologna,Riccardo Orsolini,save,assisted,5045,4.9,66.8,0,0,46.5,26.6,0.7,55.1,0.0
13981711,Sassuolo,Armand Laurienté,miss,assisted,4846,25.3,73.0,0,0,36.8,81.9,,,
13981711,Bologna,Riccardo Orsolini,block,assisted,4394,24.8,63.6,0,0,52.6,19.0,10.1,54.0,0.0
13981711,Sassuolo,Armand Laurienté,block,fast-break,3915,14.1,77.1,0,0,49.2,19.0,12.9,74.9,0.0
13981711,Sassuolo,Cristian Volpato,save,assisted,3682,4.3,35.2,0,0,54.5,20.9,1.0,44.4,0.0
13981711,Sassuolo,Tarik Muharemović,miss,corner,3585,3.5,62.8,0,0,62.9,11.1,2.7,55.6,0.0
13981711,Sassuolo,Tarik Muharemović,block,corner,3584,2.9,64.2,0,0,49.3,19.0,1.6,58.3,0.0
13981711,Sassuolo,Armand Laurienté,miss,set-piece,3403,14.5,20.5,0,0,61.7,9.7,8.1,27.6,0.0
13981711,Bologna,Nikola Moro,miss,assisted,3186,29.0,28.6,0,0,41.0,26.4,,,
13981711,Sassuolo,Kristian Thorstvedt,miss,assisted,3058,14.0,35.1,0,0,57.8,44.4,,,
13981711,Bologna,Jens Odgaard,block,regular,3008,17.3,48.5,0,0,49.8,19.0,13.1,48.9,0.0
13981711,Bologna,Thijs Dallinga,block,assisted,2977,10.5,41.1,0,0,49.3,19.0,7.9,43.5,0.0
13981711,Bologna,Jens Odgaard,save,regular,2883,22.5,29.4,0,0,51.4,12.0,2.3,47.5,0.0
13981711,Bologna,Nicolò Cambiaghi,block,fast-break,2879,16.4,41.7,0,0,47.4,19.0,14.2,43.1,0.0
13981711,Bologna,Riccardo Orsolini,miss,assisted,2779,2.3,68.8,0,0,42.5,48.6,,,
13981711,Bologna,Riccardo Orsolini,miss,assisted,2610,10.1,54.2,0,0,57.8,20.8,,,
13981711,Bologna,Nikola Moro,miss,free-kick,2232,25.8,37.4,0,0,56.8,37.5,,,
13981711,Bologna,Nicolò Cambiaghi,miss,assisted,1068,28.4,38.7,0,0,56.5,15.3,,,
13981711,Bologna,Riccardo Orsolini,miss,assisted,890,19.2,72.0,0,0,42.0,6.9,,,
13981711,Bologna,Riccardo Orsolini,miss,assisted,787,15.4,71.4,0,0,99.5,5.6,15.1,0.5,0.0
13981711,Sassuolo,Armand Laurienté,save,regular,655,20.1,36.7,0,0,50.6,4.4,0.7,48.4,0.0
13981711,Sassuolo,Andrea Pinamonti,save,assisted,406,9.8,45.6,0,0,52.6,20.3,1.1,48.6,0.0
13981711,Bologna,Thijs Dallinga,goal,regular,311,14.8,42.7,0,0,45.9,7.0,,,
13981711,Bologna,Jens Odgaard,block,assisted,308,19.3,71.8,0,0,48.3,19.0,15.5,67.9,0.0
13981711,Bologna,Nicolò Cambiaghi,miss,assisted,142,15.7,27.0,0,0,60.3,55.6,,,
13981703,Como,Assane Diao,block,assisted,5360,3.3,40.7,0,0,52.0,19.0,2.3,43.0,0.0
13981703,Como,Lucas Da Cunha,post,assisted,5010,8.3,62.6,0,0,52.8,38.6,,,
13981703,Como,Diego Carlos,goal,corner,4683,4.6,52.8,0,0,53.3,15.8,,,
13981703,Como,Ivan Smolčić,save,corner,4681,13.5,65.4,0,0,50.6,0.6,1.6,52.2,0.0
13981703,Como,Assane Diao,save,set-piece,4635,13.0,68.3,0,0,49.7,29.7,2.0,54.5,0.0
13981703,Como,Martin Baturina,miss,assisted,4503,19.2,40.9,0,0,47.4,59.7,,,
13981703,Como,Lucas Da Cunha,miss,set-piece,4294,25.0,64.2,0,0,57.8,45.8,,,
13981703,Como,Maxence Caqueret,miss,set-piece,3927,25.0,44.0,0,0,59.5,9.7,,,
13981703,Como,Nico Paz,block,free-kick,3923,28.7,59.9,0,0,48.3,19.0,19.9,57.4,0.0
13981703,Como,Anastasios Douvikas,goal,assisted,3481,8.3,31.4,0,0,51.8,1.3,,,
13981703,Como,Ivan Smolčić,save,set-piece,3406,8.5,46.9,0,0,52.2,6.3,1.1,49.1,0.0
13981703,Como,Jacobo Ramón,block,corner,3285,11.3,53.1,0,0,49.9,19.0,9.8,52.7,0.0
13981703,Como,Nico Paz,miss,assisted,2732,14.5,59.8,0,0,47.6,52.8,,,
13981703,Como,Nico Paz,miss,free-kick,2674,29.9,50.2,0,0,49.1,51.4,,,
13981703,Roma,Donyell Malen,miss,assisted,2408,11.3,38.7,0,0,12.3,2.8,7.3,76.4,0.0
13981703,Como,Jacobo Ramón,post,assisted,2274,8.1,47.6,0,0,55.3,3.2,,,
13981703,Como,Ivan Smolčić,block,corner,1889,8.6,45.2,0,0,50.5,19.0,7.0,46.0,0.0
13981703,Como,Álex Valle,save,regular,1431,12.6,30.8,0,0,54.3,14.6,1.1,46.7,0.0
13981703,Roma,Bryan Cristante,block,assisted,1195,20.7,62.8,0,0,50.8,19.0,18.0,61.0,0.0
13981703,Como,Nico Paz,save,assisted,880,10.1,66.0,0,0,51.8,3.2,1.6,53.4,0.0
13981703,Como,Lucas Da Cunha,block,regular,634,15.2,51.5,0,0,50.9,19.0,13.7,51.3,0.0
13981703,Como,Álex Valle,block,regular,498,22.9,40.7,0,0,50.5,19.0,17.5,42.8,0.0
13981703,Roma,Donyell Malen,goal,penalty,413,11.5,50.0,0,0,52.3,1.3,,,
13981703,Como,Maxence Caqueret,block,corner,187,23.1,56.6,0,0,51.0,19.0,18.4,55.1,0.0
13981703,Como,Maxence Caqueret,block,corner,155,9.7,57.0,0,0,48.3,19.0,7.5,55.8,0.0
13981707,Milan,Ardon Jashari,miss,set-piece,5686,27.4,55.0,0,0,62.9,22.2,,,
13981707,Milan,Luka Modrić,block,assisted,5545,10.1,52.8,0,0,49.5,19.0,9.0,52.6,0.0
13981707,Milan,Koni De Winter,block,assisted,5174,15.0,62.0,0,0,49.2,19.0,12.3,60.0,0.0
13981707,Milan,Luka Modrić,miss,set-piece,4884,21.0,35.2,0,0,47.1,68.1,,,
13981707,Milan,Davide Bartesaghi,block,corner,4747,24.3,51.1,0,0,53.2,19.0,12.9,49.1,0.0
13981707,Lazio,Patric,miss,assisted,4580,25.4,45.6,0,0,63.2,8.3,8.5,40.4,0.0
13981707,Milan,Zachary Athekame,miss,regular,4232,14.7,56.6,0,0,36.1,33.3,,,
13981707,Milan,Luka Modrić,miss,assisted,3898,6.1,72.2,0,0,46.7,69.4,,,
13981707,Milan,Christian Pulišić,miss,assisted,3704,11.6,32.7,0,0,47.9,80.6,,,
13981707,Milan,Rafael Leão,save,assisted,3690,4.5,48.3,0,0,50.3,22.8,3.8,48.5,0.0
13981707,Lazio,Gustav Isaksen,block,assisted,3575,19.1,67.3,0,0,48.7,19.0,16.7,65.3,0.0
13981707,Milan,Youssouf Fofana,save,assisted,3065,8.6,46.0,0,0,51.6,19.6,1.1,49.5,0.0
13981707,Milan,Christian Pulišić,miss,assisted,3063,17.9,52.1,0,0,64.0,16.7,7.9,46.2,0.0
13981707,Milan,Christian Pulišić,save,assisted,3053,18.5,43.4,0,0,48.6,20.3,1.5,48.6,0.0
13981707,Milan,Christian Pulišić,block,assisted,2228,14.1,48.1,0,0,50.9,19.0,12.7,48.2,0.0
13981707,Lazio,Daniel Maldini,save,fast-break,2148,18.8,50.5,0,0,49.2,6.3,6.8,50.9,0.0
13981707,Milan,Rafael Leão,miss,assisted,2136,15.3,69.3,0,0,62.7,8.3,9.8,58.7,0.0
13981707,Lazio,Gustav Isaksen,goal,assisted,1557,5.4,64.6,0,0,53.3,12.7,,,
13981707,Lazio,Kenneth Taylor,post,fast-break,1442,7.0,29.5,0,0,52.7,41.1,,,
13981707,Milan,Pervis Estupiñán,miss,assisted,1368,8.9,45.2,0,0,40.2,25.0,,,
13981707,Lazio,Daniel Maldini,block,assisted,709,19.7,33.1,0,0,48.7,19.0,18.5,34.2,0.0
13981707,Milan,Strahinja Pavlović,block,regular,569,4.3,44.0,0,0,51.9,19.0,2.9,45.3,0.0
13981707,Milan,Christian Pulišić,block,regular,566,15.0,44.8,0,0,50.1,19.0,13.5,45.3,0.0
13981707,Lazio,Nuno Tavares,block,regular,51,24.4,40.3,0,0,49.7,19.0,23.0,40.9,0.0
13981704,Cremonese,Milan Đurić,miss,set-piece,5526,4.8,38.7,0,0,52.8,69.4,,,
13981704,Cremonese,David Okereke,save,regular,5302,7.9,42.3,0,0,53.6,3.2,0.90000000000001,47.1,0.0
13981704,Fiorentina,Nicolò Fagioli,miss,assisted,5132,15.3,54.0,0,0,76.3,9.7,,,
13981704,Cremonese,Alessio Zerbin,miss,corner,4948,24.6,54.8,0,0,40.0,12.5,,,
13981704,Cremonese,David Okereke,miss,assisted,4633,6.1,39.3,0,0,56.1,72.2,,,
13981704,Cremonese,Jari Vandeputte,miss,free-kick,4563,27.9,59.1,0,0,54.3,76.4,,,
13981704,Fiorentina,Albert Guðmundsson,goal,assisted,4144,12.4,42.4,0,0,47.1,19.0,,,
13981704,Cremonese,Alberto Grassi,miss,assisted,4079,8.2,43.6,0,0,46.7,66.7,,,
13981704,Fiorentina,Rolando Mandragora,miss,assisted,4036,27.2,62.6,0,0,41.8,1.4,,,
13981704,Cremonese,David Okereke,block,corner,3981,4.5,37.6,0,0,51.9,19.0,1.1,45.5,0.0
13981704,Cremonese,Milan Đurić,block,assisted,3938,9.7,48.5,0,0,53.4,12.5,8.8,48.4,0.0
13981704,Cremonese,Milan Đurić,miss,assisted,3887,11.1,54.4,0,0,37.6,22.2,,,
13981704,Fiorentina,Rolando Mandragora,save,corner,3606,18.8,72.6,0,0,52.9,26.6,0.7,51.6,0.0
13981704,Cremonese,David Okereke,goal,assisted,3406,9.2,48.1,0,0,52.3,7.0,,,
13981704,Fiorentina,Fabiano Parisi,save,regular,3367,21.8,69.1,0,0,51.0,7.0,1.2,53.4,0.0
13981704,Fiorentina,Marco Brescianini,block,assisted,3363,26.0,43.4,0,0,51.9,19.0,20.5,44.4,0.0
13981704,Cremonese,Alberto Grassi,miss,assisted,3234,12.9,44.4,0,0,61.0,22.2,,,
13981704,Fiorentina,Dodô,goal,fast-break,2895,9.6,59.1,0,0,51.0,3.8,,,
13981704,Cremonese,Tommaso Barbieri,miss,set-piece,2258,26.6,65.8,0,0,60.3,87.5,,,
13981704,Fiorentina,Roberto Piccoli,goal,assisted,1913,11.7,34.3,0,0,46.3,8.2,,,
13981704,Fiorentina,Fabiano Parisi,goal,assisted,1478,7.3,69.4,0,0,49.8,2.5,,,
13981704,Fiorentina,Fabiano Parisi,block,assisted,392,12.8,39.5,0,0,53.3,8.3,6.7,43.9,0.0
13981704,Fiorentina,Fabiano Parisi,block,assisted,387,8.5,53.6,0,0,51.5,19.0,6.7,52.5,0.0
13981704,Fiorentina,Fabiano Parisi,miss,set-piece,222,16.1,59.7,0,0,53.8,95.8,,,
13981704,Fiorentina,Luca Ranieri,block,set-piece,211,8.7,27.6,0,0,50.6,16.7,6.2,32.5,0.0
13981704,Cremonese,Federico Bonazzoli,save,corner,120,5.2,56.6,0,0,49.3,13.9,1.2,53.6,0.0
13981715,Inter,Francesco Pio Esposito,save,assisted,5657,12.5,49.6,0,0,46.8,7.6,1.1,49.5,0.0
13981715,Inter,Manuel Akanji,save,throw-in-set-piece,5465,9.9,48.7,0,0,51.0,4.4,0.90000000000001,50.4,0.0
13981715,Fiorentina,Nicolò Fagioli,miss,assisted,5281,21.5,56.8,0,0,65.9,56.9,,,
13981715,Fiorentina,Jack Harrison,miss,fast-break,4886,14.7,70.8,0,0,58.3,12.5,,,
13981715,Inter,Denzel Dumfries,block,assisted,4863,16.3,61.3,0,0,49.4,19.0,7.0,54.0,0.0
13981715,Inter,Davide Frattesi,block,assisted,4861,13.5,56.8,0,0,49.6,19.0,11.0,55.6,0.0
13981715,Fiorentina,Albert Guðmundsson,miss,assisted,4786,10.5,41.1,0,0,40.5,65.3,,,
13981715,Fiorentina,Cher Ndour,goal,regular,4582,5.5,51.9,0,0,48.2,1.9,,,
13981715,Fiorentina,Albert Guðmundsson,save,assisted,4580,9.4,26.2,0,0,47.1,0.6,1.5,45.7,0.0
13981715,Fiorentina,Nicolò Fagioli,miss,regular,4361,15.0,52.8,0,0,60.7,13.9,,,
13981715,Fiorentina,Cher Ndour,save,assisted,4228,19.5,32.7,0,0,46.8,3.2,1.5,47.7,0.0
13981715,Fiorentina,Albert Guðmundsson,block,assisted,3829,19.4,31.6,0,0,51.4,19.0,17.0,33.7,0.0
13981715,Inter,Yann Bisseck,block,set-piece,3695,14.6,55.7,0,0,52.6,19.0,10.6,53.4,0.0
13981715,Inter,Marcus Thuram,miss,corner,3496,9.5,50.8,0,0,38.5,27.8,,,
13981715,Inter,Piotr Zieliński,block,assisted,3141,25.4,54.2,0,0,48.5,19.0,21.6,53.8,0.0
13981715,Inter,Manuel Akanji,miss,corner,3014,8.2,54.4,0,0,57.6,80.6,,,
13981715,Fiorentina,Dodô,save,assisted,2860,18.1,73.6,0,0,51.0,20.3,1.9,51.4,0.0
13981715,Fiorentina,Nicolò Fagioli,block,assisted,2295,24.4,48.5,0,0,46.9,19.0,17.5,49.8,0.0
13981715,Inter,Federico Dimarco,block,assisted,1957,8.6,26.1,0,0,46.5,19.0,5.0,37.5,0.0
13981715,Fiorentina,Fabiano Parisi,save,assisted,1877,15.6,72.3,0,0,47.7,5.7,14.5,70.6,0.0
13981715,Fiorentina,Moise Kean,miss,assisted,1718,3.0,43.4,0,0,62.5,4.2,,,
13981715,Fiorentina,Marco Brescianini,miss,regular,1717,7.9,66.9,0,0,61.7,5.6,2.5,43.1,0.0
13981715,Fiorentina,Cher Ndour,block,regular,1277,25.4,69.1,0,0,47.7,19.0,20.1,64.4,0.0
13981715,Fiorentina,Albert Guðmundsson,miss,assisted,1241,7.9,55.0,0,0,60.5,2.8,,,
13981715,Inter,Francesco Pio Esposito,miss,assisted,1116,7.6,66.2,0,0,58.0,5.6,,,
13981715,Fiorentina,Moise Kean,save,assisted,909,18.4,33.6,0,0,47.7,20.3,1.1,48.4,0.0
13981715,Inter,Francesco Pio Esposito,save,regular,213,1.7,41.5,0,0,53.2,20.9,0.7,45.1,0.0
13981715,Inter,Francesco Pio Esposito,goal,throw-in-set-piece,39,4.8,56.2,0,0,51.8,0.6,,,
13981719,Juventus,Kenan Yıldız,miss,assisted,5708,7.1,30.3,0,0,51.6,65.3,,,
13981719,Sassuolo,Armand Laurienté,block,regular,5617,9.5,72.1,0,0,50.5,19.0,8.3,69.1,0.0
13981719,Juventus,Arkadiusz Milik,save,corner,5372,10.5,47.1,0,0,47.9,3.2,1.0,48.2,0.0
13981719,Juventus,Manuel Locatelli,save,penalty,5177,11.5,50.0,0,0,47.6,3.2,0.59999999999999,49.8,0.0
13981719,Juventus,Jérémie Boga,save,assisted,4350,2.0,38.8,0,0,53.5,2.5,0.5,45.8,0.0
13981719,Juventus,Manuel Locatelli,miss,assisted,4131,20.1,49.9,0,0,43.7,84.7,,,
13981719,Juventus,Jérémie Boga,miss,assisted,4000,12.3,34.4,0,0,40.8,84.7,,,
13981719,Juventus,Teun Koopmeiners,block,assisted,3942,14.6,45.2,0,0,49.9,19.0,12.7,45.8,0.0
13981719,Juventus,Jérémie Boga,save,assisted,3812,23.4,32.2,0,0,48.4,22.8,1.5,47.1,0.0
13981719,Sassuolo,Cristian Volpato,block,assisted,3510,13.7,73.7,0,0,50.2,19.0,9.4,66.2,0.0
13981719,Sassuolo,Andrea Pinamonti,goal,assisted,3077,8.6,52.3,0,0,47.5,3.8,,,
13981719,Juventus,Francisco Conceição,block,throw-in-set-piece,2775,4.2,62.2,0,0,45.8,19.0,3.2,60.3,0.0
13981719,Juventus,Pierre Kalulu,miss,assisted,2412,10.2,66.7,0,0,59.0,4.2,,,
13981719,Sassuolo,Darryl Bakola,block,assisted,1676,23.1,32.5,0,0,49.4,19.0,18.5,36.1,0.0
13981719,Sassuolo,Andrea Pinamonti,miss,corner,1544,3.6,43.2,0,0,50.3,50.0,,,
13981719,Sassuolo,Jay Idzes,miss,corner,1543,6.9,52.8,0,0,69.4,11.1,2.4,42.6,0.0
13981719,Juventus,Lloyd Kelly,miss,corner,1461,8.6,56.5,0,0,74.5,2.8,,,
13981719,Juventus,Kenan Yıldız,save,regular,1120,16.1,32.9,0,0,48.5,29.7,1.4,49.6,0.0
13981719,Juventus,Khéphren Thuram,save,assisted,980,15.0,38.3,0,0,53.5,21.5,3.2,47.5,0.0
13981719,Juventus,Francisco Conceição,block,fast-break,904,12.0,63.0,0,0,49.9,19.0,9.8,60.7,0.0
13981719,Juventus,Kenan Yıldız,goal,fast-break,797,16.5,51.4,0,0,45.9,1.9,,,
13981719,Sassuolo,Tarik Muharemović,block,corner,782,7.0,44.2,0,0,51.0,19.0,5.7,45.1,0.0
13981719,Juventus,Francisco Conceição,block,assisted,457,10.8,53.6,0,0,48.9,19.0,8.5,53.1,0.0
13981719,Juventus,Weston McKennie,miss,corner,169,7.9,52.8,0,0,68.7,19.4,5.9,48.4,0.0
13981719,Juventus,Manuel Locatelli,save,corner,146,10.8,54.8,0,0,47.5,24.7,1.0,51.1,0.0
13981718,Pisa,Henrik Wendel Meister,block,assisted,4994,18.4,33.8,0,0,47.6,19.0,16.3,35.9,0.0
13981718,Como,Máximo Perrone,goal,assisted,4806,4.8,53.0,0,0,49.0,4.4,,,
13981718,Como,Nico Paz,goal,assisted,4486,12.9,43.4,0,0,51.7,0.6,,,
13981718,Como,Álvaro Morata,miss,corner,4288,7.4,41.4,0,0,52.1,63.9,,,
13981718,Como,Nico Paz,block,fast-break,4135,23.7,54.6,0,0,50.5,19.0,15.8,52.9,0.0
13981718,Como,Diego Carlos,miss,corner,3891,10.1,53.8,0,0,60.0,47.2,,,
13981718,Pisa,Felipe Loyola,miss,fast-break,3272,45.9,52.6,0,0,38.7,29.2,2.8,60.7,0.0
13981718,Como,Martin Baturina,goal,regular,2847,15.2,57.1,0,0,53.8,2.5,,,
13981718,Pisa,Antonio Caracciolo,block,corner,2762,9.5,54.8,0,0,53.2,19.0,8.5,54.0,0.0
13981718,Pisa,Felipe Loyola,block,assisted,2728,12.6,57.5,0,0,47.6,19.0,8.8,56.0,0.0
13981718,Como,Diego Carlos,miss,corner,2638,12.1,47.4,0,0,40.7,22.2,,,
13981718,Como,Assane Diao,save,assisted,2598,15.0,68.7,0,0,46.3,1.3,1.8,52.2,0.0
13981718,Como,Nico Paz,save,corner,2036,9.5,56.2,0,0,50.6,29.1,0.7,51.3,0.0
13981718,Pisa,Felipe Loyola,block,set-piece,1903,15.7,40.9,0,0,51.3,19.0,14.1,41.7,0.0
13981718,Como,Anastasios Douvikas,goal,assisted,1733,6.7,50.7,0,0,46.9,8.9,,,
13981718,Como,Assane Diao,miss,assisted,1731,13.3,67.9,0,0,67.4,15.3,6.6,53.2,0.0
13981718,Pisa,Matteo Tramoni,miss,throw-in-set-piece,1523,13.0,36.2,0,0,48.6,79.2,,,
13981718,Como,Ignace Van der Brempt,miss,assisted,1325,14.8,74.4,0,0,70.8,5.6,7.3,54.3,0.0
13981718,Como,Jesús Rodriguez,miss,assisted,1081,8.5,55.0,0,0,90.8,4.2,6.2,25.4,0.0
13981718,Como,Assane Diao,goal,regular,386,9.5,35.0,0,0,47.9,1.3,,,
13981718,Pisa,Felipe Loyola,miss,regular,72,23.1,64.3,0,0,60.8,11.1,,,
13981713,Bologna,Nikola Moro,miss,assisted,5547,27.2,38.5,0,0,42.2,77.8,,,
13981713,Bologna,Martin Vitík,save,assisted,5522,8.2,74.6,0,0,52.2,19.0,0.5,49.5,0.0
13981713,Lazio,Matteo Cancellieri,block,assisted,5317,20.4,71.5,0,0,49.9,19.0,13.3,64.1,0.0
13981713,Bologna,Santiago Castro,miss,assisted,5009,11.0,48.8,0,0,52.4,77.8,,,
13981713,Lazio,Kenneth Taylor,goal,assisted,4887,4.9,32.3,0,0,53.0,1.3,,,
13981713,Lazio,Matteo Cancellieri,save,regular,4815,4.6,66.7,0,0,47.6,6.3,0.90000000000001,54.3,0.0
13981713,Bologna,Santiago Castro,miss,assisted,4617,8.6,46.8,0,0,77.1,6.9,4.7,35.4,0.0
13981713,Lazio,Kenneth Taylor,goal,regular,4287,12.2,43.7,0,0,54.0,3.8,,,
13981713,Lazio,Boulaye Dia,block,assisted,4285,21.5,38.7,0,0,51.8,19.0,18.0,40.2,0.0
13981713,Bologna,Benjamín Domínguez,block,assisted,4196,11.6,33.7,0,0,50.4,19.0,10.0,35.9,0.0
13981713,Bologna,Federico Bernardeschi,miss,assisted,4160,25.3,54.4,0,0,53.8,90.3,,,
13981713,Lazio,Gustav Isaksen,save,assisted,3574,15.9,69.0,0,0,51.6,11.4,1.4,51.1,0.0
13981713,Bologna,Riccardo Orsolini,save,assisted,3485,11.2,67.3,0,0,49.0,10.1,2.2,54.5,0.0
13981713,Bologna,Riccardo Orsolini,miss,assisted,3288,10.5,67.1,0,0,40.3,38.9,,,
13981713,Bologna,Riccardo Orsolini,save,penalty,3027,11.5,50.0,0,0,53.7,1.9,0.7,50.0,0.0
13981713,Lazio,Gustav Isaksen,block,assisted,2440,20.2,71.7,0,0,50.2,19.0,9.2,59.7,0.0
13981713,Bologna,Nikola Moro,miss,assisted,1895,21.0,58.7,0,0,56.0,84.7,,,
13981713,Bologna,Nikola Moro,post,assisted,1203,28.5,44.8,0,0,55.3,38.6,,,
13981713,Lazio,Daniel Maldini,miss,fast-break,1089,21.2,46.0,0,0,62.4,8.3,,,
13981713,Bologna,Riccardo Orsolini,save,corner,1070,12.4,46.1,0,0,50.8,0.6,9.9,46.6,0.0
13981713,Bologna,Riccardo Orsolini,miss,assisted,1015,10.7,65.4,0,0,63.2,9.7,7.1,53.1,0.0
13981713,Bologna,Riccardo Orsolini,block,regular,834,10.1,63.8,0,0,50.3,19.0,8.6,61.8,0.0
13981713,Lazio,Adam Marušić,save,assisted,529,4.9,54.0,0,0,49.2,6.3,2.8,52.9,0.0
13981713,Bologna,Federico Bernardeschi,miss,assisted,377,18.2,49.5,0,0,68.7,44.4,12.4,47.8,0.0
13981709,Hellas Verona,Rafik Belghali,miss,assisted,5458,11.1,41.3,0,0,33.0,19.0,10.4,43.5,0.0
13981709,Hellas Verona,Tomáš Suslov,miss,throw-in-set-piece,4851,20.1,29.3,0,0,31.4,4.2,11.8,44.0,0.0
13981709,Hellas Verona,Gift Orban,save,assisted,4782,18.9,49.2,0,0,47.8,20.9,1.4,50.0,0.0
13981709,Hellas Verona,Gift Orban,miss,throw-in-set-piece,4613,9.3,61.8,0,0,42.9,36.1,,,
13981709,Hellas Verona,Mutassim Al-Musrati,miss,regular,4308,26.5,36.6,0,0,57.0,5.6,,,
13981709,Hellas Verona,Nicolás Valentini,miss,assisted,3616,25.2,28.4,0,0,37.0,9.7,19.0,39.5,0.0
13981709,Atalanta,Davide Zappacosta,miss,assisted,3557,13.5,67.9,0,0,41.7,4.2,,,
13981709,Hellas Verona,Abdou Harroui,miss,regular,3422,16.7,57.0,0,0,49.4,93.1,,,
13981709,Atalanta,Nikola Krstović,post,fast-break,3326,19.3,49.0,0,0,46.2,40.5,,,
13981709,Atalanta,Davide Zappacosta,miss,assisted,3235,8.8,71.8,0,0,99.7,6.9,5.5,0.0,0.0
13981709,Hellas Verona,Nicolás Valentini,save,corner,2942,10.1,49.3,0,0,50.2,17.1,1.2,49.6,0.0
13981709,Hellas Verona,Kieron Bowie,save,assisted,2866,8.2,48.7,0,0,47.8,22.8,1.4,49.5,0.0
13981709,Hellas Verona,Kieron Bowie,block,assisted,2726,8.6,37.5,0,0,52.1,19.0,7.2,39.2,0.0
13981709,Atalanta,Davide Zappacosta,goal,regular,2208,19.1,69.6,0,0,53.3,1.3,,,
13981709,Atalanta,Berat Djimsiti,miss,set-piece,2088,9.7,40.6,0,0,55.8,75.0,,,
13981709,Hellas Verona,Gift Orban,block,assisted,1435,21.3,38.5,0,0,50.4,19.0,17.6,40.4,0.0
13981709,Atalanta,Giorgio Scalvini,miss,regular,1386,23.5,52.6,0,0,47.4,73.6,,,
13981709,Atalanta,Nikola Krstović,miss,throw-in-set-piece,1152,11.5,48.1,0,0,30.8,12.5,,,
13981709,Atalanta,Nicola Zalewski,block,free-kick,1131,22.2,34.0,0,0,49.6,19.0,14.5,39.7,0.0
13981709,Atalanta,Éderson,save,fast-break,945,3.9,41.7,0,0,51.1,19.0,2.6,44.2,0.0
13981709,Atalanta,Nikola Krstović,save,set-piece,835,7.4,42.7,0,0,47.8,19.0,1.0,50.0,0.0
13981709,Hellas Verona,Gift Orban,miss,assisted,710,31.6,40.9,0,0,60.0,16.7,,,
13981709,Atalanta,Nicola Zalewski,miss,regular,380,14.8,43.8,0,0,38.2,2.8,,,
13981722,Roma,Antonio Arena,block,assisted,5397,17.9,49.8,0,0,47.0,19.0,13.7,50.5,0.0
13981722,Roma,Mario Hermoso,miss,corner,5056,10.0,48.6,0,0,28.9,22.2,6.8,59.6,0.0
13981722,Roma,Bryan Cristante,miss,corner,5024,8.9,41.4,0,0,29.1,8.3,7.0,48.2,0.0
13981722,Roma,Robinio Vaz,miss,corner,4694,9.1,58.2,0,0,49.1,87.5,,,
13981722,Roma,Antonio Arena,block,fast-break,4648,11.3,34.2,0,0,52.4,19.0,9.6,36.3,0.0
13981722,Lecce,Walid Cheddira,block,assisted,4363,17.3,44.4,0,0,48.0,19.0,15.7,45.1,0.0
13981722,Lecce,Santiago Pierotti,save,regular,4358,6.4,51.9,0,0,48.2,19.0,1.6,51.8,0.0
13981722,Lecce,Konan N'Dri,save,assisted,4356,3.0,36.2,0,0,48.8,1.9,1.1,43.5,0.0
13981722,Lecce,Sadik Fofana,miss,assisted,4274,11.7,34.8,0,0,59.8,22.2,,,
13981722,Roma,Donyell Malen,block,fast-break,3766,8.6,33.3,0,0,48.1,19.0,7.5,35.7,0.0
13981722,Roma,Robinio Vaz,goal,assisted,3372,3.0,59.3,0,0,47.1,6.3,,,
13981722,Roma,Bryan Cristante,block,set-piece,3295,8.8,67.3,0,0,48.4,19.0,7.6,65.2,0.0
13981722,Lecce,Tiago Gabriel,miss,corner,2860,3.4,52.7,0,0,50.6,72.2,,,
13981722,Lecce,Oumar Ngom,save,assisted,2821,33.1,50.5,0,0,52.6,10.1,1.9,50.2,0.0
13981722,Roma,Konstantinos Tsimikas,block,regular,2025,25.0,39.5,0,0,52.0,19.0,18.0,41.9,0.0
13981722,Lecce,Nikola Štulić,block,fast-break,1750,16.7,30.6,0,0,49.6,19.0,15.3,32.3,0.0
13981722,Roma,Evan Ndicka,miss,corner,1690,7.8,48.8,0,0,50.8,63.9,,,
13981722,Roma,Lorenzo Pellegrini,save,assisted,1149,14.3,69.7,0,0,49.0,3.8,1.0,53.4,0.0
13981722,Roma,Donyell Malen,miss,assisted,630,10.8,65.4,0,0,45.4,56.9,,,
13981722,Lecce,Ylber Ramadani,miss,regular,514,26.5,54.4,0,0,57.8,72.2,,,
13981722,Roma,Donyell Malen,miss,corner,266,7.1,38.0,0,0,39.8,69.4,,,
13981722,Roma,Bryan Cristante,miss,corner,263,4.8,60.1,0,0,98.0,11.1,4.4,48.9,0.0
13981717,Cagliari,Paul Mendy,miss,fast-break,5635,21.6,68.3,0,0,39.2,20.8,,,
13981717,Napoli,Scott McTominay,block,assisted,4704,23.2,71.4,0,0,49.5,19.0,16.7,65.5,0.0
13981717,Napoli,Kevin De Bruyne,miss,assisted,4525,24.2,40.5,0,0,39.7,75.0,,,
13981717,Cagliari,Paul Mendy,miss,assisted,4406,12.7,43.0,0,0,64.0,19.4,,,
13981717,Cagliari,Sebastiano Esposito,miss,corner,3962,7.4,71.4,0,0,42.0,51.4,,,
13981717,Napoli,Scott McTominay,miss,set-piece,3676,8.2,49.0,0,0,61.2,65.3,,,
13981717,Napoli,Kevin De Bruyne,block,regular,3536,20.0,61.5,0,0,46.9,22.2,18.5,61.0,0.0
13981717,Napoli,Kevin De Bruyne,block,assisted,3535,20.0,55.6,0,0,48.3,19.0,15.4,54.7,0.0
13981717,Cagliari,Gianluca Gaetano,miss,set-piece,3459,21.4,48.6,0,0,41.5,2.8,,,
13981717,Napoli,Matteo Politano,save,assisted,3351,3.4,60.1,0,0,50.0,2.5,1.9,57.8,0.0
13981717,Napoli,Scott McTominay,block,regular,3345,9.7,71.6,0,0,51.9,19.0,7.9,67.2,0.0
13981717,Napoli,Matteo Politano,miss,assisted,3217,14.0,73.3,0,0,65.7,20.8,,,
13981717,Napoli,Kevin De Bruyne,save,assisted,3111,22.2,61.7,0,0,47.5,8.2,1.8,52.0,0.0
13981717,Napoli,Billy Gilmour,block,corner,2508,11.3,67.5,0,0,50.1,19.0,7.6,61.7,0.0
13981717,Napoli,Scott McTominay,block,assisted,2467,20.4,33.1,0,0,51.6,19.0,17.6,35.2,0.0
13981717,Cagliari,Sebastiano Esposito,miss,fast-break,1236,59.1,77.9,0,0,68.7,5.6,13.3,44.4,0.0
13981717,Cagliari,Sebastiano Esposito,miss,regular,1143,9.4,73.0,0,0,69.9,8.3,,,
13981717,Cagliari,Michael Folorunsho,miss,set-piece,1058,8.6,49.1,0,0,64.0,15.3,2.9,42.4,0.0
13981717,Napoli,Scott McTominay,block,corner,899,5.6,51.0,0,0,50.7,19.0,4.1,50.5,0.0
13981717,Napoli,Rasmus Højlund,block,assisted,865,25.8,55.2,0,0,51.5,19.0,17.6,53.1,0.0
13981717,Napoli,Scott McTominay,miss,regular,448,22.2,58.0,0,0,62.2,6.9,,,
13981717,Napoli,Matteo Politano,save,free-kick,311,20.2,73.6,0,0,47.5,21.5,2.0,51.4,0.0
13981717,Napoli,Scott McTominay,goal,corner,74,1.0,48.3,0,0,51.0,5.1,,,
13981717,Napoli,Alessandro Buongiorno,save,corner,73,3.9,40.2,0,0,52.6,8.9,1.1,45.3,0.0
13981721,Parma,Hans Nicolussi Caviglia,block,assisted,5614,22.2,47.4,0,0,50.8,19.0,19.2,47.7,0.0
13981721,Cremonese,Alberto Grassi,miss,regular,5573,42.4,34.6,0,0,25.5,6.9,8.1,72.6,0.0
13981721,Parma,Nahuel Estévez,block,assisted,5269,29.3,43.3,0,0,49.8,19.0,24.6,44.4,0.0
13981721,Parma,Hans Nicolussi Caviglia,block,regular,5033,10.1,62.9,0,0,48.8,19.0,5.5,57.6,0.0
13981721,Parma,Gabriel Strefezza,miss,assisted,4752,25.3,27.3,0,0,31.9,61.1,,,
13981721,Cremonese,Youssef Maleh,miss,regular,4605,29.7,51.9,0,0,36.5,1.4,,,
13981721,Cremonese,Jari Vandeputte,goal,fast-break,4037,11.9,44.7,0,0,46.8,8.2,,,
13981721,Parma,Mateo Pellegrino,miss,set-piece,3392,12.6,49.6,0,0,65.2,13.9,,,
13981721,Cremonese,Youssef Maleh,goal,regular,3191,27.2,42.3,0,0,46.8,7.0,,,
13981721,Cremonese,Antonio Sanabria,block,assisted,3187,11.8,57.6,0,0,50.0,19.0,9.8,56.3,0.0
13981721,Parma,Jacob Ondrejka,save,assisted,2790,21.5,53.0,0,0,53.5,1.3,2.8,51.3,0.0
13981721,Parma,Mariano Troilo,miss,set-piece,2632,11.0,47.2,0,0,55.3,69.4,,,
13981721,Cremonese,Federico Bonazzoli,save,assisted,1775,9.4,41.5,0,0,49.6,19.0,1.2,48.9,0.0
13981721,Parma,Mateo Pellegrino,miss,regular,1569,22.5,49.7,0,0,57.3,5.6,,,
13981721,Cremonese,Jari Vandeputte,save,fast-break,327,5.7,31.5,0,0,54.2,14.6,0.7,45.8,0.0
13981716,Genoa,Alexsandro Amorim,block,assisted,5836,19.8,45.2,0,0,51.0,19.0,17.3,45.7,0.0
13981716,Udinese,Keinan Davis,goal,regular,5718,9.8,40.1,0,0,47.0,11.4,,,
13981716,Udinese,Nicolò Zaniolo,save,fast-break,5532,19.7,71.1,0,0,48.4,8.9,1.4,52.2,0.0
13981716,Genoa,Brooke Norton-Cuffy,block,assisted,5454,14.2,40.5,0,0,54.3,2.8,11.9,41.3,0.0
13981716,Udinese,Jakub Piotrowski,block,fast-break,5316,12.6,53.6,0,0,49.7,19.0,10.6,53.1,0.0
13981716,Genoa,Ruslan Malinovskyi,block,regular,4944,23.7,49.1,0,0,45.3,19.0,11.5,52.0,0.0
13981716,Genoa,Brooke Norton-Cuffy,save,assisted,4796,18.2,34.0,0,0,50.0,30.4,1.4,48.7,0.0
13981716,Genoa,Mikael Ellertsson,miss,assisted,4692,11.5,66.1,0,0,63.0,6.9,4.9,50.7,0.0
13981716,Genoa,Mikael Ellertsson,miss,throw-in-set-piece,4589,15.1,68.1,0,0,48.2,88.9,,,
13981716,Udinese,Jürgen Ekkelenkamp,goal,assisted,3901,7.3,51.3,0,0,49.9,17.1,,,
13981716,Genoa,Johan Vásquez,miss,set-piece,3469,10.8,63.8,0,0,64.7,19.4,,,
13981716,Genoa,Junior Messias,save,assisted,2787,18.5,74.6,0,0,51.3,27.8,1.5,52.9,0.0
13981716,Udinese,Christian Kabasele,miss,corner,2626,6.4,40.9,0,0,58.3,41.7,,,
13981716,Genoa,Ruslan Malinovskyi,miss,assisted,2525,26.6,36.8,0,0,63.2,45.8,,,
13981716,Genoa,Vitinha,block,corner,2455,13.6,62.4,0,0,49.2,19.0,11.8,60.8,0.0
13981716,Genoa,Vitinha,block,regular,2417,17.2,39.5,0,0,50.9,19.0,14.9,40.8,0.0
13981716,Udinese,Nicolò Zaniolo,save,assisted,2330,26.0,48.9,0,0,52.4,22.2,1.8,49.8,0.0
13981716,Genoa,Ruslan Malinovskyi,miss,assisted,2267,25.9,69.3,0,0,41.5,5.6,,,
13981716,Genoa,Lorenzo Colombo,post,assisted,2186,10.2,25.6,0,0,48.1,39.9,,,
13981716,Genoa,Lorenzo Colombo,miss,corner,2059,1.8,43.2,0,0,0.3,4.2,0.7,100.0,0.0
13981716,Genoa,Vitinha,miss,assisted,1594,17.8,42.1,0,0,58.0,20.8,,,
13981716,Genoa,Ruslan Malinovskyi,post,free-kick,1498,14.2,87.7,0,0,53.8,39.9,,,
13981716,Genoa,Mikael Ellertsson,miss,assisted,463,10.2,54.1,0,0,47.1,79.2,,,
13981716,Genoa,Ruslan Malinovskyi,miss,assisted,392,28.4,58.7,0,0,58.5,72.2,,,
13981724,Milan,Samuele Ricci,block,fast-break,5649,13.2,61.5,0,0,49.3,19.0,10.8,59.6,0.0
13981724,Milan,Davide Bartesaghi,miss,assisted,5363,2.3,34.0,0,0,56.0,18.1,,,
13981724,Torino,Giovanni Simeone,miss,corner,5241,5.4,41.8,0,0,18.0,4.2,4.5,50.2,0.0
13981724,Milan,Alexis Saelemaekers,save,regular,5044,19.2,59.1,0,0,53.7,15.8,2.8,52.0,0.0
13981724,Torino,Nikola Vlašić,goal,penalty,4975,11.5,50.0,0,0,46.7,25.3,,,
13981724,Torino,Giovanni Simeone,block,assisted,4634,13.6,47.2,0,0,50.7,19.0,8.4,48.0,0.0
13981724,Torino,Nikola Vlašić,miss,assisted,4569,12.8,37.2,0,0,38.2,2.8,7.1,47.1,0.0
13981724,Torino,Emirhan İlkhan,miss,assisted,4085,25.3,57.9,0,0,43.2,68.1,,,
13981724,Torino,Giovanni Simeone,save,throw-in-set-piece,4017,10.7,48.5,0,0,51.9,3.2,1.8,49.3,0.0
13981724,Torino,Emirhan İlkhan,miss,assisted,3972,24.8,35.0,0,0,0.5,4.2,2.2,100.0,0.0
13981724,Milan,Alexis Saelemaekers,block,assisted,3657,20.1,66.2,0,0,49.7,19.0,18.7,65.1,0.0
13981724,Milan,Niclas Füllkrug,save,assisted,3559,8.9,57.3,0,0,47.6,20.3,1.6,51.6,0.0
13981724,Milan,Youssouf Fofana,goal,assisted,3301,12.6,55.5,0,0,46.4,20.9,,,
13981724,Milan,Adrien Rabiot,goal,assisted,3185,4.3,47.4,0,0,51.2,13.3,,,
13981724,Milan,Davide Bartesaghi,miss,regular,2943,19.8,36.6,0,0,64.0,18.1,12.3,38.1,0.0
13981724,Milan,Zachary Athekame,block,assisted,2942,18.2,65.6,0,0,48.4,19.0,16.7,64.4,0.0
13981724,Milan,Christian Pulišić,block,assisted,2784,8.8,60.7,0,0,48.8,19.0,7.5,59.3,0.0
13981724,Torino,Giovanni Simeone,goal,regular,2629,3.2,57.3,0,0,50.5,22.8,,,
13981724,Torino,Nikola Vlašić,save,assisted,2627,22.6,58.9,0,0,46.6,1.9,1.4,50.2,0.0
13981724,Torino,Matteo Prati,miss,assisted,2506,24.1,60.9,0,0,60.7,8.3,,,
13981724,Torino,Duván Zapata,save,assisted,2254,10.5,35.4,0,0,51.9,2.5,2.0,46.7,0.0
13981724,Milan,Strahinja Pavlović,goal,regular,2160,25.4,37.0,0,0,51.2,15.8,,,
13981724,Milan,Adrien Rabiot,save,assisted,2128,24.4,58.9,0,0,47.6,22.8,1.4,50.0,0.0
13981724,Milan,Niclas Füllkrug,block,set-piece,1892,12.0,61.5,0,0,51.8,19.0,11.0,60.4,0.0
13981724,Torino,Gvidas Gineitis,save,assisted,1730,26.0,41.7,0,0,48.7,6.3,1.6,48.7,0.0
13981724,Milan,Davide Bartesaghi,block,assisted,1336,12.8,33.1,0,0,51.9,19.0,11.2,35.0,0.0
13981724,Torino,Giovanni Simeone,miss,corner,885,7.1,37.4,0,0,1.2,5.6,5.8,44.9,0.0
13981724,Torino,Ardian Ismajli,save,corner,848,8.6,45.8,0,0,52.3,33.5,0.90000000000001,50.9,0.0
13981724,Torino,Nikola Vlašić,block,assisted,809,16.3,64.8,0,0,49.7,19.0,13.3,62.1,0.0
13981724,Torino,Nikola Vlašić,miss,regular,729,5.2,53.0,0,0,62.7,11.1,,,
13981724,Torino,Giovanni Simeone,miss,corner,693,6.3,40.5,0,0,51.6,70.8,,,
13981724,Torino,Matteo Prati,miss,assisted,587,17.3,62.4,0,0,56.0,75.0,,,
13981724,Milan,Strahinja Pavlović,miss,corner,345,7.4,53.0,0,0,33.8,16.7,,,
13981724,Torino,Gvidas Gineitis,block,assisted,133,10.4,26.6,0,0,51.1,19.0,7.5,32.9,0.0
